case_id,labeling_order,first_customer_message,conversation,candidate_intent,candidate_cluster_id,candidate_cluster_name,runner_up_cluster_id,runner_up_cluster_name,runner_up_intent,cluster_margin,auto_resolution_type,auto_resolved,auto_dm_redirect,auto_resolution_outcome,auto_resolution_summary,turn_count,length_bucket,first_timestamp,customer_id,conversation_id,group_id,source_tweet_ids,source_split,sampling_stratum,selection_reason,stratum_quota,stratum_allocated,stratum_eligible,stratum_selected,stratum_weight,sampling_seed,human_intent,human_resolution_type,human_resolved,human_escalation_signal,human_notes
case_1130049,1,You do not want to miss out on this GREAT opportunity w/ @VirginTrains ! Lead Talent Partner based in York! #HRJobs https://t.co/gmorX41mOd,"[CUSTOMER 1130049] You do not want to miss out on this GREAT opportunity w/ @VirginTrains ! Lead Talent Partner based in York! #HRJobs https://t.co/gmorX41mOd
[AGENT 1130048] @386337 With @120576 that would be 😃 ^MW",praise_positive_feedback,8,praise_positive_feedback,0,chitchat_non_support,chitchat_non_support,0.0052,information_provided,False,False,agent_answered_unconfirmed,"Type: information_provided. Outcome: agent_answered_unconfirmed. Brand agent turns: 1. Signals seen: information_provided. Evidence: [tweet 1130048, information_provided] ""With @120576 that would be 😃""",2,short_1-2,2017-10-24 11:33:55+00:00,386337,conv_1130049,case_1130049,"[1130049, 1130048]",golden_pool_reserve,praise_positive_feedback,diverse_coverage,8,8,124,8,15.5,42,delay_repay_refund_claim,compensation,yes,legal_media_or_ombudsman_threat,
case_1387840,2,@VirginTrains  can't fault the service these days....frigging sauna in carriage A en route to London Euston! #airconrequired #dontfart,"[CUSTOMER 1387840] @VirginTrains can't fault the service these days....frigging sauna in carriage A en route to London Euston! #airconrequired #dontfart
[AGENT 1387839] @442911 If you speak to the onboard team they'd look to alter this for you ^CB",seat_reservation_issue,6,seat_reservation_issue,8,praise_positive_feedback,praise_positive_feedback,0.0187,information_provided,False,False,agent_answered_unconfirmed,"Type: information_provided. Outcome: agent_answered_unconfirmed. Brand agent turns: 1. Signals seen: information_provided. Evidence: [tweet 1387839, information_provided] ""If you speak to the onboard team they'd look to alter this for you""",2,short_1-2,2017-10-28 10:04:22+00:00,442911,conv_1387840,case_1387840,"[1387840, 1387839]",golden_pool_reserve,seat_reservation_issue,low_margin_boundary,20,20,84,20,4.2,42,,,,,
case_2469339,3,"@VirginTrains I submitted a delay repay claim for my journey in 5 Nov and received your automated email on 6 Nov, when can I expect to hear from you?","[CUSTOMER 2469339] @VirginTrains I submitted a delay repay claim for my journey in 5 Nov and received your automated email on 6 Nov, when can I expect to hear from you?
[AGENT 2469338] @639919 It can take up to 28 days for a full response to be issued ^CB",delay_repay_refund_claim,3,delay_repay_refund_claim,2,delay_in_progress_report,service_status_delay_enquiry,0.1578,information_provided,False,False,agent_answered_unconfirmed,"Type: information_provided. Outcome: agent_answered_unconfirmed. Brand agent turns: 1. Signals seen: information_provided. Evidence: [tweet 2469338, information_provided] ""It can take up to 28 days for a full response to be issued""",2,short_1-2,2017-11-15 10:05:44+00:00,639919,conv_2469339,case_2184944,"[2469339, 2469338]",golden_pool_reserve,delay_repay_refund_claim,diverse_coverage,22,22,78,22,3.5455,42,,,,,
case_2384958,4,@VirginTrains How many coaches will there be on 9S70 EUS - EDB and 9S77 EUS - GLC today please?,"[CUSTOMER 2384958] @VirginTrains How many coaches will there be on 9S70 EUS - EDB and 9S77 EUS - GLC today please?
[AGENT 2384956] @243044 10 carriages on both ^LC
[CUSTOMER 2384957] @VirginTrains Great, thanks 🚊",chitchat_non_support,0,chitchat_non_support,2,delay_in_progress_report,service_status_delay_enquiry,0.0045,other,True,False,customer_confirmed,"Type: other. Outcome: customer_confirmed. Brand agent turns: 1. Signals seen: other. Evidence: [tweet 2384956, other] ""10 carriages on both""",3,medium_3-4,2017-10-20 09:03:19+00:00,243044,conv_2384958,case_2384958,"[2384958, 2384956, 2384957]",golden_pool_reserve,chitchat_non_support,low_margin_boundary,24,24,106,24,4.4167,42,,,,,
case_1645235,5,"@VirginTrains the team at Euston were pretty good on balance; however one guy was awful. Not to me, but to one of the other passengers.","[CUSTOMER 1645235] @VirginTrains the team at Euston were pretty good on balance; however one guy was awful. Not to me, but to one of the other passengers.
[AGENT 1645234] @502743 Hi, Sauj, this is not what we like to hear. Please use this link: https://t.co/nYLtD42Xps to make a formal complaint. ^PH",seat_reservation_issue,6,seat_reservation_issue,5,journey_disruption_complaint,journey_disruption_complaint,0.0104,self_service,False,False,redirected_to_channel,"Type: self_service. Outcome: redirected_to_channel. Brand agent turns: 1. Signals seen: self_service. Evidence: [tweet 1645234, self_service] ""Please use this link: https://t.co/nYLtD42Xps to make a formal complaint.""",2,short_1-2,2017-11-06 01:37:13+00:00,502743,conv_1645235,case_1645235,"[1645235, 1645234]",golden_pool_reserve,seat_reservation_issue,diverse_coverage,20,20,84,20,4.2,42,,,,,
case_2401054,6,"@VirginTrains really not appreciating the service in the West Coast line. It’s always take, never give with you guys.","[CUSTOMER 2401054] @VirginTrains really not appreciating the service in the West Coast line. It’s always take, never give with you guys.
[AGENT 2401052] @690830 What's happened? ^MW
[CUSTOMER 2401053] @VirginTrains A series of things lately. As a regular user not great. Is flying really going to be a better option going forwards?
[CUSTOMER 2401051] @VirginTrains Shall we take this to DM?
[AGENT 2401050] @690830 Can do yes ^MW https://t.co/hhfk9c3ylv",customer_service_complaint,7,customer_service_complaint,0,chitchat_non_support,chitchat_non_support,0.0686,self_service,False,False,redirected_to_channel,"Type: self_service. Outcome: redirected_to_channel. Brand agent turns: 2. Signals seen: self_service, clarification_requested. Evidence: [tweet 2401050, self_service] ""Can do yes ^MW https://t.co/hhfk9c3ylv""",5,long_5-8,2017-10-20 12:44:56+00:00,690830,conv_2401054,case_2401054,"[2401054, 2401052, 2401053, 2401051, 2401050]",golden_pool_reserve,customer_service_complaint,diverse_coverage,24,24,84,24,3.5,42,,,,,
case_1611232,7,"Been stuck at Watford Junction over an hour and half @LondonMidland, how much longer do I have to wait? @VirginTrains @115793","[CUSTOMER 1611232] Been stuck at Watford Junction over an hour and half @LondonMidland, how much longer do I have to wait? @VirginTrains @115793
[OTHER-AGENT 1611233] @494533 @VirginTrains @115793 Where are you heading?
[CUSTOMER 1611368] @LondonMidland @VirginTrains @115793 I'm heading back to Macclesfield
[AGENT 1611231] @494533 @LondonMidland @115793 So sorry for your experience, Carissa, we hope to have you on the move shortly ^HP
[CUSTOMER 1611230] @VirginTrains @LondonMidland @115793 How long is shortly? I need to get back to Macclesfield.
[AGENT 1611228] @494533 @LondonMidland @115793 We are awaiting further updates but you can check our Live Updates here: https://t.co/NGZTHOZj8J
[CUSTOMER 1611229] @VirginTrains @LondonMidland @115793 We've been redirected to a coach to Milton Keynes after a long two hour wait at the station",service_status_delay_enquiry,2,delay_in_progress_report,9,service_status_update_request,service_status_delay_enquiry,0.0209,self_service,False,False,customer_followup_unanswered,"Type: self_service. Outcome: customer_followup_unanswered. Brand agent turns: 2. Signals seen: self_service, information_provided. Evidence: [tweet 1611228, self_service] ""We are awaiting further updates but you can check our Live Updates here: https://t.co/NGZTHOZj8J""",7,long_5-8,2017-11-05 11:45:00+00:00,494533,conv_1611232,case_1611232,"[1611232, 1611233, 1611368, 1611231, 1611230, 1611228, 1611229]",golden_pool_reserve,service_status_delay_enquiry,low_margin_boundary,30,31,253,31,8.1613,42,,,,,
case_539568,8,@VirginTrains I am due to catch the 16.43 from Euston to Birmingham New Street is that train running as I can’t see it listed,"[CUSTOMER 539568] @VirginTrains I am due to catch the 16.43 from Euston to Birmingham New Street is that train running as I can’t see it listed
[AGENT 539567] @245129 This service is expected to run ^MM
[CUSTOMER 539566] @VirginTrains Thank you what does ^MM mean?
[AGENT 539564] @245129 These are my initials, Louise ^MM
[CUSTOMER 539565] @VirginTrains Oh never thought of that thought it was some code thank you 😊",service_status_delay_enquiry,1,service_running_enquiry,9,service_status_update_request,service_status_delay_enquiry,0.174,information_provided,False,False,customer_followup_unanswered,"Type: information_provided. Outcome: customer_followup_unanswered. Brand agent turns: 2. Signals seen: information_provided, other. Evidence: [tweet 539567, information_provided] ""This service is expected to run""",5,long_5-8,2017-12-02 14:21:22+00:00,245129,conv_539568,case_539568,"[539568, 539567, 539566, 539564, 539565]",golden_pool_reserve,service_status_delay_enquiry,diverse_coverage,30,31,253,31,8.1613,42,,,,,
case_482906,9,@VirginTrains I’m meant to be travelling from Chester to London on the 15th December at half 4 and the website says you will not be serving Chester on this day. What is going on instead?,"[CUSTOMER 482906] @VirginTrains I’m meant to be travelling from Chester to London on the 15th December at half 4 and the website says you will not be serving Chester on this day. What is going on instead?
[AGENT 482904] @229855 Apologies Jamie, please keep an eye on our website as we will provide further updates on alternative travel arrangements ^HP
[CUSTOMER 482905] @VirginTrains Thank you for the quick response. It’s ok. I’ve made alternative arrangements of my own. How would I go about claiming a refund please?",service_status_delay_enquiry,2,delay_in_progress_report,9,service_status_update_request,service_status_delay_enquiry,0.0273,self_service,True,False,customer_confirmed,"Type: self_service. Outcome: customer_confirmed. Brand agent turns: 1. Signals seen: self_service. Evidence: [tweet 482904, self_service] ""Apologies Jamie, please keep an eye on our website as we will provide further updates on alternative travel arrangements""",3,medium_3-4,2017-12-01 13:54:14+00:00,229855,conv_482906,case_482906,"[482906, 482904, 482905]",golden_pool_reserve,service_status_delay_enquiry,low_margin_boundary,30,31,253,31,8.1613,42,,,,,
case_558860,10,@250609 @VirginTrains Hahahahaha,[CUSTOMER 558860] @250609 @VirginTrains Hahahahaha,unclear_or_media_only,-1,unclear_or_media_only,-1,unclear_or_media_only,unclear_or_media_only,0.0518,unresolved,False,False,no_response,Brand never replied in the public thread (outcome: no_response).,1,short_1-2,2017-12-02 22:08:38+00:00,250611,conv_558859,case_558857,[558860],golden_pool_reserve,unclear_or_media_only,all_eligible,14,12,12,12,1.0,42,,,,,
case_1303135,11,@VirginTrains time to think about #plasticwaste on trains. Most items in photo will be around for 100 years+. Time for tea in a mug? https://t.co/foqBkHVTm7,"[CUSTOMER 1303135] @VirginTrains time to think about #plasticwaste on trains. Most items in photo will be around for 100 years+. Time for tea in a mug? https://t.co/foqBkHVTm7
[AGENT 1303134] @424527 Good morning Phil. We will be sure to pass your feedback onto the relevant team. ^BT",journey_disruption_complaint,5,journey_disruption_complaint,0,chitchat_non_support,chitchat_non_support,0.0104,feedback_acknowledged,False,False,agent_answered_unconfirmed,"Type: feedback_acknowledged. Outcome: agent_answered_unconfirmed. Brand agent turns: 1. Signals seen: feedback_acknowledged. Evidence: [tweet 1303134, feedback_acknowledged] ""We will be sure to pass your feedback onto the relevant team.""",2,short_1-2,2017-10-16 09:50:33+00:00,424527,conv_1303135,case_1303135,"[1303135, 1303134]",golden_pool_reserve,journey_disruption_complaint,low_margin_boundary,28,29,170,29,5.8621,42,,,,,
case_115458,12,@VirginTrains Hi! Is the Black Friday sale only for tickets between 18th Dec and 14th January? The East Coast sale was from 6th Jan to 2nd March and I assumed they would be the same.,"[CUSTOMER 115458] @VirginTrains Hi! Is the Black Friday sale only for tickets between 18th Dec and 14th January? The East Coast sale was from 6th Jan to 2nd March and I assumed they would be the same.
[AGENT 115456] @141662 This is correct Stuart, the 22/12, 23/12 and 27/12 aren't included in the sale either. As we run different lines we have different sale dates. ^BT
[CUSTOMER 115457] @VirginTrains ok, thanks 🙂",ticket_booking_query,10,ticket_booking_query,2,delay_in_progress_report,service_status_delay_enquiry,0.1257,information_provided,True,False,customer_confirmed,"Type: information_provided. Outcome: customer_confirmed. Brand agent turns: 1. Signals seen: information_provided. Evidence: [tweet 115456, information_provided] ""This is correct Stuart, the 22/12, 23/12 and 27/12 aren't included in the sale either. As we run different lines we have different sale dates.""",3,medium_3-4,2017-11-23 21:21:05+00:00,141662,conv_115458,case_115458,"[115458, 115456, 115457]",golden_pool_reserve,ticket_booking_query,diverse_coverage,20,20,95,20,4.75,42,,,,,
case_2614736,13,@VirginTrains #excellent service from Alan&amp;david #1stclassleedstolo don,"[CUSTOMER 2614736] @VirginTrains #excellent service from Alan&amp;david #1stclassleedstolo don
[AGENT 2614734] @739137 We'll pass on your kind words to the @120576 team ^CB
[OTHER-AGENT 2614735] @VirginTrains @739137 Great to hear Keli - what time service are you on? ^KM",customer_service_complaint,7,customer_service_complaint,8,praise_positive_feedback,praise_positive_feedback,0.0506,redirected_to_other_operator,False,False,agent_awaiting_customer,"Type: redirected_to_other_operator. Outcome: agent_awaiting_customer. Brand agent turns: 1. Signals seen: redirected_to_other_operator, feedback_acknowledged. Evidence: [tweet 2614734, redirected_to_other_operator] ""We'll pass on your kind words to the @120576 team""",3,medium_3-4,2017-11-17 13:39:34+00:00,739137,conv_2614736,case_2614736,"[2614736, 2614734, 2614735]",golden_pool_reserve,customer_service_complaint,diverse_coverage,24,24,84,24,3.5,42,,,,,
case_993683,14,@VirginTrains Pre booked seats 1st class only to see they have double booked no staff to rectify or ask very disappointed.,"[CUSTOMER 993683] @VirginTrains Pre booked seats 1st class only to see they have double booked no staff to rectify or ask very disappointed.
[AGENT 993681] @355399 Oh no, which service are you on? ^PA
[CUSTOMER 993682] @VirginTrains West coast - Euston to Stockport 16.57
[AGENT 993684] @355399 There should be a member of staff in coach C who you can speak to. ^PA",seat_reservation_issue,6,seat_reservation_issue,4,first_class_service_issue,first_class_catering_issue,0.0177,self_service,False,False,agent_answered_unconfirmed,"Type: self_service. Outcome: agent_answered_unconfirmed. Brand agent turns: 2. Signals seen: self_service, clarification_requested. Evidence: [tweet 993684, self_service] ""There should be a member of staff in coach C who you can speak to.""",4,medium_3-4,2017-10-22 15:52:59+00:00,355399,conv_993683,case_993683,"[993683, 993681, 993682, 993684]",golden_pool_reserve,seat_reservation_issue,low_margin_boundary,20,20,84,20,4.2,42,,,,,
case_70861,15,"@VirginTrains On the 9:15 to Euston from Man Piccadilly and the train manager, Alex is awesome - funny and lively. Do pass on my comments to his manager. Thanks.","[CUSTOMER 70861] @VirginTrains On the 9:15 to Euston from Man Piccadilly and the train manager, Alex is awesome - funny and lively. Do pass on my comments to his manager. Thanks.
[AGENT 70860] @131913 Thanks for this feedback Imran, we will be sure to pass your comments on regarding this. ^BT",journey_disruption_complaint,5,journey_disruption_complaint,8,praise_positive_feedback,praise_positive_feedback,0.0006,feedback_acknowledged,False,False,agent_answered_unconfirmed,"Type: feedback_acknowledged. Outcome: agent_answered_unconfirmed. Brand agent turns: 1. Signals seen: feedback_acknowledged. Evidence: [tweet 70860, feedback_acknowledged] ""Thanks for this feedback Imran, we will be sure to pass your comments on regarding this.""",2,short_1-2,2017-11-30 09:48:15+00:00,131913,conv_70861,case_70861,"[70861, 70860]",golden_pool_reserve,journey_disruption_complaint,low_margin_boundary,28,29,170,29,5.8621,42,,,,,
case_2323653,16,@VirginTrains poor poor customer service from northampton - Birmingham new street #delayed,"[CUSTOMER 2323653] @VirginTrains poor poor customer service from northampton - Birmingham new street #delayed
[AGENT 2323652] @673242 Hi Tia, which service were you travelling on please? ^HP",customer_service_complaint,7,customer_service_complaint,2,delay_in_progress_report,service_status_delay_enquiry,0.0283,clarification_requested,False,False,agent_awaiting_customer,"Type: clarification_requested. Outcome: agent_awaiting_customer. Brand agent turns: 1. Signals seen: clarification_requested. Evidence: [tweet 2323652, clarification_requested] ""Hi Tia, which service were you travelling on please?""",2,short_1-2,2017-12-02 12:32:35+00:00,673242,conv_2323653,case_2323653,"[2323653, 2323652]",golden_pool_reserve,customer_service_complaint,low_margin_boundary,24,24,84,24,3.5,42,,,,,
case_1238516,17,Chaotic handling of delays by @VirginTrains at Crewe people told to change platforms last minute. People running with their belongings.👎👎,"[CUSTOMER 1238516] Chaotic handling of delays by @VirginTrains at Crewe people told to change platforms last minute. People running with their belongings.👎👎
[AGENT 1238515] @410516 Sorry for your experience, Arshad. We'll pass your comments on regarding this situation ^MM",service_status_delay_enquiry,2,delay_in_progress_report,9,service_status_update_request,service_status_delay_enquiry,0.0111,feedback_acknowledged,False,False,agent_answered_unconfirmed,"Type: feedback_acknowledged. Outcome: agent_answered_unconfirmed. Brand agent turns: 1. Signals seen: feedback_acknowledged. Evidence: [tweet 1238515, feedback_acknowledged] ""We'll pass your comments on regarding this situation""",2,short_1-2,2017-10-25 21:30:40+00:00,410516,conv_1238516,case_1238516,"[1238516, 1238515]",golden_pool_reserve,service_status_delay_enquiry,low_margin_boundary,30,31,253,31,8.1613,42,,,,,
case_570653,18,@VirginTrains my train from Manchester leaves at 5:35 tomorrow to go to London. What are the chances it's going to run because of the Wembley situation? I already had a cancelled train yesterday,"[CUSTOMER 570653] @VirginTrains my train from Manchester leaves at 5:35 tomorrow to go to London. What are the chances it's going to run because of the Wembley situation? I already had a cancelled train yesterday
[AGENT 570652] @253997 It should be fine ^OL",service_status_delay_enquiry,1,service_running_enquiry,5,journey_disruption_complaint,journey_disruption_complaint,0.1409,other,False,False,agent_answered_unconfirmed,"Type: other. Outcome: agent_answered_unconfirmed. Brand agent turns: 1. Signals seen: other. Evidence: [tweet 570652, other] ""It should be fine""",2,short_1-2,2017-12-03 03:57:08+00:00,253997,conv_570653,case_570653,"[570653, 570652]",golden_pool_reserve,service_status_delay_enquiry,diverse_coverage,30,31,253,31,8.1613,42,,,,,
case_1236545,19,"Our @VirginTrains is optimistically heading towards London, knowing that the Milton Keynes-London line is closed due to an incident...","[CUSTOMER 1236545] Our @VirginTrains is optimistically heading towards London, knowing that the Milton Keynes-London line is closed due to an incident...
[AGENT 1236543] @123240 Some lines have now reopened to/from London Euston. Delays are expected until the end of service ^MM
[CUSTOMER 1236544] @VirginTrains Seems open, but why are additional stops being added along the way? Now stopping at Watford junction, causing an increased delay.
[AGENT 1236546] @123240 This is due to previous services being cancelled to ensure all passengers can get to their destinations ^HP",service_status_delay_enquiry,9,service_status_update_request,8,praise_positive_feedback,praise_positive_feedback,0.0163,information_provided,False,False,agent_answered_unconfirmed,"Type: information_provided. Outcome: agent_answered_unconfirmed. Brand agent turns: 2. Signals seen: information_provided. Evidence: [tweet 1236543, information_provided] ""Some lines have now reopened to/from London Euston. Delays are expected until the end of service""; [tweet 1236546, information_provided] ""This is due to previous services being cancelled to ensure all passengers can get to their destinations""",4,medium_3-4,2017-10-25 18:23:28+00:00,123240,conv_1236545,case_1236545,"[1236545, 1236543, 1236544, 1236546]",golden_pool_reserve,service_status_delay_enquiry,low_margin_boundary,30,31,253,31,8.1613,42,,,,,
case_1898483,20,TMW you're happy about having booked a seat with a plug &amp; table .... and then this .... @VirginTrains 😩 https://t.co/lJz4U59msN,"[CUSTOMER 1898483] TMW you're happy about having booked a seat with a plug &amp; table .... and then this .... @VirginTrains 😩 https://t.co/lJz4U59msN
[AGENT 1898482] @565807 What issues are you having? ^PA
[CUSTOMER 1898480] @VirginTrains there's no power.
[AGENT 1898478] @565807 Apologies! If you have a word with the Train Manager onboard, they may be ablel to reboot the socket for you ^KS
[CUSTOMER 1898479] @VirginTrains cheers will do if I see her. To be honest it means I have an excuse not to work 🤣🤣 so won't try too hard 😜
[AGENT 1898481] @565807 Just sit back, relax and enjoy the ride 😉 ^KS",seat_reservation_issue,6,seat_reservation_issue,8,praise_positive_feedback,praise_positive_feedback,0.1731,troubleshooting,True,False,agent_closed,"Type: troubleshooting. Outcome: agent_closed. Brand agent turns: 3. Signals seen: troubleshooting, information_provided, clarification_requested. Evidence: [tweet 1898478, troubleshooting] ""If you have a word with the Train Manager onboard, they may be ablel to reboot the socket for you""",6,long_5-8,2017-10-18 12:52:48+00:00,565807,conv_1898483,case_1898483,"[1898483, 1898482, 1898480, 1898478, 1898479, 1898481]",golden_pool_reserve,seat_reservation_issue,diverse_coverage,20,20,84,20,4.2,42,,,,,
case_499710,21,@VirginTrains got first class ticket and my plug isn’t working. I asked to get a different seat. I was ignored. WiFi is running too slow. And this is the food I got. Not very first class is it? #virgintrains #scam https://t.co/qbOQHDLgje,"[CUSTOMER 499710] @VirginTrains got first class ticket and my plug isn’t working. I asked to get a different seat. I was ignored. WiFi is running too slow. And this is the food I got. Not very first class is it? #virgintrains #scam https://t.co/qbOQHDLgje
[AGENT 499709] @234349 If you mention this to the team onboard, they may be able to reset this for you ^MM",onboard_wifi_issue,11,onboard_wifi_issue,4,first_class_service_issue,first_class_catering_issue,0.0399,information_provided,False,False,agent_answered_unconfirmed,"Type: information_provided. Outcome: agent_answered_unconfirmed. Brand agent turns: 1. Signals seen: information_provided. Evidence: [tweet 499709, information_provided] ""If you mention this to the team onboard, they may be able to reset this for you""",2,short_1-2,2017-12-01 18:56:44+00:00,234349,conv_499710,case_499710,"[499710, 499709]",golden_pool_reserve,onboard_wifi_issue,low_margin_boundary,5,5,36,5,7.2,42,,,,,
case_1340104,22,@VirginTrains I assume that’s a we don’t know!,"[CUSTOMER 1340104] @VirginTrains I assume that’s a we don’t know!
[AGENT 1340103] @432570 Apologies Peter, is there anything we can help with? ^HP",chitchat_non_support,0,chitchat_non_support,7,customer_service_complaint,customer_service_complaint,0.0861,other,False,False,agent_awaiting_customer,"Type: other. Outcome: agent_awaiting_customer. Brand agent turns: 1. Signals seen: other. Evidence: [tweet 1340103, other] ""Apologies Peter, is there anything we can help with?""",2,short_1-2,2017-10-27 15:07:18+00:00,432570,conv_1340104,case_1340104,"[1340104, 1340103]",golden_pool_reserve,chitchat_non_support,diverse_coverage,24,24,106,24,4.4167,42,,,,,
case_2280164,23,Hey @VirginTrains I booked train tickets a couple of hours ago for tomorrow and no email confirmation yet. Can you help?,"[CUSTOMER 2280164] Hey @VirginTrains I booked train tickets a couple of hours ago for tomorrow and no email confirmation yet. Can you help?
[AGENT 2280162] @662863 Hi there, can you please send us your email address you booked via and we'll take a look for you? Thanks ^HP
[CUSTOMER 2280163] @VirginTrains __email__
[AGENT 2280165] @662863 Apologies Charlotte, the only tickets I can see on your account are for journeys made on 12th October I'm afraid ^HP
[CUSTOMER 2280166] @VirginTrains Well, my card has been charged and I have a photograph of the screen confirming collection details so they've definitely been booked!
[AGENT 2280167] @662863 We'd advise contacting our Aftersales team on 0344 556 5650 and they should be able to assist further, Charlotte ^HP
[CUSTOMER 2280168] @VirginTrains Do I need email confirmation to collect ticket or is the reference and my card details enough?
[AGENT 2280170] @662863 1/2 You will only need the collection reference number and you card to collect the tickets, Charlotte, but we'd advise
[AGENT 2280169] @662863 2/2 just double checking the booking with our Aftersales team in case there are any issues ^HP
[CUSTOMER 2280171] @VirginTrains Ok. Thanks. Will call them before I set off to check",ticket_booking_query,10,ticket_booking_query,3,delay_repay_refund_claim,delay_repay_refund_claim,0.0384,information_provided,True,False,customer_confirmed,"Type: information_provided. Outcome: customer_confirmed. Brand agent turns: 5. Signals seen: information_provided, clarification_requested. Evidence: [tweet 2280165, information_provided] ""Apologies Charlotte, the only tickets I can see on your account are for journeys made on 12th October I'm afraid""; [tweet 2280167, information_provided] ""We'd advise contacting our Aftersales team on 0344 556 5650 and they should be able to assist further, Charlotte""; [tweet 2280170, information_provided] ""You will only need the collection reference number and you card to collect the tickets, Charlotte, but we'd advise""; [tweet 2280169, information_provided] ""just double checking the booking with our Aftersales team in case there are any issues""",10,very_long_9+,2017-10-19 18:55:10+00:00,662863,conv_2280164,case_2280164,"[2280164, 2280162, 2280163, 2280165, 2280166, 2280167, 2280168, 2280170, 2280169, 2280171]",golden_pool_reserve,ticket_booking_query,low_margin_boundary,20,20,95,20,4.75,42,,,,,
case_1351191,24,@120576 any chance of holding the 19.30 from Edinburgh to Glasgow due to the persistent delays today??,"[CUSTOMER 1351191] @120576 any chance of holding the 19.30 from Edinburgh to Glasgow due to the persistent delays today??
[OTHER-AGENT 1351189] @435082 Hi Lucy, that sounds like a @VirginTrains service. We'll make the team aware for you. ^JC
[AGENT 1351188] @435082 Thanks @120576. We wouldn't be able to hold this service unfortunately. Sorry for this Lucy. ^BT",service_status_delay_enquiry,9,service_status_update_request,2,delay_in_progress_report,service_status_delay_enquiry,0.1095,redirected_to_other_operator,False,False,agent_answered_unconfirmed,"Type: redirected_to_other_operator. Outcome: agent_answered_unconfirmed. Brand agent turns: 1. Signals seen: redirected_to_other_operator. Evidence: [tweet 1351188, redirected_to_other_operator] ""We wouldn't be able to hold this service unfortunately.""",3,medium_3-4,2017-10-27 17:46:28+00:00,435082,conv_1351191,case_1351191,"[1351191, 1351189, 1351188]",golden_pool_reserve,service_status_delay_enquiry,diverse_coverage,30,31,253,31,8.1613,42,,,,,
case_635156,25,What is the point of having a seat reservation system if it never works? @VirginTrains,"[CUSTOMER 635156] What is the point of having a seat reservation system if it never works? @VirginTrains
[AGENT 635154] @270601 Which service are you on today exactly? ^MW
[CUSTOMER 635155] @VirginTrains Haymarket too Birmingham new street....no hot drinks or food....and now stuck at Carlisle
[AGENT 635157] @270601 Sorry to hear that, there is flooding at the moment, we have road transport available from Lancaster to Preston in place ^MW
[CUSTOMER 635158] @VirginTrains Any update?
[AGENT 635159] @270601 Still the same situation I'm afraid :-( ^MW
[CUSTOMER 635160] @VirginTrains Are trains still running from Preston the Birmingham new street?
[AGENT 635161] @270601 Yes there will be a 21:17 service ^MW
[CUSTOMER 635162] @VirginTrains I hope it's going to wait for the coaches to arrive before leaving.
[AGENT 635163] @270601 There are extra coaches, taxis and mini buses ordered for passengers travelling between Lancaster and Preston. ^BT
[CUSTOMER 635164] @VirginTrains That's not what I asked. Im on a coach from Lancaster to Preston....need to get to Birmingham.....is the 21.17 waiting for the coaches?
[AGENT 635165] @270601 Afraid not, please speak to the team at Preston who will get you moving by road if no trains available ^MW
[CUSTOMER 635166] @VirginTrains So now you have around 100 customers at Crewe all waiting for some service to Birmingham?? What's going on?? Staff here don't know??
[AGENT 635167] @270601 There is a train on platform 5 due to go forward to Birmingham New Street now. ^BT
[CUSTOMER 635168] @VirginTrains Staff here are telling everyone only going as far as Wolverhampton?
[AGENT 635169] @270601 Yes, sorry we have just been told this will go forward to Wolverhampton. And onward travel from Wolverhampton has been arranged to take passengers forward to BHM. ^BT
[CUSTOMER 635170] @VirginTrains Same but now at Wolverhampton 😴 https://t.co/PHSLRHPuQA
[CUSTOMER 635171] @VirginTrains Guess what......reserved seat for 4.30 from Birmingham........and the coach isn't even here? 😂🤦🏼‍♂️
[AGENT 635172] @270601 Oh no, do you have seats onboard at all? ^MW
[CUSTOMER 635173] @VirginTrains There are 5 carriages rather than 10.....so no chance. Worryingly the driver didn't know there was only going to be 5 carriages?
[AGENT 635174] @270601 I see, sorry to hear that, if you didn't get a seat please make a claim here - https://t.co/t20UbyOCSn ^MW",seat_reservation_issue,6,seat_reservation_issue,10,ticket_booking_query,ticket_booking_query,0.2188,compensation,False,False,redirected_to_channel,"Type: compensation. Outcome: redirected_to_channel. Brand agent turns: 10. Signals seen: compensation, self_service, information_provided, clarification_requested. Evidence: [tweet 635174, compensation] ""I see, sorry to hear that, if you didn't get a seat please make a claim here - https://t.co/t20UbyOCSn""",21,very_long_9+,2017-11-22 17:00:14+00:00,270601,conv_635156,case_635156,"[635156, 635154, 635155, 635157, 635158, 635159, 635160, 635161, 635162, 635163, 635164, 635165, 635166, 635167, 635168, 635169, 635170, 635171, 635172, 635173, 635174]",golden_pool_reserve,seat_reservation_issue,diverse_coverage,20,20,84,20,4.2,42,,,,,
case_756981,26,@VirginTrains @300908 @120576 Sounds like a change in Man Picc. northern/eastmidlands combo.,[CUSTOMER 756981] @VirginTrains @300908 @120576 Sounds like a change in Man Picc. northern/eastmidlands combo.,service_status_delay_enquiry,9,service_status_update_request,8,praise_positive_feedback,praise_positive_feedback,0.02,unresolved,False,False,no_response,Brand never replied in the public thread (outcome: no_response).,1,short_1-2,2017-10-11 18:56:48+00:00,300909,conv_756988,case_756981,[756981],golden_pool_reserve,service_status_delay_enquiry,diverse_coverage,30,31,253,31,8.1613,42,,,,,
case_1100239,27,@VirginTrains Is there no Virgin service from Birmingham to London this morning?,"[CUSTOMER 1100239] @VirginTrains Is there no Virgin service from Birmingham to London this morning?
[AGENT 1100237] @379595 First service is at 0830 ^LC
[CUSTOMER 1100238] @VirginTrains Ah. It's not showing up on trainline!",service_status_delay_enquiry,2,delay_in_progress_report,7,customer_service_complaint,customer_service_complaint,0.0077,unresolved,False,False,customer_followup_unanswered,"Type: unresolved. Outcome: customer_followup_unanswered. Brand agent turns: 1. Signals seen: other. Evidence: [tweet 1100237, other] ""First service is at 0830""",3,medium_3-4,2017-10-15 06:46:47+00:00,379595,conv_1100239,case_1100239,"[1100239, 1100237, 1100238]",golden_pool_reserve,service_status_delay_enquiry,low_margin_boundary,30,31,253,31,8.1613,42,,,,,
case_2538820,28,Shit start at the train station. I made it in time for the train but just not enough time to “print” the &lt;paper ticket&gt;! Had the booking on my phone but they wouldn’t let me on. Thanks a lot @VirginTrains Isn’t it time to use upto date technology? It’s not like I hadn’t paid 🤬,"[CUSTOMER 2538820] Shit start at the train station. I made it in time for the train but just not enough time to “print” the &lt;paper ticket&gt;! Had the booking on my phone but they wouldn’t let me on. Thanks a lot @VirginTrains Isn’t it time to use upto date technology? It’s not like I hadn’t paid 🤬
[AGENT 2538819] @722064 1/2 Sorry to hear this, Zahira, I'm afraid we're not able to accept booking confirmation in place of actual tickets, however,
[AGENT 2538821] @722064 2/2 you can select mobile tickets for future bookings if this is easier :) ^HP
[CUSTOMER 2538818] @VirginTrains I would of expected some lenience in these sort of circumstances. When I booked the ticket the phone option wasn’t available.
[AGENT 2538817] @722064 Sorry to hear that, Zahirah, if you book via our website or app, you can select M-Tickets or E-tickets ^HP",ticket_booking_query,10,ticket_booking_query,1,service_running_enquiry,service_status_delay_enquiry,0.032,self_service,False,False,agent_answered_unconfirmed,"Type: self_service. Outcome: agent_answered_unconfirmed. Brand agent turns: 3. Signals seen: self_service, information_provided. Evidence: [tweet 2538817, self_service] ""Sorry to hear that, Zahirah, if you book via our website or app, you can select M-Tickets or E-tickets""",5,long_5-8,2017-11-16 09:24:05+00:00,722064,conv_2538820,case_2538820,"[2538820, 2538819, 2538821, 2538818, 2538817]",golden_pool_reserve,ticket_booking_query,low_margin_boundary,20,20,95,20,4.75,42,,,,,
case_1227507,29,"@VirginTrains 
Train running 85 mins late...but staff are too lazy to serve customers. 12 staff partying.","[CUSTOMER 1227507] @VirginTrains Train running 85 mins late...but staff are too lazy to serve customers. 12 staff partying.
[AGENT 1227505] @407536 Hi there, can you explain can you explain further on what you mean by this please? ^HP
[CUSTOMER 1227506] @VirginTrains My husband is trying to get home .the staff are refusing to serve customers ?train delayed. He's been out since 6am?
[CUSTOMER 1227508] @VirginTrains 12 staff sat in first....
[AGENT 1228279] @407536 We'd advise your husband speaks to the staff onboard, Cecy. We'll however pass your comments on regarding this situation ^MM",journey_disruption_complaint,5,journey_disruption_complaint,4,first_class_service_issue,first_class_catering_issue,0.0519,feedback_acknowledged,False,False,agent_answered_unconfirmed,"Type: feedback_acknowledged. Outcome: agent_answered_unconfirmed. Brand agent turns: 2. Signals seen: feedback_acknowledged, clarification_requested. Evidence: [tweet 1228279, feedback_acknowledged] ""We'll however pass your comments on regarding this situation""",5,long_5-8,2017-10-25 19:45:51+00:00,407536,conv_1227507,case_1227507,"[1227507, 1227505, 1227506, 1227508, 1228279]",golden_pool_reserve,journey_disruption_complaint,diverse_coverage,28,29,170,29,5.8621,42,,,,,
case_2899906,30,@VirginTrains went up to the desk to ask the time of the next train &amp; got put through a third degree I’m VERY unimpressed with your staff &amp; how they accused me of being a liar!,"[CUSTOMER 2899906] @VirginTrains went up to the desk to ask the time of the next train &amp; got put through a third degree I’m VERY unimpressed with your staff &amp; how they accused me of being a liar!
[AGENT 2899904] @803350 Not great to hear, Xaviera, which station was this at please? And can you explain further on what happened? ^HP
[CUSTOMER 2899905] @VirginTrains Wolverhampton. The woman basically said ‘well my friend said you’ve just been up to buy a ticket for Dudley port’ when I hadn’t been up nor am I going to Dudley port &amp; refused to give me the train times too. She was very rude in how she accused me of being up already
[CUSTOMER 2899907] @VirginTrains When I hadn’t even been up! I couldn’t even see the other cashier! Clearly they got it wrong but they shouldn’t be so adamant
[AGENT 2899908] @803350 Sorry to hear about your experience, have you been able to get onboard now at all? ^HP
[CUSTOMER 2899909] @VirginTrains Yes but with a lot of stress. I suffer with anxiety and this hasn’t helped at all and it’s put me off using Virgin now after this experience",journey_disruption_complaint,5,journey_disruption_complaint,7,customer_service_complaint,customer_service_complaint,0.1097,unresolved,False,False,customer_followup_unanswered,"Type: unresolved. Outcome: customer_followup_unanswered. Brand agent turns: 2. Signals seen: clarification_requested. Evidence: [tweet 2899908, clarification_requested] ""Sorry to hear about your experience, have you been able to get onboard now at all?""",6,long_5-8,2017-11-28 17:47:58+00:00,803350,conv_2899906,case_2899906,"[2899906, 2899904, 2899905, 2899907, 2899908, 2899909]",golden_pool_reserve,journey_disruption_complaint,diverse_coverage,28,29,170,29,5.8621,42,,,,,
case_1723492,31,@VirginTrains I booked tickets on your website for Edinburgh to London on Friday 3rd and train was cancelled where do I claim a refund?,"[CUSTOMER 1723492] @VirginTrains I booked tickets on your website for Edinburgh to London on Friday 3rd and train was cancelled where do I claim a refund?
[AGENT 1723490] @521363 Hi Mark, what tickets did you have and did you abandon travel all together? ^BT
[CUSTOMER 1723491] @VirginTrains I had first class tickets on the 1pm train and we had to get a later train that was also late so messed up our travel plans
[AGENT 1723493] @521363 I see, thank you. If you follow this link, https://t.co/QADF8nTSSt you can claim there. ^BT
[CUSTOMER 1723494] @VirginTrains That just takes me to a page about how to save on tickets, I can't see anywhere to make a claim
[AGENT 1723495] @521363 Sorry Mark, not sure what happened there, this is the correct link https://t.co/bgLLjZKBkE ^BT",delay_repay_refund_claim,3,delay_repay_refund_claim,10,ticket_booking_query,ticket_booking_query,0.131,compensation,False,False,redirected_to_channel,"Type: compensation. Outcome: redirected_to_channel. Brand agent turns: 3. Signals seen: compensation, self_service, clarification_requested. Evidence: [tweet 1723493, compensation] ""If you follow this link, https://t.co/QADF8nTSSt you can claim there.""",6,long_5-8,2017-11-07 09:12:57+00:00,521363,conv_1723492,case_1723492,"[1723492, 1723490, 1723491, 1723493, 1723494, 1723495]",golden_pool_reserve,delay_repay_refund_claim,diverse_coverage,22,22,78,22,3.5455,42,,,,,
case_1614342,32,"Thanks to @VirginTrains and @123241 I’m currently enjoying the sites of the A1 

#RoadTrip #YouOweMeMoney #Refund #OneJob https://t.co/0ZR5HNPaBK","[CUSTOMER 1614342] Thanks to @VirginTrains and @123241 I’m currently enjoying the sites of the A1 #RoadTrip #YouOweMeMoney #Refund #OneJob https://t.co/0ZR5HNPaBK
[AGENT 1614343] @495182 @123241 1/2 Apologies Adam, we've unfortunately been affected by signalling failure on the lines today. You can make a claim
[AGENT 1614341] @495182 @123241 2/2 for compensation here: https://t.co/MY9v6GHRxH ^HP",customer_service_complaint,7,customer_service_complaint,8,praise_positive_feedback,praise_positive_feedback,0.0138,compensation,False,False,redirected_to_channel,"Type: compensation. Outcome: redirected_to_channel. Brand agent turns: 2. Signals seen: compensation, self_service. Evidence: [tweet 1614343, compensation] ""You can make a claim""; [tweet 1614341, compensation] ""for compensation here: https://t.co/MY9v6GHRxH""",3,medium_3-4,2017-11-05 13:05:08+00:00,495182,conv_1614342,case_1614342,"[1614342, 1614343, 1614341]",golden_pool_reserve,customer_service_complaint,low_margin_boundary,24,24,84,24,3.5,42,,,,,
case_705044,33,@VirginTrains can you change were you selected to pick your tickets up from?,"[CUSTOMER 705044] @VirginTrains can you change were you selected to pick your tickets up from?
[AGENT 705043] @288524 You can collect from any machine at any station, Nathanael ^MW",ticket_booking_query,10,ticket_booking_query,6,seat_reservation_issue,seat_reservation_issue,0.1826,information_provided,False,False,agent_answered_unconfirmed,"Type: information_provided. Outcome: agent_answered_unconfirmed. Brand agent turns: 1. Signals seen: information_provided. Evidence: [tweet 705043, information_provided] ""You can collect from any machine at any station, Nathanael""",2,short_1-2,2017-11-23 18:53:09+00:00,288524,conv_705044,case_705044,"[705044, 705043]",golden_pool_reserve,ticket_booking_query,diverse_coverage,20,20,95,20,4.75,42,,,,,
case_2273124,34,@VirginTrains why can't I use my rail card when buying a ticket on the train?,"[CUSTOMER 2273124] @VirginTrains why can't I use my rail card when buying a ticket on the train?
[AGENT 2273123] @661241 Hi there, what type of railcard do you have please? And which service are you travelling on? ^HP
[CUSTOMER 2273122] @VirginTrains I have a 16-25 railcars travelling from Edinburgh to Kings Cross 17.31
[AGENT 2273121] @661241 Thanks for confirming, it sounds like you're travelling with @120576 so we'll pass this over to the team for you ^HP",journey_disruption_complaint,5,journey_disruption_complaint,10,ticket_booking_query,ticket_booking_query,0.0206,redirected_to_other_operator,False,False,agent_answered_unconfirmed,"Type: redirected_to_other_operator. Outcome: agent_answered_unconfirmed. Brand agent turns: 2. Signals seen: redirected_to_other_operator, clarification_requested. Evidence: [tweet 2273121, redirected_to_other_operator] ""Thanks for confirming, it sounds like you're travelling with @120576 so we'll pass this over to the team for you""",4,medium_3-4,2017-10-19 18:36:08+00:00,661241,conv_2273124,case_2273124,"[2273124, 2273123, 2273122, 2273121]",golden_pool_reserve,journey_disruption_complaint,low_margin_boundary,28,29,170,29,5.8621,42,,,,,
case_1156100,35,Really!? @VirginTrains what on earth makes you think mayonnaise is needed in a new pork wrap? Again no mayo free option ☹ you are obsessed!,"[CUSTOMER 1156100] Really!? @VirginTrains what on earth makes you think mayonnaise is needed in a new pork wrap? Again no mayo free option ☹ you are obsessed!
[AGENT 1156099] @391960 Pulled pork wrap, Steve? ^MW
[CUSTOMER 1156098] @VirginTrains Yes, that is the one. Ta
[AGENT 1156095] @391960 We'll pass this on for you, Steve ^MW
[CUSTOMER 1156096] @VirginTrains 😁
[CUSTOMER 1156097] @VirginTrains Your lovely staff made up for it whenand gave me whatever else they could get their hands on. Only so much pretzel and bisc can be eaten 😁",chitchat_non_support,0,chitchat_non_support,7,customer_service_complaint,customer_service_complaint,0.0743,feedback_acknowledged,False,False,customer_followup_unanswered,"Type: feedback_acknowledged. Outcome: customer_followup_unanswered. Brand agent turns: 2. Signals seen: feedback_acknowledged, other. Evidence: [tweet 1156095, feedback_acknowledged] ""We'll pass this on for you, Steve""",6,long_5-8,2017-10-15 18:01:51+00:00,391960,conv_1156100,case_1156100,"[1156100, 1156099, 1156098, 1156095, 1156096, 1156097]",golden_pool_reserve,chitchat_non_support,diverse_coverage,24,24,106,24,4.4167,42,,,,,
case_1968442,36,@VirginTrains hi BH,"[CUSTOMER 1968442] @VirginTrains hi BH
[AGENT 1968440] @583236 Hi dude ^BH
[CUSTOMER 1968441] @VirginTrains Northern unit numbers 1055 Middlesbrough to Darlington its like 142018 as example BH
[AGENT 1968443] @583236 SOrry? ^BH
[CUSTOMER 1968445] @VirginTrains Unit number its like 142087 as example
[CUSTOMER 1968444] @VirginTrains Have a look on internal system please
[AGENT 1968446] @583236 What are you on about? ^BH
[CUSTOMER 1968447] @VirginTrains U know on internal system unit number loco unit number say example unit number for 1055 Middlesbrough is 142079
[CUSTOMER 1968448] @VirginTrains Have u found out
[AGENT 1968449] @583236 Huh? ^BH
[CUSTOMER 1968450] @VirginTrains Unit number like on front of train check where's 142020 at on internal system please and provide it
[CUSTOMER 1968451] @VirginTrains Do u understand",unclear_or_media_only,-1,unclear_or_media_only,-1,unclear_or_media_only,unclear_or_media_only,0.0518,unresolved,False,False,customer_followup_unanswered,"Type: unresolved. Outcome: customer_followup_unanswered. Brand agent turns: 4. Signals seen: clarification_requested, other. Evidence: [tweet 1968449, other] ""Huh?""",12,very_long_9+,2017-11-07 22:17:07+00:00,583236,conv_1968442,case_1968442,"[1968442, 1968440, 1968441, 1968443, 1968445, 1968444, 1968446, 1968447, 1968448, 1968449, 1968450, 1968451]",golden_pool_reserve,unclear_or_media_only,all_eligible,14,12,12,12,1.0,42,,,,,
case_1320758,37,"From cancelled trains to spilled coffee,  I’m on my way 2 Manchester  via Crewe, thanks @VirginTrains &amp; @LondonMidland 🙋for getting me home","[CUSTOMER 1320758] From cancelled trains to spilled coffee, I’m on my way 2 Manchester via Crewe, thanks @VirginTrains &amp; @LondonMidland 🙋for getting me home
[AGENT 1320756] @428382 @LondonMidland Sounds like a hectic morning. Glad to hear you're on the move ^CB
[CUSTOMER 1320757] @VirginTrains @LondonMidland It’s been crazy, but I’m making my way! Happy Friday 🕺🕺🕺
[OTHER-AGENT 1320759] @428382 @VirginTrains glad to hear you are on your way Nick
[CUSTOMER 1320760] @LondonMidland @VirginTrains Thanks guys 🕺🕺",praise_positive_feedback,8,praise_positive_feedback,1,service_running_enquiry,service_status_delay_enquiry,0.0229,information_provided,True,False,customer_confirmed,"Type: information_provided. Outcome: customer_confirmed. Brand agent turns: 1. Signals seen: information_provided. Evidence: [tweet 1320756, information_provided] ""Sounds like a hectic morning. Glad to hear you're on the move""",5,long_5-8,2017-10-27 08:58:01+00:00,428382,conv_1320758,case_1320758,"[1320758, 1320756, 1320757, 1320759, 1320760]",golden_pool_reserve,praise_positive_feedback,low_margin_boundary,8,8,124,8,15.5,42,,,,,
case_2433758,38,@VirginTrains curious as to why coach G on 11.33 lpool to Euston train is not getting the complimentary scran that other coaches are getting,"[CUSTOMER 2433758] @VirginTrains curious as to why coach G on 11.33 lpool to Euston train is not getting the complimentary scran that other coaches are getting
[AGENT 2433757] @698403 Hi Nick. Have you spoke to a member of onboard staff regarding this? ^BT
[CUSTOMER 2433759] @VirginTrains Nope, train manager is nowhere to be found
[AGENT 2434482] @698403 They would be going through each coach throughout the journey ^CB
[CUSTOMER 2434481] @VirginTrains Now spoken to a member of staff &amp;they were told specifically not to serve our coach. What’s the point in paying extra for 1st class?
[AGENT 2434480] @698403 The service may have been declassified in Coach G. Did the team advise of this? ^CB
[CUSTOMER 2434478] @VirginTrains Nope, paid the £20 weekend upgrade sat in Coach G so definitely not declassified
[AGENT 2434476] @698403 If you move in to another First Class coach they'd be able to assist further ^CB
[CUSTOMER 2434477] @VirginTrains Weren’t enough seats in other carriages to sit with friends. Can I get my upgrade fee refunded?
[AGENT 2434479] @698403 You'll need to contact our team through our website: https://t.co/CLAVO9iu36 ^CB",journey_disruption_complaint,5,journey_disruption_complaint,1,service_running_enquiry,service_status_delay_enquiry,0.0132,self_service,False,False,redirected_to_channel,"Type: self_service. Outcome: redirected_to_channel. Brand agent turns: 5. Signals seen: self_service, information_provided, clarification_requested, other. Evidence: [tweet 2434479, self_service] ""You'll need to contact our team through our website: https://t.co/CLAVO9iu36""",10,very_long_9+,2017-10-29 13:29:44+00:00,698403,conv_2433758,case_2433758,"[2433758, 2433757, 2433759, 2434482, 2434481, 2434480, 2434478, 2434476, 2434477, 2434479]",golden_pool_reserve,journey_disruption_complaint,low_margin_boundary,28,29,170,29,5.8621,42,,,,,
case_83997,39,@VirginTrains snacks galore! 🏴󠁧󠁢󠁳󠁣󠁴󠁿 https://t.co/qn92F6FhtC,"[CUSTOMER 83997] @VirginTrains snacks galore! 🏴󠁧󠁢󠁳󠁣󠁴󠁿 https://t.co/qn92F6FhtC
[AGENT 83996] @134457 Enjoy! ^LC",unclear_or_media_only,-1,unclear_or_media_only,-1,unclear_or_media_only,unclear_or_media_only,0.0518,other,True,False,agent_closed,"Type: other. Outcome: agent_closed. Brand agent turns: 1. Signals seen: other. Evidence: [tweet 83996, other] ""Enjoy!""",2,short_1-2,2017-11-30 13:36:50+00:00,134457,conv_83997,case_1430190,"[83997, 83996]",golden_pool_reserve,unclear_or_media_only,all_eligible,14,12,12,12,1.0,42,,,,,
case_1389196,40,@VirginTrains what’s the process for refunds. Paid for 1st class on one train but forced to stand on another. Disappointing,"[CUSTOMER 1389196] @VirginTrains what’s the process for refunds. Paid for 1st class on one train but forced to stand on another. Disappointing
[AGENT 1389194] @443174 If you have a First Class ticket but don't receive the service please get in touch here: https://t.co/Ky8wEuC7hd ^CB
[CUSTOMER 1389195] @VirginTrains Just tried using that form. Crashed twice then told me captcha isn’t working.....
[AGENT 1389197] @443174 Can you try another device Usman? ^BT
[CUSTOMER 1389198] @VirginTrains Could do....if I had one..... and to think that that virgin thinks it can run healthcare.......
[AGENT 1389199] @443174 If you search for the Virgin Trains website, the same form will be on there. Maybe this will work on your device? ^BT",delay_repay_refund_claim,3,delay_repay_refund_claim,5,journey_disruption_complaint,journey_disruption_complaint,0.0789,troubleshooting,False,False,agent_awaiting_customer,"Type: troubleshooting. Outcome: agent_awaiting_customer. Brand agent turns: 3. Signals seen: troubleshooting, self_service, clarification_requested, other. Evidence: [tweet 1389197, troubleshooting] ""Can you try another device Usman?""",6,long_5-8,2017-10-28 10:44:08+00:00,443174,conv_1389196,case_1389196,"[1389196, 1389194, 1389195, 1389197, 1389198, 1389199]",golden_pool_reserve,delay_repay_refund_claim,low_margin_boundary,22,22,78,22,3.5455,42,,,,,
case_1205574,41,@VirginTrains VT-021117-0505 after Euston being closed 27.10.17 so train- unable to get on any train north!4 hour delayed- when refund request I am told there was only a 21min delay so no refund?! #Lies,"[CUSTOMER 1205574] @VirginTrains VT-021117-0505 after Euston being closed 27.10.17 so train- unable to get on any train north!4 hour delayed- when refund request I am told there was only a 21min delay so no refund?! #Lies
[AGENT 1205573] @403159 Drop us a DM with this please, Mel ^MW",delay_repay_refund_claim,3,delay_repay_refund_claim,1,service_running_enquiry,service_status_delay_enquiry,0.1301,redirected_to_dm,False,True,redirected_to_dm,"Type: redirected_to_dm. Outcome: redirected_to_dm. Brand agent turns: 1. Signals seen: redirected_to_dm. Evidence: [tweet 1205573, redirected_to_dm] ""Drop us a DM with this please, Mel""",2,short_1-2,2017-11-10 13:18:18+00:00,403159,conv_1205574,case_1205574,"[1205574, 1205573]",golden_pool_reserve,delay_repay_refund_claim,diverse_coverage,22,22,78,22,3.5455,42,,,,,
case_1336623,42,"Happy to sit on floor, but there's no room. And if u want to check my word for it on CCTV @VirginTrains - I'm in the carriage at the front!","[CUSTOMER 1336623] Happy to sit on floor, but there's no room. And if u want to check my word for it on CCTV @VirginTrains - I'm in the carriage at the front!
[AGENT 1336633] @431569 1/2 Sorry about your experience today Emily. Many services are experiencing high volume of passengers due to disruption
[AGENT 1336621] @431569 2/2 What service are you travelling on? ^BT",seat_reservation_issue,6,seat_reservation_issue,8,praise_positive_feedback,praise_positive_feedback,0.0675,information_provided,False,False,agent_awaiting_customer,"Type: information_provided. Outcome: agent_awaiting_customer. Brand agent turns: 2. Signals seen: information_provided, clarification_requested. Evidence: [tweet 1336633, information_provided] ""Sorry about your experience today Emily. Many services are experiencing high volume of passengers due to disruption""",3,medium_3-4,2017-10-27 14:09:09+00:00,431569,conv_1336623,case_1333135,"[1336623, 1336633, 1336621]",golden_pool_reserve,seat_reservation_issue,diverse_coverage,20,20,84,20,4.2,42,,,,,
case_1563013,43,"Amazing, @VirginTrains won't help a girl out&amp;give me a spoon to eat my pret porridge!My mate did me a solid buying it but forgot the spoon","[CUSTOMER 1563013] Amazing, @VirginTrains won't help a girl out&amp;give me a spoon to eat my pret porridge!My mate did me a solid buying it but forgot the spoon
[AGENT 1563010] @482704 Oh no, have you spoken to the onboard team, Laura? ^HP
[CUSTOMER 1563012] @VirginTrains Yup, trolley guy I bought my drink from said he only had 1 so could I go to the train shop, train shop said no, you were losing too money
[CUSTOMER 1563011] @VirginTrains Thinking of attempting to eat it with the lid of the small pot... what do you reckon? https://t.co/jB71FBvk7t
[AGENT 1563015] @482704 Really sorry to hear that, Laura, which service are you travelling on? ^HP
[AGENT 1563014] @482704 That might work though, Laura 🙈 ^HP
[CUSTOMER 1563016] @VirginTrains 10:00am from London Euston to Manchester
[AGENT 1563017] @482704 Did they have any of the plastic spoons left in the shop at all? ^HP
[CUSTOMER 1563019] @VirginTrains I believe so, she didn't say, just no, they only have enough for the porridge is on board
[CUSTOMER 1563018] @VirginTrains I've gone in, wish me luck #desperatetimes https://t.co/FxOvkRlbva
[AGENT 1563020] @482704 Laura, you're my hero 🙏🏻 ^HP",chitchat_non_support,0,chitchat_non_support,4,first_class_service_issue,first_class_catering_issue,0.1008,information_provided,False,False,agent_answered_unconfirmed,"Type: information_provided. Outcome: agent_answered_unconfirmed. Brand agent turns: 5. Signals seen: information_provided, clarification_requested, other. Evidence: [tweet 1563014, information_provided] ""That might work though, Laura 🙈""",11,very_long_9+,2017-11-04 10:20:55+00:00,482704,conv_1563013,case_1563013,"[1563013, 1563010, 1563012, 1563011, 1563015, 1563014, 1563016, 1563017, 1563019, 1563018, 1563020]",golden_pool_reserve,chitchat_non_support,diverse_coverage,24,24,106,24,4.4167,42,,,,,
case_480156,44,Why is it that every time I get on an @VirginTrains the seat reservation system is faulty. Russian roulette whether the seat I'm in is reserved,"[CUSTOMER 480156] Why is it that every time I get on an @VirginTrains the seat reservation system is faulty. Russian roulette whether the seat I'm in is reserved
[AGENT 480155] @229114 Not great to hear, Paul, apologies for the inconvenience caused. Have you been able to get your seat now? ^HP",seat_reservation_issue,6,seat_reservation_issue,10,ticket_booking_query,ticket_booking_query,0.2187,clarification_requested,False,False,agent_awaiting_customer,"Type: clarification_requested. Outcome: agent_awaiting_customer. Brand agent turns: 1. Signals seen: clarification_requested. Evidence: [tweet 480155, clarification_requested] ""Have you been able to get your seat now?""",2,short_1-2,2017-12-01 13:15:20+00:00,229114,conv_480156,case_480156,"[480156, 480155]",golden_pool_reserve,seat_reservation_issue,diverse_coverage,20,20,84,20,4.2,42,,,,,
case_444036,45,"Without fail everytime I try to book a bike on @VirginTrains there's a problem, mutiple lengthy phone calls or tickets can't be collected","[CUSTOMER 444036] Without fail everytime I try to book a bike on @VirginTrains there's a problem, mutiple lengthy phone calls or tickets can't be collected
[AGENT 444035] @220194 What issues have you had Emily? ^PA
[CUSTOMER 444034] @VirginTrains trying to book my bike on a train, the system is down, have to ring back in two hours, it is never possible to book bike with one phone call
[AGENT 444033] @220194 If you DM us the details of the train we can have a look for bike spaces. ^PA",customer_service_complaint,7,customer_service_complaint,10,ticket_booking_query,ticket_booking_query,0.0035,redirected_to_dm,False,True,redirected_to_dm,"Type: redirected_to_dm. Outcome: redirected_to_dm. Brand agent turns: 2. Signals seen: redirected_to_dm, clarification_requested. Evidence: [tweet 444033, redirected_to_dm] ""If you DM us the details of the train we can have a look for bike spaces.""",4,medium_3-4,2017-11-22 09:14:54+00:00,220194,conv_444036,case_444036,"[444036, 444035, 444034, 444033]",golden_pool_reserve,customer_service_complaint,diverse_coverage,24,24,84,24,3.5,42,,,,,
case_1265405,46,"This is general advice but right now, it’s for you, @VirginTrains. https://t.co/iI1ikXmPz7","[CUSTOMER 1265405] This is general advice but right now, it’s for you, @VirginTrains. https://t.co/iI1ikXmPz7
[AGENT 1265403] @416310 Are you struggling to connect or with speed? ^MW
[CUSTOMER 1265404] @VirginTrains It supposedly connects immediately but every app just shows this or similar. Was working when I left Manc but after that, not so much 😕 https://t.co/ML9Led1VQw
[AGENT 1265406] @416310 It might be worth speaking to Wi-Fi support on 0330 088 1271, Anthony ^MW",chitchat_non_support,0,chitchat_non_support,7,customer_service_complaint,customer_service_complaint,0.0465,information_provided,False,False,agent_answered_unconfirmed,"Type: information_provided. Outcome: agent_answered_unconfirmed. Brand agent turns: 2. Signals seen: information_provided, clarification_requested. Evidence: [tweet 1265406, information_provided] ""It might be worth speaking to Wi-Fi support on 0330 088 1271, Anthony""",4,medium_3-4,2017-10-26 12:20:19+00:00,416310,conv_1265405,case_1265405,"[1265405, 1265403, 1265404, 1265406]",golden_pool_reserve,chitchat_non_support,diverse_coverage,24,24,106,24,4.4167,42,,,,,
case_1408705,47,Thank you @VirginTrains for allowing me on an earlier train home as good will gesture.Great customer service at #kingscross from #virgintrains staff,"[CUSTOMER 1408705] Thank you @VirginTrains for allowing me on an earlier train home as good will gesture.Great customer service at #kingscross from #virgintrains staff
[AGENT 1408704] @122408 Great to hear, Allison! We've copied in @120576 so that they're aware of this 😀 ^PH",journey_disruption_complaint,5,journey_disruption_complaint,8,praise_positive_feedback,praise_positive_feedback,0.0019,information_provided,True,False,agent_closed,"Type: information_provided. Outcome: agent_closed. Brand agent turns: 1. Signals seen: information_provided. Evidence: [tweet 1408704, information_provided] ""Great to hear, Allison! We've copied in @120576 so that they're aware of this 😀""",2,short_1-2,2017-11-01 22:35:11+00:00,122408,conv_1408705,case_1408705,"[1408705, 1408704]",golden_pool_reserve,journey_disruption_complaint,low_margin_boundary,28,29,170,29,5.8621,42,,,,,
case_2125889,48,@VirginTrains just spent 32 mins on a call to your helpdesk only for them to hang up as soon as I got through #soannoyed,"[CUSTOMER 2125889] @VirginTrains just spent 32 mins on a call to your helpdesk only for them to hang up as soon as I got through #soannoyed
[AGENT 2125888] @273976 Sorry to hear this, which number had you contacted please? ^HP
[CUSTOMER 2125887] @VirginTrains 03445565650
[AGENT 2125886] @273976 We'll pass your comments on regarding this. Is there anything we can help you with? ^MM
[CUSTOMER 2125884] @VirginTrains Basically my account booked 2 return tickets for the 15th of November even though the outwards journeys were on the 7th &amp; 9th. I've gone through the change process online but frustrating as I'm now £20 down.
[AGENT 2125882] @273976 This can be escalated further with Customer Relations via the online complaints link - https://t.co/t20UbyOCSn ^MM
[CUSTOMER 2125883] @VirginTrains Thanks I've sent the online form
[AGENT 2125885] @273976 Thank you ^HP",customer_service_complaint,7,customer_service_complaint,2,delay_in_progress_report,service_status_delay_enquiry,0.0315,escalated,False,False,agent_answered_unconfirmed,"Type: escalated. Outcome: agent_answered_unconfirmed. Brand agent turns: 4. Signals seen: escalated, self_service, feedback_acknowledged, clarification_requested, other. Evidence: [tweet 2125882, escalated] ""This can be escalated further with Customer Relations via the online complaints link - https://t.co/t20UbyOCSn""",8,long_5-8,2017-11-08 17:49:31+00:00,273976,conv_2125889,case_2125889,"[2125889, 2125888, 2125887, 2125886, 2125884, 2125882, 2125883, 2125885]",golden_pool_reserve,customer_service_complaint,low_margin_boundary,24,24,84,24,3.5,42,,,,,
case_1333135,49,@VirginTrains you tell us to get onto Leeds train for M’ster then no staff and people demanding seats that should be declassified?,"[CUSTOMER 1333135] @VirginTrains you tell us to get onto Leeds train for M’ster then no staff and people demanding seats that should be declassified?
[AGENT 1333133] @431004 The @120576 would be best placed to help with the service to Leeds ^CB
[CUSTOMER 1333134] @VirginTrains @120576 Totally unsuitable answer!
[OTHER-AGENT 1333136] @431004 @VirginTrains Hi Pete, which service are you currently travelling? ^JC",journey_disruption_complaint,5,journey_disruption_complaint,6,seat_reservation_issue,seat_reservation_issue,0.0622,redirected_to_other_operator,False,False,agent_awaiting_customer,"Type: redirected_to_other_operator. Outcome: agent_awaiting_customer. Brand agent turns: 1. Signals seen: redirected_to_other_operator. Evidence: [tweet 1333133, redirected_to_other_operator] ""The @120576 would be best placed to help with the service to Leeds""",4,medium_3-4,2017-10-27 12:59:19+00:00,431004,conv_1333135,case_1333135,"[1333135, 1333133, 1333134, 1333136]",golden_pool_reserve,journey_disruption_complaint,diverse_coverage,28,29,170,29,5.8621,42,,,,,
case_1558990,50,@VirginTrains delayrepay remains unpaid after 25 days. Two emails to customer relations this week. No response at all. Dreadful service.,"[CUSTOMER 1558990] @VirginTrains delayrepay remains unpaid after 25 days. Two emails to customer relations this week. No response at all. Dreadful service.
[AGENT 1558988] @481789 Sorry to hear this, do you have a VT case reference number please? ^HP
[CUSTOMER 1558989] @VirginTrains Yes. VT-231017-0019
[AGENT 1558991] @481789 If you DM us we can have a look for you. ^PA",delay_repay_refund_claim,3,delay_repay_refund_claim,7,customer_service_complaint,customer_service_complaint,0.0147,redirected_to_dm,False,True,redirected_to_dm,"Type: redirected_to_dm. Outcome: redirected_to_dm. Brand agent turns: 2. Signals seen: redirected_to_dm, clarification_requested. Evidence: [tweet 1558991, redirected_to_dm] ""If you DM us we can have a look for you.""",4,medium_3-4,2017-11-04 13:06:10+00:00,481789,conv_1558990,case_1558990,"[1558990, 1558988, 1558989, 1558991]",golden_pool_reserve,delay_repay_refund_claim,diverse_coverage,22,22,78,22,3.5455,42,,,,,
case_994755,51,Our @VirginTrains pendolino on it's travels in the @43637 labs! #hellobrum @355630 https://t.co/fpH7J8zmW5,"[CUSTOMER 994755] Our @VirginTrains pendolino on it's travels in the @43637 labs! #hellobrum @355630 https://t.co/fpH7J8zmW5
[AGENT 994754] @355629 @43637 @355630 Nice! Have a great journey guys 😊 🚄 ^HP",chitchat_non_support,0,chitchat_non_support,8,praise_positive_feedback,praise_positive_feedback,0.0321,information_provided,True,False,agent_closed,"Type: information_provided. Outcome: agent_closed. Brand agent turns: 1. Signals seen: information_provided. Evidence: [tweet 994754, information_provided] ""Nice! Have a great journey guys 😊 🚄""",2,short_1-2,2017-10-14 11:58:47+00:00,355629,conv_994755,case_994755,"[994755, 994754]",golden_pool_reserve,chitchat_non_support,low_margin_boundary,24,24,106,24,4.4167,42,,,,,
case_915005,52,@VirginTrains poor catering on the 7am KingsX to Edinburgh. Now the boilers broken ... so no service,"[CUSTOMER 915005] @VirginTrains poor catering on the 7am KingsX to Edinburgh. Now the boilers broken ... so no service
[AGENT 915004] @337283 Oh no, can @120576 assist please? ^MW",customer_service_complaint,7,customer_service_complaint,8,praise_positive_feedback,praise_positive_feedback,0.043,other,False,False,agent_awaiting_customer,"Type: other. Outcome: agent_awaiting_customer. Brand agent turns: 1. Signals seen: other. Evidence: [tweet 915004, other] ""Oh no, can @120576 assist please?""",2,short_1-2,2017-10-21 08:44:56+00:00,337283,conv_915005,case_915005,"[915005, 915004]",golden_pool_reserve,customer_service_complaint,diverse_coverage,24,24,84,24,3.5,42,,,,,
case_1609711,53,@VirginTrains is it possible to use a booked train ticket on an earlier service?,"[CUSTOMER 1609711] @VirginTrains is it possible to use a booked train ticket on an earlier service?
[AGENT 1609710] @494186 I'm afraid not Sam no. ^PA",ticket_booking_query,10,ticket_booking_query,1,service_running_enquiry,service_status_delay_enquiry,0.0635,other,False,False,agent_answered_unconfirmed,"Type: other. Outcome: agent_answered_unconfirmed. Brand agent turns: 1. Signals seen: other. Evidence: [tweet 1609710, other] ""I'm afraid not Sam no.""",2,short_1-2,2017-11-05 10:25:03+00:00,494186,conv_1609711,case_1609711,"[1609711, 1609710]",golden_pool_reserve,ticket_booking_query,diverse_coverage,20,20,95,20,4.75,42,,,,,
case_1494890,54,Currently sat on the floor of the train stationary. I have got a bulging disc in my back and am in agony. Great work @VirginTrains,"[CUSTOMER 1494890] Currently sat on the floor of the train stationary. I have got a bulging disc in my back and am in agony. Great work @VirginTrains
[AGENT 1494889] @232965 Which service are you on today? ^MW
[CUSTOMER 1494888] @VirginTrains Milton Keynes Central to Euston
[AGENT 1494886] @232965 I see, have you spoken to the team onboard about this? ^MW
[CUSTOMER 1494887] @VirginTrains I can’t move. Blocked in. I am at the far end of the train wedged in. There are people between the doors. People in vestibules and between seats.",journey_disruption_complaint,5,journey_disruption_complaint,8,praise_positive_feedback,praise_positive_feedback,0.0213,unresolved,False,False,customer_followup_unanswered,"Type: unresolved. Outcome: customer_followup_unanswered. Brand agent turns: 2. Signals seen: clarification_requested. Evidence: [tweet 1494886, clarification_requested] ""I see, have you spoken to the team onboard about this?""",5,long_5-8,2017-12-01 17:29:59+00:00,232965,conv_1494890,case_1494890,"[1494890, 1494889, 1494888, 1494886, 1494887]",golden_pool_reserve,journey_disruption_complaint,low_margin_boundary,28,29,170,29,5.8621,42,,,,,
case_1388536,55,Hi @VirginTrains I left my coat on the last 9:15am Birmingham to Glasgow yesterday. Is there a way to see if it's been found? X,"[CUSTOMER 1388536] Hi @VirginTrains I left my coat on the last 9:15am Birmingham to Glasgow yesterday. Is there a way to see if it's been found? X
[AGENT 1388535] @443036 Oh no! Please call our team on 03331 031 031 option 1, 3 ^CB",chitchat_non_support,0,chitchat_non_support,8,praise_positive_feedback,praise_positive_feedback,0.0096,information_provided,False,False,agent_answered_unconfirmed,"Type: information_provided. Outcome: agent_answered_unconfirmed. Brand agent turns: 1. Signals seen: information_provided. Evidence: [tweet 1388535, information_provided] ""Oh no! Please call our team on 03331 031 031 option 1, 3""",2,short_1-2,2017-10-28 10:20:30+00:00,443036,conv_1388536,case_1388536,"[1388536, 1388535]",golden_pool_reserve,chitchat_non_support,diverse_coverage,24,24,106,24,4.4167,42,,,,,
case_1640404,56,@VirginTrains will ticket acceptance continue tomorrow (6th) for routes north on other providers?,"[CUSTOMER 1640404] @VirginTrains will ticket acceptance continue tomorrow (6th) for routes north on other providers?
[AGENT 1640403] @501513 Hi Isabel, where are you booked to travel to? ^KS
[CUSTOMER 1640402] @VirginTrains Sunderland w/GC but could head to Ncl with Virgin if we’re able to?
[AGENT 1640400] @501513 Who is your ticket booked for, Isabel? ^MM
[CUSTOMER 1640401] @VirginTrains Grand central. We were told ticket acceptance was on but there were no trains north to use it on. Wondered if mutual acceptance tomm too?",ticket_booking_query,10,ticket_booking_query,2,delay_in_progress_report,service_status_delay_enquiry,0.1479,unresolved,False,False,customer_followup_unanswered,"Type: unresolved. Outcome: customer_followup_unanswered. Brand agent turns: 2. Signals seen: clarification_requested. Evidence: [tweet 1640400, clarification_requested] ""Who is your ticket booked for, Isabel?""",5,long_5-8,2017-11-05 23:37:41+00:00,501513,conv_1640404,case_1640404,"[1640404, 1640403, 1640402, 1640400, 1640401]",golden_pool_reserve,ticket_booking_query,diverse_coverage,20,20,95,20,4.75,42,,,,,
case_2546362,57,@VirginTrains can you change the toilet in use indicator from red and green on your toilet doors? Labels maybe? Red green colourblind here... 👀,"[CUSTOMER 2546362] @VirginTrains can you change the toilet in use indicator from red and green on your toilet doors? Labels maybe? Red green colourblind here... 👀
[AGENT 2546361] @723730 We'll pass your comments on to our Fleet team Carl ^HP",chitchat_non_support,0,chitchat_non_support,7,customer_service_complaint,customer_service_complaint,0.0147,feedback_acknowledged,False,False,agent_answered_unconfirmed,"Type: feedback_acknowledged. Outcome: agent_answered_unconfirmed. Brand agent turns: 1. Signals seen: feedback_acknowledged. Evidence: [tweet 2546361, feedback_acknowledged] ""We'll pass your comments on to our Fleet team Carl""",2,short_1-2,2017-11-16 14:22:34+00:00,723730,conv_2546362,case_2546362,"[2546362, 2546361]",golden_pool_reserve,chitchat_non_support,low_margin_boundary,24,24,106,24,4.4167,42,,,,,
case_2768813,58,@VirginTrains #berwickupontweed https://t.co/kKi9tARhwA,"[CUSTOMER 2768813] @VirginTrains #berwickupontweed https://t.co/kKi9tARhwA
[AGENT 2768812] @122190 Great snap! @120576 ^CB",unclear_or_media_only,-1,unclear_or_media_only,-1,unclear_or_media_only,unclear_or_media_only,0.0518,other,False,False,agent_answered_unconfirmed,"Type: other. Outcome: agent_answered_unconfirmed. Brand agent turns: 1. Signals seen: other. Evidence: [tweet 2768812, other] ""Great snap! @120576""",2,short_1-2,2017-11-21 12:04:18+00:00,122190,conv_2768813,case_2768813,"[2768813, 2768812]",golden_pool_reserve,unclear_or_media_only,all_eligible,14,12,12,12,1.0,42,,,,,
case_2935587,59,"@VirginTrains - appalling service on 9.56am Crewe to London... Over booked, crowded train - standing room only to London... Great start to the day!!! Booked seats already occupied...","[CUSTOMER 2935587] @VirginTrains - appalling service on 9.56am Crewe to London... Over booked, crowded train - standing room only to London... Great start to the day!!! Booked seats already occupied...
[AGENT 2935584] @811615 Sorry to hear this Ian, did you have a reserved seat on this train? ^BT
[CUSTOMER 2935586] @VirginTrains Yes, I did... But, lots of people occupying the wrong seats and passengers standing in every isle and doorway...
[CUSTOMER 2935583] @VirginTrains You need a longer train - and better training for your conducting staff... You shouldn't be defending the fact this service is so poor - a bit of empathy and a simple apology would be much more appropriate... And effective...
[CUSTOMER 2935585] @VirginTrains It might also be sensible and better customer management - not too mention safer!!! To allow standing passengers to move into the empty 1st class carriages...
[AGENT 2935582] @811615 Sorry about the inconvenience Ian, if you wish to make a formal complaint regarding this you can do so here https://t.co/t20UbyOCSn ^BT",service_status_delay_enquiry,1,service_running_enquiry,5,journey_disruption_complaint,journey_disruption_complaint,0.0352,self_service,False,False,redirected_to_channel,"Type: self_service. Outcome: redirected_to_channel. Brand agent turns: 2. Signals seen: self_service, clarification_requested. Evidence: [tweet 2935582, self_service] ""Sorry about the inconvenience Ian, if you wish to make a formal complaint regarding this you can do so here https://t.co/t20UbyOCSn""",6,long_5-8,2017-11-29 10:23:42+00:00,811615,conv_2935587,case_2935587,"[2935587, 2935584, 2935586, 2935583, 2935585, 2935582]",golden_pool_reserve,service_status_delay_enquiry,diverse_coverage,30,31,253,31,8.1613,42,,,,,
case_1991647,60,The @VirginTrains WiFi is about as much fun as Branson turning up at Nobu and touching your lasses face eh @38512 eh? ...total fail!,"[CUSTOMER 1991647] The @VirginTrains WiFi is about as much fun as Branson turning up at Nobu and touching your lasses face eh @38512 eh? ...total fail!
[AGENT 1991646] @589428 @38512 What issues are you having? ^PA",onboard_wifi_issue,11,onboard_wifi_issue,0,chitchat_non_support,chitchat_non_support,0.1231,clarification_requested,False,False,agent_awaiting_customer,"Type: clarification_requested. Outcome: agent_awaiting_customer. Brand agent turns: 1. Signals seen: clarification_requested. Evidence: [tweet 1991646, clarification_requested] ""What issues are you having?""",2,short_1-2,2017-10-18 19:02:14+00:00,589428,conv_1991647,case_1991647,"[1991647, 1991646]",golden_pool_reserve,onboard_wifi_issue,diverse_coverage,5,5,36,5,7.2,42,,,,,
case_2690471,61,"On my way back from Edinburgh with @VirginTrains booked on the 12:30 and no seats allocated, trains looks twice overbooked, having to stand, really not impressed","[CUSTOMER 2690471] On my way back from Edinburgh with @VirginTrains booked on the 12:30 and no seats allocated, trains looks twice overbooked, having to stand, really not impressed
[AGENT 2690468] @756376 Hi Thibault, it sounds like you're travelling with @120576 today so we'll pass this over for you ^HP
[CUSTOMER 2690470] @VirginTrains @120576 Would at least expect a refund https://t.co/n7yAa8xpIx
[OTHER-AGENT 2690469] @VirginTrains @756376 Really sorry to hear this - did you have a reserved seat at all? ^KM
[CUSTOMER 2690472] @120576 @VirginTrains Booked the return via Trainline on 29 August, ticket showed seats on the way up, none on the way down despite booking specifically that return train. How can you possibly sell more tickets than actual seats on the train????
[OTHER-AGENT 2690473] @756376 @VirginTrains We would advise speaking with @123241 as to why you weren't allocated seats ^KM
[CUSTOMER 2690474] @120576 @VirginTrains @123241 Regardless of who I booked it through the fact is that @120576 is selling more tickets than seats on the train",seat_reservation_issue,6,seat_reservation_issue,5,journey_disruption_complaint,journey_disruption_complaint,0.033,redirected_to_other_operator,False,False,customer_followup_unanswered,"Type: redirected_to_other_operator. Outcome: customer_followup_unanswered. Brand agent turns: 1. Signals seen: redirected_to_other_operator. Evidence: [tweet 2690468, redirected_to_other_operator] ""Hi Thibault, it sounds like you're travelling with @120576 today so we'll pass this over for you""",7,long_5-8,2017-11-19 15:57:37+00:00,756376,conv_2690471,case_2690471,"[2690471, 2690468, 2690470, 2690469, 2690472, 2690473, 2690474]",golden_pool_reserve,seat_reservation_issue,low_margin_boundary,20,20,84,20,4.2,42,,,,,
case_924810,62,@VirginTrains  .. freezing cold on the MAN - EUS train .. all the way here .. the heating never came on .. carnt wait to get off,"[CUSTOMER 924810] @VirginTrains .. freezing cold on the MAN - EUS train .. all the way here .. the heating never came on .. carnt wait to get off
[AGENT 924808] @339473 Sorry to hear that, did you speak to staff regarding it? ^PA
[CUSTOMER 924809] @VirginTrains Yes .. he said he would turn the heating up it never went up .. I get this train every week I swear I have never been so cold ..
[AGENT 924811] @339473 Sorry for that. ^PA",journey_disruption_complaint,5,journey_disruption_complaint,1,service_running_enquiry,service_status_delay_enquiry,0.0187,clarification_requested,False,False,agent_answered_unconfirmed,"Type: clarification_requested. Outcome: agent_answered_unconfirmed. Brand agent turns: 2. Signals seen: clarification_requested, other. Evidence: [tweet 924808, clarification_requested] ""Sorry to hear that, did you speak to staff regarding it?""",4,medium_3-4,2017-10-21 13:47:52+00:00,339473,conv_924810,case_924810,"[924810, 924808, 924809, 924811]",golden_pool_reserve,journey_disruption_complaint,low_margin_boundary,28,29,170,29,5.8621,42,,,,,
case_2351547,63,@91951 @VirginTrains USELESS,"[CUSTOMER 2351547] @91951 @VirginTrains USELESS
[AGENT 2351546] @679617 @91951 We can't see Chloe's tweet as her account is private. If you wish to get in touch do please DM ^CB https://t.co/hhfk9c3ylv",unclear_or_media_only,-1,unclear_or_media_only,-1,unclear_or_media_only,unclear_or_media_only,0.0518,redirected_to_dm,False,True,redirected_to_dm,"Type: redirected_to_dm. Outcome: redirected_to_dm. Brand agent turns: 1. Signals seen: redirected_to_dm, self_service. Evidence: [tweet 2351546, redirected_to_dm] ""If you wish to get in touch do please DM ^CB https://t.co/hhfk9c3ylv""",2,short_1-2,2017-11-13 17:50:53+00:00,679617,conv_2351547,case_2351547,"[2351547, 2351546]",golden_pool_reserve,unclear_or_media_only,all_eligible,14,12,12,12,1.0,42,,,,,
case_1328159,64,@VirginTrains @140497 @LondonMidland @120576 @122155 @121428 Can you confirm reasonable swap- reading to Crewe rather than my Euston to Crewe. I have paid to get to reading,"[CUSTOMER 1328159] @VirginTrains @140497 @LondonMidland @120576 @122155 @121428 Can you confirm reasonable swap- reading to Crewe rather than my Euston to Crewe. I have paid to get to reading
[AGENT 1328156] @138763 That route wouldn't be valid in these circumstance. For Crewe the best option would be to travel via Derby and Stoke ^CB
[CUSTOMER 1328158] @VirginTrains Think you need to consider a new policy. You can't broadcast other options then have restrictions. I only had minutes to decide, I've gone..
[CUSTOMER 1328157] @VirginTrains Cross Country were fine with my ticket. So far made it to Birmingham about an hour late already and still 2 to go.",service_status_delay_enquiry,9,service_status_update_request,6,seat_reservation_issue,seat_reservation_issue,0.0182,information_provided,False,False,customer_followup_unanswered,"Type: information_provided. Outcome: customer_followup_unanswered. Brand agent turns: 1. Signals seen: information_provided. Evidence: [tweet 1328156, information_provided] ""That route wouldn't be valid in these circumstance. For Crewe the best option would be to travel via Derby and Stoke""",4,medium_3-4,2017-10-27 11:57:25+00:00,138763,conv_1328160,case_1328159,"[1328159, 1328156, 1328158, 1328157]",golden_pool_reserve,service_status_delay_enquiry,low_margin_boundary,30,31,253,31,8.1613,42,,,,,
case_2134750,65,"@VirginTrains do you have a policy on recruiting rude ticket inspectors? First class carriage and price, third class passenger experience","[CUSTOMER 2134750] @VirginTrains do you have a policy on recruiting rude ticket inspectors? First class carriage and price, third class passenger experience
[AGENT 2134749] @628051 Not great to hear, Kieran :( What's happened? ^HP",seat_reservation_issue,6,seat_reservation_issue,10,ticket_booking_query,ticket_booking_query,0.0259,clarification_requested,False,False,agent_awaiting_customer,"Type: clarification_requested. Outcome: agent_awaiting_customer. Brand agent turns: 1. Signals seen: clarification_requested. Evidence: [tweet 2134749, clarification_requested] ""Not great to hear, Kieran :( What's happened?""",2,short_1-2,2017-11-08 17:26:56+00:00,628051,conv_2134750,case_2134750,"[2134750, 2134749]",golden_pool_reserve,seat_reservation_issue,low_margin_boundary,20,20,84,20,4.2,42,,,,,
case_1280931,66,@VirginTrains just seen a staff member on their phone and on their phone was porn. Lovely to see that in first class.,"[CUSTOMER 1280931] @VirginTrains just seen a staff member on their phone and on their phone was porn. Lovely to see that in first class.
[AGENT 1280929] @419704 Which service are you travelling on, Laura? ^MM
[CUSTOMER 1280930] @VirginTrains 15.24 Shrewsbury to Euston. They let someone through and held their phone up.
[AGENT 1280932] @419704 We'll pass your comments on regarding this situation ^MM
[CUSTOMER 1280933] @VirginTrains I got the staff member name if you want it...?
[AGENT 1280934] @419704 Can you send us a DM? ^MM https://t.co/hhfk9c3ylv",first_class_catering_issue,4,first_class_service_issue,0,chitchat_non_support,chitchat_non_support,0.0161,redirected_to_dm,False,True,redirected_to_dm,"Type: redirected_to_dm. Outcome: redirected_to_dm. Brand agent turns: 3. Signals seen: redirected_to_dm, self_service, feedback_acknowledged, clarification_requested. Evidence: [tweet 1280934, redirected_to_dm] ""Can you send us a DM?""",6,long_5-8,2017-10-26 16:59:08+00:00,419704,conv_1280931,case_1280931,"[1280931, 1280929, 1280930, 1280932, 1280933, 1280934]",golden_pool_reserve,first_class_catering_issue,diverse_coverage,5,5,40,5,8.0,42,,,,,
case_73982,67,@VirginTrains hope you’re giving refunds to 1st passengers on what is now a declassified 09:35 from Manchester Piccadilly to London Euston.,"[CUSTOMER 73982] @VirginTrains hope you’re giving refunds to 1st passengers on what is now a declassified 09:35 from Manchester Piccadilly to London Euston.
[AGENT 73981] @132556 Sorry for this today Isabelle, if you log this with our Customer Resolutions team here https://t.co/t20UbyOCSn they will look into this for you. ^BT",delay_repay_refund_claim,3,delay_repay_refund_claim,8,praise_positive_feedback,praise_positive_feedback,0.0007,escalated,False,False,redirected_to_channel,"Type: escalated. Outcome: redirected_to_channel. Brand agent turns: 1. Signals seen: escalated, self_service. Evidence: [tweet 73981, escalated] ""Sorry for this today Isabelle, if you log this with our Customer Resolutions team here https://t.co/t20UbyOCSn they will look into this for you.""",2,short_1-2,2017-11-30 10:30:14+00:00,132556,conv_73982,case_73982,"[73982, 73981]",golden_pool_reserve,delay_repay_refund_claim,low_margin_boundary,22,22,78,22,3.5455,42,,,,,
case_2106693,68,"Bought internet on @virgintrains 30 mins ago, hasn’t worked once 🙈","[CUSTOMER 2106693] Bought internet on @virgintrains 30 mins ago, hasn’t worked once 🙈
[AGENT 2106692] @621738 Are you struggling to connect or with speed? ^MW
[CUSTOMER 2106691] @VirginTrains Struggling to connect, it lets me join but says there’s no internet available but let me pay for it 🤔
[AGENT 2106690] @621738 Try entering https://t.co/1JEOSVPtGN into your browser, Jade ^MW
[CUSTOMER 2106689] @VirginTrains Still not working https://t.co/3ZUJ54xHce
[AGENT 2106688] @621738 Oh no, try speaking to the Wi-Fi team on 0330 088 1271 for assistance ^MW",onboard_wifi_issue,11,onboard_wifi_issue,3,delay_repay_refund_claim,delay_repay_refund_claim,0.0509,troubleshooting,False,False,agent_answered_unconfirmed,"Type: troubleshooting. Outcome: agent_answered_unconfirmed. Brand agent turns: 3. Signals seen: troubleshooting, self_service, information_provided, clarification_requested. Evidence: [tweet 2106690, troubleshooting] ""Try entering https://t.co/1JEOSVPtGN into your browser, Jade""",6,long_5-8,2017-11-08 08:42:38+00:00,621738,conv_2106693,case_2106693,"[2106693, 2106692, 2106691, 2106690, 2106689, 2106688]",golden_pool_reserve,onboard_wifi_issue,low_margin_boundary,5,5,36,5,7.2,42,,,,,
case_612277,69,Give the train man on the 12:15 from Leeds to Kings Cross speaking over the tannoy a pay rise please @VirginTrains 😂😂 he's hilarious!,"[CUSTOMER 612277] Give the train man on the 12:15 from Leeds to Kings Cross speaking over the tannoy a pay rise please @VirginTrains 😂😂 he's hilarious!
[AGENT 612275] @265605 Lovely one for @120576 ^LC
[OTHER-AGENT 612276] @VirginTrains @265605 Thanks Hayley we'll pass on the praise! ^MS",journey_disruption_complaint,5,journey_disruption_complaint,8,praise_positive_feedback,praise_positive_feedback,0.0245,other,False,False,agent_answered_unconfirmed,"Type: other. Outcome: agent_answered_unconfirmed. Brand agent turns: 1. Signals seen: other. Evidence: [tweet 612275, other] ""Lovely one for @120576""",3,medium_3-4,2017-11-22 13:21:54+00:00,265605,conv_612277,case_612277,"[612277, 612275, 612276]",golden_pool_reserve,journey_disruption_complaint,low_margin_boundary,28,29,170,29,5.8621,42,,,,,
case_1276489,70,"convenient that both my trains this weekend have been 25 mins late, because it’s only a 30 min delay you can refund @GWRHelp @VirginTrains","[CUSTOMER 1276489] convenient that both my trains this weekend have been 25 mins late, because it’s only a 30 min delay you can refund @GWRHelp @VirginTrains
[AGENT 1276488] @352746 @GWRHelp What services where you travelling on, Elspeth? ^ BT
[CUSTOMER 1276490] @GWRHelp @VirginTrains @nationalrailenq do you deliberately recommend trains to be 25 minutes delayed so you don’t have to refund/compensate people’s journeys?
[CUSTOMER 1276486] @VirginTrains @GWRHelp Saturday morning Milton Keynes - Birmingham 09:13. I missed my connection to Redditch.
[OTHER-AGENT 1286578] @352746 Hi there, we do not issue refunds and compensation I'm afraid.
[CUSTOMER 1286577] @nationalrailenq I’m talking about the train services, that you as the overarching body oversee, do you not?
[OTHER-AGENT 1286576] @352746 We answer train enquires and give advise in disruptions. We do not run train services, sell tickets or own stations.
[AGENT 1276487] @352746 @GWRHelp 1/2 This would have meant your next service would have been the 10:42, giving an overall delay of 18 minutes. Which would
[AGENT 1276485] @352746 @GWRHelp 2/2 mean no delay would be given unfortunately. ^BT",delay_repay_refund_claim,3,delay_repay_refund_claim,1,service_running_enquiry,service_status_delay_enquiry,0.083,information_provided,False,False,agent_answered_unconfirmed,"Type: information_provided. Outcome: agent_answered_unconfirmed. Brand agent turns: 3. Signals seen: information_provided, clarification_requested. Evidence: [tweet 1276487, information_provided] ""This would have meant your next service would have been the 10:42, giving an overall delay of 18 minutes. Which would""; [tweet 1276485, information_provided] ""mean no delay would be given unfortunately.""",9,very_long_9+,2017-10-16 07:37:32+00:00,352746,conv_1276489,case_1276489,"[1276489, 1276488, 1276490, 1276486, 1286578, 1286577, 1286576, 1276487, 1276485]",golden_pool_reserve,delay_repay_refund_claim,low_margin_boundary,22,22,78,22,3.5455,42,,,,,
case_2881040,71,"@116602 were going to make a documentary on rail commuters in the UK. After costing the price of tickets for the film crew, they decided to buy @6174 from @1561 &amp; commission another 10 series. It's cheaper. @VirginTrains @124107 @131370 @120586","[CUSTOMER 2881040] @116602 were going to make a documentary on rail commuters in the UK. After costing the price of tickets for the film crew, they decided to buy @6174 from @1561 &amp; commission another 10 series. It's cheaper. @VirginTrains @124107 @131370 @120586
[AGENT 2881039] @799441 @124107 @131370 Anything we can help you with this morning? ^CB",journey_disruption_complaint,5,journey_disruption_complaint,10,ticket_booking_query,ticket_booking_query,0.0895,other,False,False,agent_awaiting_customer,"Type: other. Outcome: agent_awaiting_customer. Brand agent turns: 1. Signals seen: other. Evidence: [tweet 2881039, other] ""Anything we can help you with this morning?""",2,short_1-2,2017-11-28 08:28:08+00:00,799441,conv_2881040,case_2881040,"[2881040, 2881039]",golden_pool_reserve,journey_disruption_complaint,diverse_coverage,28,29,170,29,5.8621,42,,,,,
case_132651,72,#adulting forgot to swipe my @122550 when I was getting my ticket for @VirginTrains. I feel i've cheated out of life. #loyaltypoints #somanycards,"[CUSTOMER 132651] #adulting forgot to swipe my @122550 when I was getting my ticket for @VirginTrains. I feel i've cheated out of life. #loyaltypoints #somanycards
[AGENT 132649] @121933 @122550 Oh Sarah. Where's the restart button on Friday morning? ^CB
[CUSTOMER 132650] @VirginTrains @122550 Should be in a coffee cup. Can I claim it back online or at a station?
[AGENT 132652] @121933 @122550 It's not possible to add the points after purchase sadly ^CB
[CUSTOMER 132653] @VirginTrains @122550 Noooo! https://t.co/l7z1WuUCAa
[AGENT 132654] @121933 @122550 😕 ^CB https://t.co/yt2iG2kbh0",customer_service_complaint,7,customer_service_complaint,10,ticket_booking_query,ticket_booking_query,0.001,troubleshooting,False,False,redirected_to_channel,"Type: troubleshooting. Outcome: redirected_to_channel. Brand agent turns: 3. Signals seen: troubleshooting, self_service, information_provided, clarification_requested. Evidence: [tweet 132649, troubleshooting] ""Where's the restart button on Friday morning?""",6,long_5-8,2017-11-24 07:59:32+00:00,121933,conv_132651,case_132651,"[132651, 132649, 132650, 132652, 132653, 132654]",golden_pool_reserve,customer_service_complaint,diverse_coverage,24,24,84,24,3.5,42,,,,,
case_1729294,73,"Hey @VirginTrains why do letters to your Birmingham complaints dept come back ""not known at this address""?","[CUSTOMER 1729294] Hey @VirginTrains why do letters to your Birmingham complaints dept come back ""not known at this address""?
[AGENT 1729292] @522679 Hi Caro, that's unusual, which address did you send the letter to please? ^HP
[CUSTOMER 1729293] @VirginTrains This one - see pic https://t.co/mb8d6gzhuz
[AGENT 1729295] @522679 Apologies Caro, we're not sure why this has been returned to you but we don have an online form you can submit if this helps?
[CUSTOMER 1729296] @VirginTrains I'm tweeting for a relative who doesn't do the internet. So post is the only way for her to register a complaint.
[AGENT 1729298] @522679 The only postal address we have is for a office address that we have since re-located from, we may have a divert in place ^JH
[AGENT 1729297] @522679 ""Freepost"" (Customer Relations, Virgin Trains, FREEPOST BM6613, Meridian, 85 Smallbrook Queensway, BIRMINGHAM, B5 4HA) ^JH",customer_service_complaint,7,customer_service_complaint,3,delay_repay_refund_claim,delay_repay_refund_claim,0.1379,escalated,False,False,agent_answered_unconfirmed,"Type: escalated. Outcome: agent_answered_unconfirmed. Brand agent turns: 4. Signals seen: escalated, self_service, information_provided, clarification_requested. Evidence: [tweet 1729297, escalated] """"Freepost"" (Customer Relations, Virgin Trains, FREEPOST BM6613, Meridian, 85 Smallbrook Queensway, BIRMINGHAM, B5 4HA)""",7,long_5-8,2017-10-17 18:58:01+00:00,522679,conv_1729294,case_1729294,"[1729294, 1729292, 1729293, 1729295, 1729296, 1729298, 1729297]",golden_pool_reserve,customer_service_complaint,diverse_coverage,24,24,84,24,3.5,42,,,,,
case_50353,74,Sat here waiting for a train to go watch the reds and there's no entertainment at all..I blame @VirginTrains they should be giving us a brew,"[CUSTOMER 50353] Sat here waiting for a train to go watch the reds and there's no entertainment at all..I blame @VirginTrains they should be giving us a brew
[AGENT 50352] @127292 Which service are you on, Kristen? ^MM
[CUSTOMER 50351] @VirginTrains Northern from Wigan to Liverpool lime st... worst thing is nowhere to charge my phone on here :-(
[AGENT 50349] @127292 I'm afraid, Northern would be best to advise ^MM
[CUSTOMER 50350] @VirginTrains Buy them out make them an offer they can't refuse",journey_disruption_complaint,5,journey_disruption_complaint,0,chitchat_non_support,chitchat_non_support,0.0226,information_provided,False,False,customer_followup_unanswered,"Type: information_provided. Outcome: customer_followup_unanswered. Brand agent turns: 2. Signals seen: information_provided, clarification_requested. Evidence: [tweet 50349, information_provided] ""I'm afraid, Northern would be best to advise""",5,long_5-8,2017-11-01 17:23:09+00:00,127292,conv_50353,case_50353,"[50353, 50352, 50351, 50349, 50350]",golden_pool_reserve,journey_disruption_complaint,low_margin_boundary,28,29,170,29,5.8621,42,,,,,
case_513313,75,@VirginTrains why are trains sitting outside of wilmslow not moving?,"[CUSTOMER 513313] @VirginTrains why are trains sitting outside of wilmslow not moving?
[AGENT 513312] @238115 There's an issue at Manchester Benji. Apologies for the delays ^MW
[CUSTOMER 513311] @VirginTrains When will the issues be fixed? It’s literally 100 yards from the platform. Just let people off.
[AGENT 513309] @238115 Asap we hope but more will be announced when known ^MW
[CUSTOMER 513310] @VirginTrains Why is it 8billion degrees on this fuking thing? By the time we wait for the dead bloke to be cleaned of the tracks in Manchester I will have melted",journey_disruption_complaint,5,journey_disruption_complaint,1,service_running_enquiry,service_status_delay_enquiry,0.0263,information_provided,False,False,customer_followup_unanswered,"Type: information_provided. Outcome: customer_followup_unanswered. Brand agent turns: 2. Signals seen: information_provided. Evidence: [tweet 513312, information_provided] ""There's an issue at Manchester Benji. Apologies for the delays""; [tweet 513309, information_provided] ""Asap we hope but more will be announced when known""",5,long_5-8,2017-12-01 23:23:02+00:00,238115,conv_513313,case_513313,"[513313, 513312, 513311, 513309, 513310]",golden_pool_reserve,journey_disruption_complaint,low_margin_boundary,28,29,170,29,5.8621,42,,,,,
case_1550709,76,@VirginTrains @213768 any idea what the delay is on the 19:17 train to stockport? Thanks,"[CUSTOMER 1550709] @VirginTrains @213768 any idea what the delay is on the 19:17 train to stockport? Thanks
[AGENT 1550708] @479935 @213768 Hi Chris, where are you travelling from please? ^HP",service_status_delay_enquiry,1,service_running_enquiry,2,delay_in_progress_report,service_status_delay_enquiry,0.0572,clarification_requested,False,False,agent_awaiting_customer,"Type: clarification_requested. Outcome: agent_awaiting_customer. Brand agent turns: 1. Signals seen: clarification_requested. Evidence: [tweet 1550708, clarification_requested] ""Hi Chris, where are you travelling from please?""",2,short_1-2,2017-11-19 18:57:18+00:00,479935,conv_1550709,case_1550709,"[1550709, 1550708]",golden_pool_reserve,service_status_delay_enquiry,diverse_coverage,30,31,253,31,8.1613,42,,,,,
case_895330,77,@VirginTrains absolutely chaos at Euston!! Please talk to your staff so their messages are consistent. 19:00 to Manc. #OnOrOff,"[CUSTOMER 895330] @VirginTrains absolutely chaos at Euston!! Please talk to your staff so their messages are consistent. 19:00 to Manc. #OnOrOff
[AGENT 895327] @332586 Not great to hear, Matthew, what's happened? ^HP
[CUSTOMER 895329] @VirginTrains Violent passenger on the train. @120893 struggled to remove. Train delayed. Over crowded. Passengers advised to board later service. Then...
[CUSTOMER 895328] @VirginTrains Once said passengers left the train. Platform staff began shouting at passengers to get on the train. Chaos. Over crowding now in all areas
[CUSTOMER 895325] @VirginTrains Finally. Tickets declassified. #WorthTheUpgrade #Not
[AGENT 895322] @332586 I see, were you looking to make a complaint today, Matthew? ^MW
[CUSTOMER 895323] @VirginTrains Just want people to be safe. We rely on your expertise to get us from A to B safely. Having passengers on top of each other. Scrambling to..
[CUSTOMER 895324] @VirginTrains ..Get back on a train they were just told to get off. Is very unsafe. I own a model railway, yours is real, people are not toys or cargo.
[AGENT 895326] @332586 We'll certainly pass your comments on about this, Matthew. Apologies for any inconvenience caused ^HP",praise_positive_feedback,8,praise_positive_feedback,7,customer_service_complaint,customer_service_complaint,0.018,feedback_acknowledged,False,False,agent_answered_unconfirmed,"Type: feedback_acknowledged. Outcome: agent_answered_unconfirmed. Brand agent turns: 3. Signals seen: feedback_acknowledged, clarification_requested, other. Evidence: [tweet 895326, feedback_acknowledged] ""We'll certainly pass your comments on about this, Matthew.""",9,very_long_9+,2017-10-13 18:14:34+00:00,332586,conv_895330,case_895330,"[895330, 895327, 895329, 895328, 895325, 895322, 895323, 895324, 895326]",golden_pool_reserve,praise_positive_feedback,low_margin_boundary,8,8,124,8,15.5,42,,,,,
case_1359376,78,Trying day for everyone at @VirginTrains today I’m sure. But staff on 19.23 from Euston have been brilliant - thank you! https://t.co/x74fYmUb57,"[CUSTOMER 1359376] Trying day for everyone at @VirginTrains today I’m sure. But staff on 19.23 from Euston have been brilliant - thank you! https://t.co/x74fYmUb57
[AGENT 1359375] @436926 Thank you for this feedback! If you wish to pass this on, you can do so here https://t.co/KLZij95Jry ^BT",praise_positive_feedback,8,praise_positive_feedback,9,service_status_update_request,service_status_delay_enquiry,0.0752,self_service,False,False,redirected_to_channel,"Type: self_service. Outcome: redirected_to_channel. Brand agent turns: 1. Signals seen: self_service, feedback_acknowledged. Evidence: [tweet 1359375, self_service] ""If you wish to pass this on, you can do so here https://t.co/KLZij95Jry""",2,short_1-2,2017-10-27 19:53:56+00:00,436926,conv_1359376,case_1359376,"[1359376, 1359375]",golden_pool_reserve,praise_positive_feedback,diverse_coverage,8,8,124,8,15.5,42,,,,,
case_1382220,79,"@VirginTrains 
Are you for f****** real! As farcical as the Ryan Air debacle!! 

🤔😏 https://t.co/kAqHPl5lCO","[CUSTOMER 1382220] @VirginTrains Are you for f****** real! As farcical as the Ryan Air debacle!! 🤔😏 https://t.co/kAqHPl5lCO
[AGENT 1382218] @441692 Unfortunately services are facing cancellations following major disruption on our network yesterday ^CB
[CUSTOMER 1382219] @VirginTrains Nicely put! 😏. So will I be get a refund if you’re unable to keep to your side of the agreement and get me to B’Ham Intl?
[AGENT 1382221] @441692 If you are delayed by over 30 mins as a result of issues today you'd be able to claim for this: https://t.co/0kAI0i2NBL ^CB",chitchat_non_support,0,chitchat_non_support,7,customer_service_complaint,customer_service_complaint,0.1138,compensation,False,False,redirected_to_channel,"Type: compensation. Outcome: redirected_to_channel. Brand agent turns: 2. Signals seen: compensation, self_service, information_provided. Evidence: [tweet 1382221, compensation] ""If you are delayed by over 30 mins as a result of issues today you'd be able to claim for this: https://t.co/0kAI0i2NBL""",4,medium_3-4,2017-10-28 06:50:30+00:00,441692,conv_1382220,case_1382220,"[1382220, 1382218, 1382219, 1382221]",golden_pool_reserve,chitchat_non_support,diverse_coverage,24,24,106,24,4.4167,42,,,,,
case_1352461,80,@VirginTrains can I get a refund for a train that is an hour delayed?,"[CUSTOMER 1352461] @VirginTrains can I get a refund for a train that is an hour delayed?
[AGENT 1352460] @435399 Hi Lola, you can, please claim Delay Repay here: https://t.co/fEE35w9nNF ^HP",delay_repay_refund_claim,3,delay_repay_refund_claim,5,journey_disruption_complaint,journey_disruption_complaint,0.2087,compensation,False,False,redirected_to_channel,"Type: compensation. Outcome: redirected_to_channel. Brand agent turns: 1. Signals seen: compensation, self_service. Evidence: [tweet 1352460, compensation] ""Hi Lola, you can, please claim Delay Repay here: https://t.co/fEE35w9nNF""",2,short_1-2,2017-10-27 17:36:35+00:00,435399,conv_1352461,case_1352461,"[1352461, 1352460]",golden_pool_reserve,delay_repay_refund_claim,diverse_coverage,22,22,78,22,3.5455,42,,,,,
case_2781354,81,@O2 literally every date I've selected in the promotional period comes up with this error?? What to do? https://t.co/9JSWEtZJ2t,"[CUSTOMER 2781354] @O2 literally every date I've selected in the promotional period comes up with this error?? What to do? https://t.co/9JSWEtZJ2t
[CUSTOMER 2781353] @O2 Umm can anyone at @VirginTrains help?
[AGENT 2781352] @282020 @O2 What journey details are you putting in and when are you travelling, Paige? ^MW
[CUSTOMER 2781351] @VirginTrains @O2 I was trying 5-7 Jan or 12-14 Jan, travelling London to Edinburgh
[AGENT 2781350] @282020 @O2 Have you entered to travel from London Euston to Edinburgh ^MW
[OTHER-AGENT 2781355] @282020 😞 We'll let Virgin take it from here, Paige. We hope it's sorted for you soon 👍",customer_service_complaint,7,customer_service_complaint,10,ticket_booking_query,ticket_booking_query,0.0175,information_provided,False,False,agent_answered_unconfirmed,"Type: information_provided. Outcome: agent_answered_unconfirmed. Brand agent turns: 2. Signals seen: information_provided, clarification_requested. Evidence: [tweet 2781350, information_provided] ""Have you entered to travel from London Euston to Edinburgh""",6,long_5-8,2017-11-21 14:32:40+00:00,282020,conv_2781354,case_2781354,"[2781354, 2781353, 2781352, 2781351, 2781350, 2781355]",golden_pool_reserve,customer_service_complaint,low_margin_boundary,24,24,84,24,3.5,42,,,,,
case_983194,82,Familiar @VirginTrains experience. https://t.co/9PLwcf4aCP,"[CUSTOMER 983194] Familiar @VirginTrains experience. https://t.co/9PLwcf4aCP
[AGENT 983192] @353096 Hi Dawn, is that on @120576? if so our friends there can help. ^PA
[CUSTOMER 983193] @VirginTrains @120576 They won't be able to conjure empty seats out of the air...",unclear_or_media_only,-1,unclear_or_media_only,-1,unclear_or_media_only,unclear_or_media_only,0.0518,redirected_to_other_operator,False,False,customer_followup_unanswered,"Type: redirected_to_other_operator. Outcome: customer_followup_unanswered. Brand agent turns: 1. Signals seen: redirected_to_other_operator. Evidence: [tweet 983192, redirected_to_other_operator] ""if so our friends there can help.""",3,medium_3-4,2017-10-22 14:35:08+00:00,353096,conv_983194,case_983194,"[983194, 983192, 983193]",golden_pool_reserve,unclear_or_media_only,all_eligible,14,12,12,12,1.0,42,,,,,
case_2646431,83,"Changing it up with a new rail company this evening - @VirginTrains &amp; not the usual @124107 🚂 #southofthewall

From Vikings in Glasgow to London &amp; the Plastic Surgery meeting @20717 - a combo worthy of a hemsworth surely @746665?! 😍

@20718 #SCLF17 life https://t.co/P7UQIzNnNc","[CUSTOMER 2646431] Changing it up with a new rail company this evening - @VirginTrains &amp; not the usual @124107 🚂 #southofthewall From Vikings in Glasgow to London &amp; the Plastic Surgery meeting @20717 - a combo worthy of a hemsworth surely @746665?! 😍 @20718 #SCLF17 life https://t.co/P7UQIzNnNc
[AGENT 2646430] @746664 @124107 @20717 @746665 @20718 Welcome onboard, Karen :D We hope you enjoy your journey! ^HP",chitchat_non_support,0,chitchat_non_support,5,journey_disruption_complaint,journey_disruption_complaint,0.0027,information_provided,True,False,agent_closed,"Type: information_provided. Outcome: agent_closed. Brand agent turns: 1. Signals seen: information_provided. Evidence: [tweet 2646430, information_provided] ""Welcome onboard, Karen :D We hope you enjoy your journey!""",2,short_1-2,2017-11-30 19:01:10+00:00,746664,conv_2646431,case_2646431,"[2646431, 2646430]",golden_pool_reserve,chitchat_non_support,low_margin_boundary,24,24,106,24,4.4167,42,,,,,
case_1701391,84,"@VirginTrains hi, I had an awful experience yesterday at Euston trying to get to Manchester - it took me 8 hours instead of 2","[CUSTOMER 1701391] @VirginTrains hi, I had an awful experience yesterday at Euston trying to get to Manchester - it took me 8 hours instead of 2
[CUSTOMER 1701389] @VirginTrains I bought my ticket at a station. Please can you tell me how I can obtain a refund and apply for compensation. Thanks
[AGENT 1701390] @515860 1/2 Hi Caz, apologies, we were experiencing major disruption across our network yesterday due to an incident involving
[AGENT 1701387] @515860 2/2 emergency services. You can claim compensation via our online form here: https://t.co/5voPTD7Des ^HP
[CUSTOMER 1701388] @VirginTrains I know, the service in the station was also terrible. I will use the link. Thanks",service_status_delay_enquiry,9,service_status_update_request,2,delay_in_progress_report,service_status_delay_enquiry,0.0257,compensation,False,False,customer_followup_unanswered,"Type: compensation. Outcome: customer_followup_unanswered. Brand agent turns: 2. Signals seen: compensation, self_service, information_provided. Evidence: [tweet 1701387, compensation] ""You can claim compensation via our online form here: https://t.co/5voPTD7Des""",5,long_5-8,2017-11-06 21:11:30+00:00,515860,conv_1701391,case_1701391,"[1701391, 1701389, 1701390, 1701387, 1701388]",golden_pool_reserve,service_status_delay_enquiry,diverse_coverage,30,31,253,31,8.1613,42,,,,,
case_888906,85,On board @VirginTrains bound for London. #fastasyouwantdriver 👨🏻‍✈️🚝💨 https://t.co/hubKt0Fo9h,"[CUSTOMER 888906] On board @VirginTrains bound for London. #fastasyouwantdriver 👨🏻‍✈️🚝💨 https://t.co/hubKt0Fo9h
[AGENT 888905] @331040 Have a great journey, James! ^HP",service_status_delay_enquiry,9,service_status_update_request,8,praise_positive_feedback,praise_positive_feedback,0.0356,other,True,False,agent_closed,"Type: other. Outcome: agent_closed. Brand agent turns: 1. Signals seen: other. Evidence: [tweet 888905, other] ""Have a great journey, James!""",2,short_1-2,2017-10-13 17:29:45+00:00,331040,conv_888906,case_888906,"[888906, 888905]",golden_pool_reserve,service_status_delay_enquiry,low_margin_boundary,30,31,253,31,8.1613,42,,,,,
case_659073,86,Worst train journey ever! @VirginTrains absolutely raging. Was meant to be home 9:20 and i’m still not in London.,"[CUSTOMER 659073] Worst train journey ever! @VirginTrains absolutely raging. Was meant to be home 9:20 and i’m still not in London.
[AGENT 659072] @276924 Sorry to hear Rebecca, we have had major disruption on our network today due to flooding. You can claim compensation for this journey here https://t.co/v2F1XYIfEP ^BT",journey_disruption_complaint,5,journey_disruption_complaint,1,service_running_enquiry,service_status_delay_enquiry,0.0409,compensation,False,False,redirected_to_channel,"Type: compensation. Outcome: redirected_to_channel. Brand agent turns: 1. Signals seen: compensation, self_service. Evidence: [tweet 659072, compensation] ""You can claim compensation for this journey here https://t.co/v2F1XYIfEP""",2,short_1-2,2017-11-22 23:33:50+00:00,276924,conv_659073,case_659073,"[659073, 659072]",golden_pool_reserve,journey_disruption_complaint,diverse_coverage,28,29,170,29,5.8621,42,,,,,
case_1898499,87,"When you buy tickets six mths in #Advance, but circumstances outside your control mean ye can't use them. &gt;_&lt;

@145773 @VirginTrains","[CUSTOMER 1898499] When you buy tickets six mths in #Advance, but circumstances outside your control mean ye can't use them. &gt;_&lt; @145773 @VirginTrains
[AGENT 1898497] @304384 @145773 Oh no you can make a change of journey for them for a fee. ^PA
[CUSTOMER 1898498] @VirginTrains @145773 1/2 As it happens, cheapest to buy a SVR for my outward leg so all good on getting home. However as my Adv...
[CUSTOMER 1898500] @VirginTrains @145773 2/2 Tix were each under £10 there's no point trying to exchange them. They're all e-tickts too as happens! :-p
[AGENT 1898501] @304384 @145773 The admin fee is set at £10 for now, but we can certainly pass on your feddback around this. ^KS
[CUSTOMER 1898502] @VirginTrains @145773 That's why I norm choose (No refund) e-tkts for fares &lt;£10. No sense trying to change those with fees due! :-)",ticket_booking_query,10,ticket_booking_query,7,customer_service_complaint,customer_service_complaint,0.196,feedback_acknowledged,False,False,customer_followup_unanswered,"Type: feedback_acknowledged. Outcome: customer_followup_unanswered. Brand agent turns: 2. Signals seen: feedback_acknowledged, information_provided. Evidence: [tweet 1898501, feedback_acknowledged] ""The admin fee is set at £10 for now, but we can certainly pass on your feddback around this.""",6,long_5-8,2017-10-18 12:41:42+00:00,304384,conv_1898499,case_1898499,"[1898499, 1898497, 1898498, 1898500, 1898501, 1898502]",golden_pool_reserve,ticket_booking_query,diverse_coverage,20,20,95,20,4.75,42,,,,,
case_527360,88,@VirginTrains  Is the 7:30 from London to Glasgow going to be cancelled? #BeHonest,"[CUSTOMER 527360] @VirginTrains Is the 7:30 from London to Glasgow going to be cancelled? #BeHonest
[AGENT 527358] @242065 This service is currently running and is awaiting departure from London Euston. ^BT
[CUSTOMER 527359] @VirginTrains Thanks for the update #HappyGirl 👸🏽",service_status_delay_enquiry,9,service_status_update_request,2,delay_in_progress_report,service_status_delay_enquiry,0.1061,information_provided,True,False,customer_confirmed,"Type: information_provided. Outcome: customer_confirmed. Brand agent turns: 1. Signals seen: information_provided. Evidence: [tweet 527358, information_provided] ""This service is currently running and is awaiting departure from London Euston.""",3,medium_3-4,2017-12-02 07:27:46+00:00,242065,conv_527360,case_527360,"[527360, 527358, 527359]",golden_pool_reserve,service_status_delay_enquiry,diverse_coverage,30,31,253,31,8.1613,42,,,,,
case_2678204,89,@VirginTrains if I'm travelling LIV-EUS on a Sunday + want to pay for 1st Class upgrade on train can I use lounge at Lime St ?,"[CUSTOMER 2678204] @VirginTrains if I'm travelling LIV-EUS on a Sunday + want to pay for 1st Class upgrade on train can I use lounge at Lime St ?
[AGENT 2678202] @424827 You'd need to do this onboard, so sadly entry to the Lounge wouldn't be available ^CB
[CUSTOMER 2678203] @VirginTrains I thought so, I won't bother then as it's not worth it.",first_class_catering_issue,4,first_class_service_issue,10,ticket_booking_query,ticket_booking_query,0.0672,information_provided,False,False,customer_followup_unanswered,"Type: information_provided. Outcome: customer_followup_unanswered. Brand agent turns: 1. Signals seen: information_provided. Evidence: [tweet 2678202, information_provided] ""You'd need to do this onboard, so sadly entry to the Lounge wouldn't be available""",3,medium_3-4,2017-10-31 14:32:05+00:00,424827,conv_2678204,case_1304460,"[2678204, 2678202, 2678203]",golden_pool_reserve,first_class_catering_issue,diverse_coverage,5,5,40,5,8.0,42,,,,,
case_2984277,90,@VirginTrains dear virgin trains west coast isn’t about time your first and standard class got updated looks little out off date,"[CUSTOMER 2984277] @VirginTrains dear virgin trains west coast isn’t about time your first and standard class got updated looks little out off date
[AGENT 2984276] @353530 Thanks for your feedback, Henry. We'll pass this onto our makeover department ^MM https://t.co/ThLnSQn8O3",first_class_catering_issue,4,first_class_service_issue,5,journey_disruption_complaint,journey_disruption_complaint,0.0223,self_service,False,False,redirected_to_channel,"Type: self_service. Outcome: redirected_to_channel. Brand agent turns: 1. Signals seen: self_service, feedback_acknowledged. Evidence: [tweet 2984276, self_service] ""We'll pass this onto our makeover department ^MM https://t.co/ThLnSQn8O3""",2,short_1-2,2017-11-20 19:13:50+00:00,353530,conv_2984277,case_2984277,"[2984277, 2984276]",golden_pool_reserve,first_class_catering_issue,low_margin_boundary,5,5,40,5,8.0,42,,,,,
case_1220391,91,@VirginTrains very unhappy with the service I have just had from your call centre. Neer to correct a ticket error and they won't help!,"[CUSTOMER 1220391] @VirginTrains very unhappy with the service I have just had from your call centre. Neer to correct a ticket error and they won't help!
[AGENT 1220389] @406331 Hi Neil, really sorry to hear that. Can we ask what you need to correct with your ticket please? ^HP
[CUSTOMER 1220390] @VirginTrains I had to change the return journey but when I checked confirmation this afternoon the ticket was the wrong date and in past!
[CUSTOMER 1220392] @VirginTrains how can your own system allow a return ticket to be changed to a date before the outbound!
[AGENT 1220393] @406331 That's really unusual Neil, can we take your booking reference number so we can have a look at your ticket please? ^HP
[CUSTOMER 1220394] @VirginTrains 2337752126 changed return journey online given new reference 2338124627 this ticket is wrong and should be for next Tuesday.
[AGENT 1220395] @406331 The new reference shows a ticket for the 18:56 Edinburgh to Wolverhampton on Tuesday 31st October - is this incorrect? ^HP",ticket_booking_query,10,ticket_booking_query,7,customer_service_complaint,customer_service_complaint,0.0205,clarification_requested,False,False,agent_awaiting_customer,"Type: clarification_requested. Outcome: agent_awaiting_customer. Brand agent turns: 3. Signals seen: clarification_requested, other. Evidence: [tweet 1220389, clarification_requested] ""Can we ask what you need to correct with your ticket please?""",7,long_5-8,2017-10-25 14:57:33+00:00,406331,conv_1220391,case_1220391,"[1220391, 1220389, 1220390, 1220392, 1220393, 1220394, 1220395]",golden_pool_reserve,ticket_booking_query,diverse_coverage,20,20,95,20,4.75,42,,,,,
case_1333784,92,@VirginTrains I'm due out of London (to Liverpool) on the 16.07 - ballet tickets at 19.30 (v close to station) Any idea what my chances are?,"[CUSTOMER 1333784] @VirginTrains I'm due out of London (to Liverpool) on the 16.07 - ballet tickets at 19.30 (v close to station) Any idea what my chances are?
[AGENT 1333783] @431154 Hi Jemma, we're expecting residual delays today but we'd advise keeping an eye on our Live Updates here: https://t.co/lLbFt1Oi6t",service_status_delay_enquiry,1,service_running_enquiry,10,ticket_booking_query,ticket_booking_query,0.008,self_service,False,False,redirected_to_channel,"Type: self_service. Outcome: redirected_to_channel. Brand agent turns: 1. Signals seen: self_service. Evidence: [tweet 1333783, self_service] ""Hi Jemma, we're expecting residual delays today but we'd advise keeping an eye on our Live Updates here: https://t.co/lLbFt1Oi6t""",2,short_1-2,2017-10-27 13:21:40+00:00,431154,conv_1333784,case_1333784,"[1333784, 1333783]",golden_pool_reserve,service_status_delay_enquiry,low_margin_boundary,30,31,253,31,8.1613,42,,,,,
case_1317879,93,Worst diet ever @VirginTrains https://t.co/5or1KmEu2C,"[CUSTOMER 1317879] Worst diet ever @VirginTrains https://t.co/5or1KmEu2C
[AGENT 1317878] @427819 We would agree! ^BT",chitchat_non_support,0,chitchat_non_support,4,first_class_service_issue,first_class_catering_issue,0.0892,other,False,False,agent_answered_unconfirmed,"Type: other. Outcome: agent_answered_unconfirmed. Brand agent turns: 1. Signals seen: other. Evidence: [tweet 1317878, other] ""We would agree!""",2,short_1-2,2017-12-01 09:43:05+00:00,427819,conv_1317879,case_1317879,"[1317879, 1317878]",golden_pool_reserve,chitchat_non_support,diverse_coverage,24,24,106,24,4.4167,42,,,,,
case_1264133,94,"@VirginTrains hi, am I allowed to travel on an earlier train with my advance-reserved seat ticket? Thank u. 😀","[CUSTOMER 1264133] @VirginTrains hi, am I allowed to travel on an earlier train with my advance-reserved seat ticket? Thank u. 😀
[AGENT 1264134] @416028 Afraid not, you would need to travel on the booked service only ^MW
[CUSTOMER 1264132] @VirginTrains Are there any charges then to swap my ticket for another train before departure?thanks
[AGENT 1264131] @416028 It will depend on the ticket really, if you speak to Aftersales on 0344 556 5650 they can assist further ^MW",ticket_booking_query,10,ticket_booking_query,1,service_running_enquiry,service_status_delay_enquiry,0.023,information_provided,False,False,agent_answered_unconfirmed,"Type: information_provided. Outcome: agent_answered_unconfirmed. Brand agent turns: 2. Signals seen: information_provided. Evidence: [tweet 1264134, information_provided] ""Afraid not, you would need to travel on the booked service only""; [tweet 1264131, information_provided] ""It will depend on the ticket really, if you speak to Aftersales on 0344 556 5650 they can assist further""",4,medium_3-4,2017-10-26 11:50:09+00:00,416028,conv_1264133,case_1264133,"[1264133, 1264134, 1264132, 1264131]",golden_pool_reserve,ticket_booking_query,low_margin_boundary,20,20,95,20,4.75,42,,,,,
case_1110614,95,"@VirginTrains can you advise on progress for refund VT-130917-0277? Promised refund on 25/9, still waiting + asked another Q, no reply since","[CUSTOMER 1110614] @VirginTrains can you advise on progress for refund VT-130917-0277? Promised refund on 25/9, still waiting + asked another Q, no reply since
[AGENT 1110615] @321139 1/2 Hi Graham, I'll escalate this with our Customer Resolutions team for you, as it looks like they're yet to respond to your
[AGENT 1110613] @321139 2/2 latest emails, so you should hear back from them within the next few days :) ^HP",delay_repay_refund_claim,3,delay_repay_refund_claim,7,customer_service_complaint,customer_service_complaint,0.1724,escalated,False,False,agent_answered_unconfirmed,"Type: escalated. Outcome: agent_answered_unconfirmed. Brand agent turns: 2. Signals seen: escalated, information_provided. Evidence: [tweet 1110615, escalated] ""Hi Graham, I'll escalate this with our Customer Resolutions team for you, as it looks like they're yet to respond to your""",3,medium_3-4,2017-10-15 10:12:11+00:00,321139,conv_1110614,case_1110614,"[1110614, 1110615, 1110613]",golden_pool_reserve,delay_repay_refund_claim,diverse_coverage,22,22,78,22,3.5455,42,,,,,
case_2721235,96,@VirginTrains I️ have a split journey and 1st train running late will advance ticket be valid on next journey?,"[CUSTOMER 2721235] @VirginTrains I️ have a split journey and 1st train running late will advance ticket be valid on next journey?
[AGENT 2721234] @763516 It will be, do you have a through ticket, Simone? ^MW",service_status_delay_enquiry,1,service_running_enquiry,10,ticket_booking_query,ticket_booking_query,0.0034,clarification_requested,False,False,agent_awaiting_customer,"Type: clarification_requested. Outcome: agent_awaiting_customer. Brand agent turns: 1. Signals seen: clarification_requested. Evidence: [tweet 2721234, clarification_requested] ""It will be, do you have a through ticket, Simone?""",2,short_1-2,2017-11-20 10:10:15+00:00,763516,conv_2721235,case_2721235,"[2721235, 2721234]",golden_pool_reserve,service_status_delay_enquiry,low_margin_boundary,30,31,253,31,8.1613,42,,,,,
case_604609,97,@VirginTrains It would be v handy if the app could update status when tix have been collected. I tried to collect tix from the station on Monday but had to pay £83 for a new ticket as I forgot I'd already collected them way back in July. I'd like a refund for the unused ones.,"[CUSTOMER 604609] @VirginTrains It would be v handy if the app could update status when tix have been collected. I tried to collect tix from the station on Monday but had to pay £83 for a new ticket as I forgot I'd already collected them way back in July. I'd like a refund for the unused ones.
[AGENT 604608] @263722 I'm not able to authorise a refund from here I'm afraid. You'll need to get in touch with our team through the website: https://t.co/t20Ubz6dJV ^CB
[CUSTOMER 604607] @VirginTrains I know you're not. I was making a suggestion. Sadly some Virgin Trains staff are so unhelpful &amp; seemed to enjoy watching me have a breakdown. I'm quite sure there'll be a reason for a refund refusal but I'd like you to forward the suggestion as it would solve the problem.
[AGENT 604606] @263722 I'm not in a position to do this sadly, and under these circumstances it is likely that a refund wouldn't be processed. Do please get in touch so that the team can take a further look ^CB
[CUSTOMER 604605] @VirginTrains I will but it's time Virgin had compassion. I think it's disgusting to charge so much money &amp; offer no refund when presented with evidence that I have a set of unused tickets - same person, same journey. Where do I suggest the app change?
[AGENT 604604] @263722 You can write in via https://t.co/eBwvq4sf1W ^PA",delay_repay_refund_claim,3,delay_repay_refund_claim,10,ticket_booking_query,ticket_booking_query,0.0015,refund,False,False,redirected_to_channel,"Type: refund. Outcome: redirected_to_channel. Brand agent turns: 3. Signals seen: refund, self_service. Evidence: [tweet 604608, refund] ""I'm not able to authorise a refund from here I'm afraid.""; [tweet 604606, refund] ""I'm not in a position to do this sadly, and under these circumstances it is likely that a refund wouldn't be processed.""",6,long_5-8,2017-11-22 10:26:50+00:00,263722,conv_604609,case_604609,"[604609, 604608, 604607, 604606, 604605, 604604]",golden_pool_reserve,delay_repay_refund_claim,low_margin_boundary,22,22,78,22,3.5455,42,,,,,
case_1651339,98,2/2 that can be done! Cool @VirginTrains,"[CUSTOMER 1651339] 2/2 that can be done! Cool @VirginTrains
[AGENT 1651337] @504312 Hi, Gemma, staff at the ticket office may be able to assist you. ^PH
[CUSTOMER 1651338] @VirginTrains Afraid not, he said — and I quote “there’s nothing I can do, you need to call them “",chitchat_non_support,0,chitchat_non_support,4,first_class_service_issue,first_class_catering_issue,0.0779,self_service,False,False,customer_followup_unanswered,"Type: self_service. Outcome: customer_followup_unanswered. Brand agent turns: 1. Signals seen: self_service. Evidence: [tweet 1651337, self_service] ""Hi, Gemma, staff at the ticket office may be able to assist you.""",3,medium_3-4,2017-11-06 06:41:12+00:00,504312,conv_1651339,case_1651339,"[1651339, 1651337, 1651338]",golden_pool_reserve,chitchat_non_support,diverse_coverage,24,24,106,24,4.4167,42,,,,,
case_674836,99,@VirginTrains just been very well looked after on the 9.49 Durham to Birmingham by Malcolm on tickets and Trevor on the refreshment trolley - excellent and chirpy service!  Thanks boys 💕,"[CUSTOMER 674836] @VirginTrains just been very well looked after on the 9.49 Durham to Birmingham by Malcolm on tickets and Trevor on the refreshment trolley - excellent and chirpy service! Thanks boys 💕
[AGENT 674834] @280948 Lovely one for @121428 :) ^LC
[CUSTOMER 674835] @VirginTrains @121428 Indeed. Whole team can be proud! On time, clean and comfy and superb customer service with good humour.
[OTHER-AGENT 674837] @280948 @VirginTrains Great to hear Karenza, we'll be sure to pass your comments on to Trevor and Malcolm :)",praise_positive_feedback,8,praise_positive_feedback,5,journey_disruption_complaint,journey_disruption_complaint,0.1213,other,True,False,agent_closed,"Type: other. Outcome: agent_closed. Brand agent turns: 1. Signals seen: other. Evidence: [tweet 674834, other] ""Lovely one for @121428 :)""",4,medium_3-4,2017-11-23 10:24:06+00:00,280948,conv_674836,case_674836,"[674836, 674834, 674835, 674837]",golden_pool_reserve,praise_positive_feedback,diverse_coverage,8,8,124,8,15.5,42,,,,,
case_1328972,100,@VirginTrains - bought a ticket. Can’t see it on the app. Was told to buy another ticket and get a refund. Ridiculous!! Make it easy.,"[CUSTOMER 1328972] @VirginTrains - bought a ticket. Can’t see it on the app. Was told to buy another ticket and get a refund. Ridiculous!! Make it easy.
[AGENT 1328971] @430070 Sorry to hear you've had problems with your ticket. Please get in touch so we can look in to this: https://t.co/6CQvcjqVwG ^CB",delay_repay_refund_claim,3,delay_repay_refund_claim,10,ticket_booking_query,ticket_booking_query,0.0022,self_service,False,False,redirected_to_channel,"Type: self_service. Outcome: redirected_to_channel. Brand agent turns: 1. Signals seen: self_service. Evidence: [tweet 1328971, self_service] ""Please get in touch so we can look in to this: https://t.co/6CQvcjqVwG""",2,short_1-2,2017-10-27 12:13:25+00:00,430070,conv_1328972,case_1328972,"[1328972, 1328971]",golden_pool_reserve,delay_repay_refund_claim,low_margin_boundary,22,22,78,22,3.5455,42,,,,,
case_2793943,101,@VirginTrains on hold for 30mins rn anyone home?,"[CUSTOMER 2793943] @VirginTrains on hold for 30mins rn anyone home?
[AGENT 2793942] @779697 Which number are you calling Kev? ^BT
[CUSTOMER 2793941] @VirginTrains 03445565650
[AGENT 2793939] @779697 We don't have a timescale for this at the moment. They are open until 22:00. ^BT
[CUSTOMER 2793940] @VirginTrains 😭
[CUSTOMER 2793938] @VirginTrains Can you help???
[AGENT 2793936] @779697 What's happened, Kev? ^MW
[CUSTOMER 2793937] @VirginTrains Printed my tickets for my journey tomorrow and they are both in the same name is this a problem?
[AGENT 2793947] @779697 Are they e-tickets by any chance? ^MW
[CUSTOMER 2793935] @VirginTrains The tickets are for 2 people
[AGENT 2793934] @779697 Can we see a pic of them please? ^MW",service_status_delay_enquiry,2,delay_in_progress_report,0,chitchat_non_support,chitchat_non_support,0.0151,information_provided,False,False,agent_awaiting_customer,"Type: information_provided. Outcome: agent_awaiting_customer. Brand agent turns: 5. Signals seen: information_provided, clarification_requested, other. Evidence: [tweet 2793939, information_provided] ""We don't have a timescale for this at the moment. They are open until 22:00.""",11,very_long_9+,2017-11-21 21:19:06+00:00,779697,conv_2793943,case_2793943,"[2793943, 2793942, 2793941, 2793939, 2793940, 2793938, 2793936, 2793937, 2793947, 2793935, 2793934]",golden_pool_reserve,service_status_delay_enquiry,low_margin_boundary,30,31,253,31,8.1613,42,,,,,
case_1387434,102,@VirginTrains @327380 It's probably staged by Corbyn,[CUSTOMER 1387434] @VirginTrains @327380 It's probably staged by Corbyn,chitchat_non_support,0,chitchat_non_support,7,customer_service_complaint,customer_service_complaint,0.1129,unresolved,False,False,no_response,Brand never replied in the public thread (outcome: no_response).,1,short_1-2,2017-10-28 11:21:45+00:00,442821,conv_1387435,case_1387434,[1387434],golden_pool_reserve,chitchat_non_support,diverse_coverage,24,24,106,24,4.4167,42,,,,,
case_1210947,103,Delightful and helpful @VirginTrains manager on 9:40 GLA-&gt;LON this morning! Didn't catch his name but credit where credit due!,"[CUSTOMER 1210947] Delightful and helpful @VirginTrains manager on 9:40 GLA-&gt;LON this morning! Didn't catch his name but credit where credit due!
[AGENT 1210946] @404238 Great to hear! We will be sure to pass this onto him. ^BT",customer_service_complaint,7,customer_service_complaint,0,chitchat_non_support,chitchat_non_support,0.0132,information_provided,True,False,agent_closed,"Type: information_provided. Outcome: agent_closed. Brand agent turns: 1. Signals seen: information_provided. Evidence: [tweet 1210946, information_provided] ""Great to hear! We will be sure to pass this onto him.""",2,short_1-2,2017-10-25 11:42:43+00:00,404238,conv_1210947,case_1210947,"[1210947, 1210946]",golden_pool_reserve,customer_service_complaint,diverse_coverage,24,24,84,24,3.5,42,,,,,
case_1578716,104,@486184 Oh dear 😐,[CUSTOMER 1578716] @486184 Oh dear 😐,unclear_or_media_only,-1,unclear_or_media_only,-1,unclear_or_media_only,unclear_or_media_only,0.0518,unresolved,False,False,no_response,Brand never replied in the public thread (outcome: no_response).,1,short_1-2,2017-11-04 18:25:01+00:00,486185,conv_1578717,case_1578716,[1578716],golden_pool_reserve,unclear_or_media_only,all_eligible,14,12,12,12,1.0,42,,,,,
case_551597,105,@248556 The last day of my radiotherapy (after my cancer op) I had to get on the train home.The toilets STANK as usual on @VirginTrains I complained 2 staff(I explained I had just finished radiotherapy) on the platform abt it they treated me abominably &amp; did not let me get on the train.,"[CUSTOMER 551597] @248556 The last day of my radiotherapy (after my cancer op) I had to get on the train home.The toilets STANK as usual on @VirginTrains I complained 2 staff(I explained I had just finished radiotherapy) on the platform abt it they treated me abominably &amp; did not let me get on the train.
[AGENT 551595] @248555 @248556 Were you looking to make a complaint today, Michelle? ^MW
[CUSTOMER 551596] @VirginTrains @248556 I made this complaint a long time ago on Twitter u did not bother to look into it.U employ vile ppl to deal with the public.#Branson's businesses r a disgrace including his trains.I expect his medical clinics r exactly the same #Virgin #revolting
[AGENT 551598] @248555 Complaints should be made to this link &gt; https://t.co/UtCX17d8HR ^OL",journey_disruption_complaint,5,journey_disruption_complaint,6,seat_reservation_issue,seat_reservation_issue,0.0233,self_service,False,False,redirected_to_channel,"Type: self_service. Outcome: redirected_to_channel. Brand agent turns: 2. Signals seen: self_service, other. Evidence: [tweet 551598, self_service] ""Complaints should be made to this link > https://t.co/UtCX17d8HR""",4,medium_3-4,2017-12-02 18:16:49+00:00,248555,conv_551599,case_551597,"[551597, 551595, 551596, 551598]",golden_pool_reserve,journey_disruption_complaint,low_margin_boundary,28,29,170,29,5.8621,42,,,,,
case_139198,106,So @VirginTrains doors close 2mins before departure but only give 4 mins for passengers to get there - inc elderly 🤔,"[CUSTOMER 139198] So @VirginTrains doors close 2mins before departure but only give 4 mins for passengers to get there - inc elderly 🤔
[AGENT 139196] @147369 Hi Lyanne, which station are you referring to please? ^HP
[CUSTOMER 139197] @VirginTrains Euston
[AGENT 139199] @147369 Thanks for confirming, Lyanne. This has now changed to 1 minute before departure, but we'll pass your comments on in regards to this ^HP",seat_reservation_issue,6,seat_reservation_issue,2,delay_in_progress_report,service_status_delay_enquiry,0.0022,feedback_acknowledged,False,False,agent_answered_unconfirmed,"Type: feedback_acknowledged. Outcome: agent_answered_unconfirmed. Brand agent turns: 2. Signals seen: feedback_acknowledged, clarification_requested. Evidence: [tweet 139199, feedback_acknowledged] ""This has now changed to 1 minute before departure, but we'll pass your comments on in regards to this""",4,medium_3-4,2017-11-24 10:58:24+00:00,147369,conv_139198,case_139198,"[139198, 139196, 139197, 139199]",golden_pool_reserve,seat_reservation_issue,low_margin_boundary,20,20,84,20,4.2,42,,,,,
case_1271248,107,@VirginTrains  0717 . Coach f why are there no unreserved seats on this service as per the norm,"[CUSTOMER 1271248] @VirginTrains 0717 . Coach f why are there no unreserved seats on this service as per the norm
[AGENT 1271247] @417630 Morning Jordan. Where are you travelling from and too? ^BT
[CUSTOMER 1271246] @VirginTrains Preston to crewe .. normally coach f is free but it's more or less reserved and has been recently
[AGENT 1271245] @417630 Coach C would be the new unreserved Coach on this service. ^BT",seat_reservation_issue,6,seat_reservation_issue,2,delay_in_progress_report,service_status_delay_enquiry,0.202,information_provided,False,False,agent_answered_unconfirmed,"Type: information_provided. Outcome: agent_answered_unconfirmed. Brand agent turns: 2. Signals seen: information_provided, clarification_requested. Evidence: [tweet 1271245, information_provided] ""Coach C would be the new unreserved Coach on this service.""",4,medium_3-4,2017-10-16 06:16:14+00:00,417630,conv_1271248,case_1271248,"[1271248, 1271247, 1271246, 1271245]",golden_pool_reserve,seat_reservation_issue,diverse_coverage,20,20,84,20,4.2,42,,,,,
case_2452993,108,@VirginTrains £88 I payed delayed over 1hour this morning and now on the way home I have to sit on the floor by the door because no seats???,"[CUSTOMER 2452993] @VirginTrains £88 I payed delayed over 1hour this morning and now on the way home I have to sit on the floor by the door because no seats???
[AGENT 2452990] @702792 Sorry to hear that, we do recommend pre-booking seats to avoid having to stand, apologies Matty ^MW
[CUSTOMER 2452991] @VirginTrains How can u book seats if you don’t know what time ur coming back.the first class section is empty how about less first class I’m sat on floor
[AGENT 2453005] @702792 We'll be sure to pass this on for you, Matty ^MW
[CUSTOMER 2452992] @VirginTrains £88 and I sit on the floor is that right????
[CUSTOMER 2452982] @VirginTrains Delayed an hour from Liverpool this morning and sit on the floor on the way home do you think this is acceptable???
[AGENT 2452980] @702792 That's not good to hear, would you like to make a complaint? ^MW
[CUSTOMER 2452981] @VirginTrains Yes of course theirs 4 of us who have spent £88 each
[AGENT 2452983] @702792 Please submit your comments here - https://t.co/EFf9ENO7yO ^MW
[CUSTOMER 2452988] @VirginTrains No I’d rather do it public because this is an absolute disgrace
[CUSTOMER 2452987] @VirginTrains First class is never full but you put so many first class carriages on absolute disgrace
[CUSTOMER 2452986] @VirginTrains £88 and I don’t get a seat do you think that is right
[CUSTOMER 2452985] @VirginTrains That’s what you get for paying £88 https://t.co/O8D1Z2tHPB
[CUSTOMER 2452984] @VirginTrains Sat on the floor
[CUSTOMER 2452989] @VirginTrains Can you reply please",seat_reservation_issue,6,seat_reservation_issue,3,delay_repay_refund_claim,delay_repay_refund_claim,0.0224,self_service,False,False,customer_followup_unanswered,"Type: self_service. Outcome: customer_followup_unanswered. Brand agent turns: 4. Signals seen: self_service, feedback_acknowledged, information_provided, other. Evidence: [tweet 2452983, self_service] ""Please submit your comments here - https://t.co/EFf9ENO7yO""",15,very_long_9+,2017-10-29 18:15:31+00:00,702792,conv_2452993,case_2452993,"[2452993, 2452990, 2452991, 2453005, 2452992, 2452982, 2452980, 2452981, 2452983, 2452988, 2452987, 2452986, 2452985, 2452984, 2452989]",golden_pool_reserve,seat_reservation_issue,low_margin_boundary,20,20,84,20,4.2,42,,,,,
case_131881,109,"The the tall guy who looks like Kylo Ren, who goes on the 07:35 @VirginTrains from Manchester to Stoke every morning, I think I love you lol","[CUSTOMER 131881] The the tall guy who looks like Kylo Ren, who goes on the 07:35 @VirginTrains from Manchester to Stoke every morning, I think I love you lol
[AGENT 131880] @145733 It must be love, love, love! ^CB",chitchat_non_support,0,chitchat_non_support,8,praise_positive_feedback,praise_positive_feedback,0.0112,information_provided,False,False,agent_answered_unconfirmed,"Type: information_provided. Outcome: agent_answered_unconfirmed. Brand agent turns: 1. Signals seen: information_provided. Evidence: [tweet 131880, information_provided] ""It must be love, love, love!""",2,short_1-2,2017-11-24 07:34:46+00:00,145733,conv_131881,case_131881,"[131881, 131880]",golden_pool_reserve,chitchat_non_support,low_margin_boundary,24,24,106,24,4.4167,42,,,,,
case_527314,110,"@VirginTrains I need to get back to Preston from Euston around 10am, are trains still delayed?","[CUSTOMER 527314] @VirginTrains I need to get back to Preston from Euston around 10am, are trains still delayed?
[AGENT 527313] @242055 Service are meeting with delay due to damage to the overhead wires between Euston and Watford Junction. We advise to keep up to date here https://t.co/mPukV7bSIe ^BT",service_status_delay_enquiry,1,service_running_enquiry,9,service_status_update_request,service_status_delay_enquiry,0.1627,self_service,False,False,redirected_to_channel,"Type: self_service. Outcome: redirected_to_channel. Brand agent turns: 1. Signals seen: self_service. Evidence: [tweet 527313, self_service] ""We advise to keep up to date here https://t.co/mPukV7bSIe""",2,short_1-2,2017-12-02 07:37:44+00:00,242055,conv_527314,case_527314,"[527314, 527313]",golden_pool_reserve,service_status_delay_enquiry,diverse_coverage,30,31,253,31,8.1613,42,,,,,
case_582377,111,Terrible end to our honeymoon @VirginTrains managed to get on the right service following the Euston delays to find we can’t have our 1st class seats we paid for because someone else is sat in them. Been travelling for 36 hours 😭😭😡😡,"[CUSTOMER 582377] Terrible end to our honeymoon @VirginTrains managed to get on the right service following the Euston delays to find we can’t have our 1st class seats we paid for because someone else is sat in them. Been travelling for 36 hours 😭😭😡😡
[AGENT 582375] @257291 We're so sorry to hear this, Mark. Unfortunately we've experienced major disruption across our network due to emergency repairs on overhead lines today. You can claim compensation for this by contacting our Customer Resolutions team here: https://t.co/LQOZhhqzcV
[CUSTOMER 582376] @VirginTrains Will do- this is us currently stood up next to the toilet. 1st class all the way. Felt like more could have been done to protect the reservations. Appreciate the severe disruptions- just don’t think the customer experience has been handled particularly well. https://t.co/3qjWqBo7Ru
[CUSTOMER 582378] @VirginTrains My wife is already furiously completing it. Thanks.
[AGENT 582379] @257291 Apologies again for the inconvenience caused to you and your wife today ^HP",seat_reservation_issue,6,seat_reservation_issue,4,first_class_service_issue,first_class_catering_issue,0.0348,compensation,False,False,agent_answered_unconfirmed,"Type: compensation. Outcome: agent_answered_unconfirmed. Brand agent turns: 2. Signals seen: compensation, self_service, information_provided. Evidence: [tweet 582375, compensation] ""You can claim compensation for this by contacting our Customer Resolutions team here: https://t.co/LQOZhhqzcV""",5,long_5-8,2017-12-03 13:23:26+00:00,257291,conv_582377,case_582377,"[582377, 582375, 582376, 582378, 582379]",golden_pool_reserve,seat_reservation_issue,low_margin_boundary,20,20,84,20,4.2,42,,,,,
case_2978009,112,@VirginTrains abusing disabled people again. Stuck on train in Euston. #abuse #Disability #yetagain,"[CUSTOMER 2978009] @VirginTrains abusing disabled people again. Stuck on train in Euston. #abuse #Disability #yetagain
[AGENT 2978008] @821317 Which service were you on? Have the onboard team not been through? ^CB",journey_disruption_complaint,5,journey_disruption_complaint,7,customer_service_complaint,customer_service_complaint,0.0543,clarification_requested,False,False,agent_awaiting_customer,"Type: clarification_requested. Outcome: agent_awaiting_customer. Brand agent turns: 1. Signals seen: clarification_requested. Evidence: [tweet 2978008, clarification_requested] ""Which service were you on?""",2,short_1-2,2017-10-31 20:19:00+00:00,821317,conv_2978009,case_2978009,"[2978009, 2978008]",golden_pool_reserve,journey_disruption_complaint,diverse_coverage,28,29,170,29,5.8621,42,,,,,
case_786708,113,Thanks to the lady @VirginTrains help desk. Almost missed my train after queuingx15min to book space for my bike #BetterBikesOnTrainsService,"[CUSTOMER 786708] Thanks to the lady @VirginTrains help desk. Almost missed my train after queuingx15min to book space for my bike #BetterBikesOnTrainsService
[AGENT 786707] @307672 Hi there, do feel free to drop us a message next time and we can reserve a bike space for you here if there's availability :) ^HP",journey_disruption_complaint,5,journey_disruption_complaint,1,service_running_enquiry,service_status_delay_enquiry,0.0178,redirected_to_dm,False,True,agent_answered_unconfirmed,"Type: redirected_to_dm. Outcome: agent_answered_unconfirmed. Brand agent turns: 1. Signals seen: redirected_to_dm. Evidence: [tweet 786707, redirected_to_dm] ""Hi there, do feel free to drop us a message next time and we can reserve a bike space for you here if there's availability :)""",2,short_1-2,2017-10-12 09:31:00+00:00,307672,conv_786708,case_786708,"[786708, 786707]",golden_pool_reserve,journey_disruption_complaint,low_margin_boundary,28,29,170,29,5.8621,42,,,,,
case_1449670,114,"Disappointed with @VirginTrains for having a faulty app, as a result costing me over £100 in replacement tickets. Not impressed.","[CUSTOMER 1449670] Disappointed with @VirginTrains for having a faulty app, as a result costing me over £100 in replacement tickets. Not impressed.
[AGENT 1449669] @456403 Have you contacted the Aftersales support team about this issue? They can be reached on 03445565650 ^CB
[CUSTOMER 1449668] @VirginTrains With zero success. Customer services are the reason I ended up spending the money. The after sales team offered to take more money from me.
[AGENT 1449666] @456403 If you're unhappy with your experience and wish to escalate further please get in touch: https://t.co/wsh5ezzX7n ^CB
[CUSTOMER 1449667] @VirginTrains Thank you.",ticket_booking_query,10,ticket_booking_query,7,customer_service_complaint,customer_service_complaint,0.0315,escalated,True,False,customer_confirmed,"Type: escalated. Outcome: customer_confirmed. Brand agent turns: 2. Signals seen: escalated, self_service, clarification_requested. Evidence: [tweet 1449666, escalated] ""If you're unhappy with your experience and wish to escalate further please get in touch: https://t.co/wsh5ezzX7n""",5,long_5-8,2017-11-02 16:46:37+00:00,456403,conv_1449670,case_1449670,"[1449670, 1449669, 1449668, 1449666, 1449667]",golden_pool_reserve,ticket_booking_query,low_margin_boundary,20,20,95,20,4.75,42,,,,,
case_2418514,115,What a shambles of a journey that was @VirginTrains between Southampton and Reading Late and severe over crowding,"[CUSTOMER 2418514] What a shambles of a journey that was @VirginTrains between Southampton and Reading Late and severe over crowding
[AGENT 2418513] @694901 We don't run that service, Richard. Sounds like one for @121428 ^CB
[CUSTOMER 2418516] @VirginTrains Confused bought tickets on Virgin Train website and the train had Virgin on the side
[AGENT 2418789] @694901 We don't run between Southampton and Reading, but our website will sell tickets for all other train operators ^CB",praise_positive_feedback,8,praise_positive_feedback,5,journey_disruption_complaint,journey_disruption_complaint,0.008,redirected_to_other_operator,False,False,agent_answered_unconfirmed,"Type: redirected_to_other_operator. Outcome: agent_answered_unconfirmed. Brand agent turns: 2. Signals seen: redirected_to_other_operator, self_service. Evidence: [tweet 2418513, redirected_to_other_operator] ""We don't run that service, Richard.""",4,medium_3-4,2017-10-29 11:32:15+00:00,694901,conv_2418514,case_2418514,"[2418514, 2418513, 2418516, 2418789]",golden_pool_reserve,praise_positive_feedback,low_margin_boundary,8,8,124,8,15.5,42,,,,,
case_2685484,116,So when will @VirginTrains accommodate customers who pay for seats on the 43minutes past the hour from London&gt;Edinburgh. #LackOfPlanning,"[CUSTOMER 2685484] So when will @VirginTrains accommodate customers who pay for seats on the 43minutes past the hour from London&gt;Edinburgh. #LackOfPlanning
[AGENT 2685483] @755246 Which service are you referring to, Laxmi? ^LC
[CUSTOMER 2685482] @VirginTrains the 4.43
[AGENT 2685480] @755246 Have you reserved a seat prior to travelling? ^LC
[CUSTOMER 2685477] @VirginTrains no but there are others I am standing with that have. Although it's not the first time. I travel regularly and this...
[CUSTOMER 2685481] @VirginTrains particular service is always heavily booked! Must be at least 150 people standing
[AGENT 2685475] @755246 We'd always advise reserving a seat prior to travelling as services into Scotland can get very busy I'm afraid, Laxmi ^LC
[CUSTOMER 2685476] @VirginTrains I'm sure you can understand that most people book open returns. Just makes sense to have an additional service!
[AGENT 2685478] @755246 It's not always possible to run additional trains sadly. We'll certainly pass on your comments to our timetable team ^CB
[CUSTOMER 2685479] @VirginTrains yes please do considering a train manager advised an additional service would be ideal previously too!",seat_reservation_issue,6,seat_reservation_issue,2,delay_in_progress_report,service_status_delay_enquiry,0.1076,feedback_acknowledged,False,False,customer_followup_unanswered,"Type: feedback_acknowledged. Outcome: customer_followup_unanswered. Brand agent turns: 4. Signals seen: feedback_acknowledged, information_provided, clarification_requested. Evidence: [tweet 2685478, feedback_acknowledged] ""We'll certainly pass on your comments to our timetable team""",10,very_long_9+,2017-10-31 16:59:38+00:00,755246,conv_2685484,case_2685484,"[2685484, 2685483, 2685482, 2685480, 2685477, 2685481, 2685475, 2685476, 2685478, 2685479]",golden_pool_reserve,seat_reservation_issue,diverse_coverage,20,20,84,20,4.2,42,,,,,
case_1991622,117,Makes me sad when plug sockets don't work on @VirginTrains like I trusted you and you hurt my heart and left me with no battery.,"[CUSTOMER 1991622] Makes me sad when plug sockets don't work on @VirginTrains like I trusted you and you hurt my heart and left me with no battery.
[AGENT 1991619] @448165 If you speak to staff they can reset the power. ^PA
[CUSTOMER 1991620] @VirginTrains I'd love to but I'm visually impaired and me finding the staff on here would be like you looking for your pal in a pitch black room 😀
[AGENT 1991623] @448165 Oh right, could you try someone else's socket to see if they're having the same issue please? ^MW
[CUSTOMER 1991624] @VirginTrains Yes they are, non working.
[AGENT 1991625] @448165 Which service and coach are you in? ^PA
[CUSTOMER 1991626] @VirginTrains Think I'm in G. On the 7.30pm from Birmingham New Street to London Euston
[AGENT 1991627] @448165 We will try to contact the Train Manager for you. ^PA
[CUSTOMER 1991621] @VirginTrains thank you. I think I can trust you again now 😉
[AGENT 1991628] @448165 I've just spoken to them there is no coach G, are you able to see which is it so I can advise. ^PA
[CUSTOMER 1991630] @VirginTrains Told you I was visually Impaired ha ha E is what I meant. Sorry.
[AGENT 1991632] @448165 No problem. ^PA
[CUSTOMER 1991629] @VirginTrains All working now. Top customer service and help. Cheers
[AGENT 1991631] @448165 It should all be sorted now. ^PA",customer_service_complaint,7,customer_service_complaint,0,chitchat_non_support,chitchat_non_support,0.0214,information_provided,False,False,agent_answered_unconfirmed,"Type: information_provided. Outcome: agent_answered_unconfirmed. Brand agent turns: 7. Signals seen: information_provided, clarification_requested, other. Evidence: [tweet 1991619, information_provided] ""If you speak to staff they can reset the power.""; [tweet 1991627, information_provided] ""We will try to contact the Train Manager for you.""; [tweet 1991628, information_provided] ""I've just spoken to them there is no coach G, are you able to see which is it so I can advise.""; [tweet 1991631, information_provided] ""It should all be sorted now.""",14,very_long_9+,2017-10-18 19:00:14+00:00,448165,conv_1991622,case_1991622,"[1991622, 1991619, 1991620, 1991623, 1991624, 1991625, 1991626, 1991627, 1991621, 1991628, 1991630, 1991632, 1991629, 1991631]",golden_pool_reserve,customer_service_complaint,low_margin_boundary,24,24,84,24,3.5,42,,,,,
case_1201667,118,@VirginTrains no one checked my ticket from Warrington to London on Saturday at 10:20. Can I get a refund for this? Pointless ticket,"[CUSTOMER 1201667] @VirginTrains no one checked my ticket from Warrington to London on Saturday at 10:20. Can I get a refund for this? Pointless ticket
[AGENT 1201665] @402345 Hi Mike, I'm afraid we wouldn't be able to offer a refund for this. You are still required to have a ticket for your journey ^HP
[CUSTOMER 1201666] @VirginTrains I know I'm just being awkward. Just annoys that some people would have got that journey for free! Why did no one check it?
[AGENT 1201669] @402345 1/2 We can totally understand your frustration, Mike, apologies about this. We're not sure why this was the case but we'll be sure
[AGENT 1201668] @402345 2/2 to pass your comments on in regards to this issue ^HP",ticket_booking_query,10,ticket_booking_query,3,delay_repay_refund_claim,delay_repay_refund_claim,0.0197,refund,False,False,agent_answered_unconfirmed,"Type: refund. Outcome: agent_answered_unconfirmed. Brand agent turns: 3. Signals seen: refund, feedback_acknowledged, information_provided. Evidence: [tweet 1201665, refund] ""Hi Mike, I'm afraid we wouldn't be able to offer a refund for this.""",5,long_5-8,2017-10-25 13:00:25+00:00,402345,conv_1201667,case_1201667,"[1201667, 1201665, 1201666, 1201669, 1201668]",golden_pool_reserve,ticket_booking_query,low_margin_boundary,20,20,95,20,4.75,42,,,,,
case_1438856,119,@VirginTrains need help with a booking,"[CUSTOMER 1438856] @VirginTrains need help with a booking
[AGENT 1438855] @453919 You will need to contact @120576 regarding this. ^PA",ticket_booking_query,10,ticket_booking_query,6,seat_reservation_issue,seat_reservation_issue,0.0265,redirected_to_other_operator,False,False,agent_answered_unconfirmed,"Type: redirected_to_other_operator. Outcome: agent_answered_unconfirmed. Brand agent turns: 1. Signals seen: redirected_to_other_operator. Evidence: [tweet 1438855, redirected_to_other_operator] ""You will need to contact @120576 regarding this.""",2,short_1-2,2017-11-02 10:48:38+00:00,453919,conv_1438856,case_1438856,"[1438856, 1438855]",golden_pool_reserve,ticket_booking_query,low_margin_boundary,20,20,95,20,4.75,42,,,,,
case_690906,120,@VirginTrains #virgintrains Really pleased I paid for a 1st class ticket to Glasgow tonight. Carriage was filthy and no service in over 3 hours. https://t.co/UiMV9K7RoD,"[CUSTOMER 690906] @VirginTrains #virgintrains Really pleased I paid for a 1st class ticket to Glasgow tonight. Carriage was filthy and no service in over 3 hours. https://t.co/UiMV9K7RoD
[AGENT 690905] @285089 Stuart, please provide full details via https://t.co/bqqiy8tv2g &amp; we'll follow up for you ^AN",first_class_catering_issue,4,first_class_service_issue,10,ticket_booking_query,ticket_booking_query,0.0488,self_service,False,False,redirected_to_channel,"Type: self_service. Outcome: redirected_to_channel. Brand agent turns: 1. Signals seen: self_service. Evidence: [tweet 690905, self_service] ""Stuart, please provide full details via https://t.co/bqqiy8tv2g & we'll follow up for you""",2,short_1-2,2017-11-19 23:36:47+00:00,285089,conv_690906,case_690906,"[690906, 690905]",golden_pool_reserve,first_class_catering_issue,diverse_coverage,5,5,40,5,8.0,42,,,,,
case_688682,121,@VirginTrains Currently waiting at Lancaster for the 13:55 to Glasgow. Board just says delayed and been no announcement on how delayed it will be. Any idea?,"[CUSTOMER 688682] @VirginTrains Currently waiting at Lancaster for the 13:55 to Glasgow. Board just says delayed and been no announcement on how delayed it will be. Any idea?
[AGENT 688681] @284530 We're currently investigating this delay ^CB",service_status_delay_enquiry,2,delay_in_progress_report,9,service_status_update_request,service_status_delay_enquiry,0.0544,other,False,False,agent_answered_unconfirmed,"Type: other. Outcome: agent_answered_unconfirmed. Brand agent turns: 1. Signals seen: other. Evidence: [tweet 688681, other] ""We're currently investigating this delay""",2,short_1-2,2017-11-23 14:11:10+00:00,284530,conv_688682,case_688682,"[688682, 688681]",golden_pool_reserve,service_status_delay_enquiry,diverse_coverage,30,31,253,31,8.1613,42,,,,,
case_803431,122,"Paid £5 for wi-fi that doesn't work. Fantastic, thank you so much @VirginTrains","[CUSTOMER 803431] Paid £5 for wi-fi that doesn't work. Fantastic, thank you so much @VirginTrains
[AGENT 803429] @311464 What issues are you having? ^PA
[CUSTOMER 803430] @VirginTrains Was unable to so much as load a single page in first two hours. Is now just painfully slow. Really poor for a paying service.
[AGENT 803432] @311464 Sorry to hear that Brett, are you still onboard? ^PA
[CUSTOMER 803433] @VirginTrains I am yes, it's the 2pm Glasgow Central to London Euston service.
[AGENT 803434] @311464 Try closing it all down now and resetting it with https://t.co/1JEOSVPtGN ^PA",onboard_wifi_issue,11,onboard_wifi_issue,7,customer_service_complaint,customer_service_complaint,0.3153,self_service,False,False,redirected_to_channel,"Type: self_service. Outcome: redirected_to_channel. Brand agent turns: 3. Signals seen: self_service, clarification_requested. Evidence: [tweet 803434, self_service] ""Try closing it all down now and resetting it with https://t.co/1JEOSVPtGN""",6,long_5-8,2017-10-12 16:23:44+00:00,311464,conv_803431,case_803431,"[803431, 803429, 803430, 803432, 803433, 803434]",golden_pool_reserve,onboard_wifi_issue,diverse_coverage,5,5,36,5,7.2,42,,,,,
case_1403228,123,@VirginTrains what’s the point in making a reservation 4 the 19.05 KGX when u declare all reservations cancelled,"[CUSTOMER 1403228] @VirginTrains what’s the point in making a reservation 4 the 19.05 KGX when u declare all reservations cancelled
[AGENT 1403224] @446253 Could @120576 assist please? ^MW
[OTHER-AGENT 1403225] @VirginTrains @446253 Apologies Sarah, we're using a different train-type this evening and it's affected the planned reservations. ^JC
[CUSTOMER 1403227] @VirginTrains @120576 Having 2 sit in a ‘free 4 all’ with passengers demanding 2 sit in their pre booked seats, but having 2 explain no seat reservations
[CUSTOMER 1403226] @VirginTrains @120576 I can see as I am on it. So are many irritated folk demanding their seats. Like the lady who just shouted at us. Thanks for that!",seat_reservation_issue,6,seat_reservation_issue,10,ticket_booking_query,ticket_booking_query,0.0452,other,True,False,customer_confirmed,"Type: other. Outcome: customer_confirmed. Brand agent turns: 1. Signals seen: other. Evidence: [tweet 1403224, other] ""Could @120576 assist please?""",5,long_5-8,2017-10-28 17:54:07+00:00,446253,conv_1403228,case_1403228,"[1403228, 1403224, 1403225, 1403227, 1403226]",golden_pool_reserve,seat_reservation_issue,diverse_coverage,20,20,84,20,4.2,42,,,,,
case_1119691,124,@VirginTrains this is how we stood for nearly 3 hrs after being delayed 3 hrs and turfed off put on another train! Not a replacement! #crazy,"[CUSTOMER 1119691] @VirginTrains this is how we stood for nearly 3 hrs after being delayed 3 hrs and turfed off put on another train! Not a replacement! #crazy
[AGENT 1119689] @384170 Hi Ria, sorry to hear this, which service were you travelling on please? ^HP
[CUSTOMER 1119690] @VirginTrains The 7.55 Newcastle to London. 3 hrs delayed then put on an already packed train #awful
[AGENT 1119692] @384170 Thanks for confirming Ria. We'll pass this over to our colleagues at @120576 as they'd be best to advise on this ^HP",journey_disruption_complaint,5,journey_disruption_complaint,1,service_running_enquiry,service_status_delay_enquiry,0.0912,redirected_to_other_operator,False,False,agent_answered_unconfirmed,"Type: redirected_to_other_operator. Outcome: agent_answered_unconfirmed. Brand agent turns: 2. Signals seen: redirected_to_other_operator, clarification_requested. Evidence: [tweet 1119692, redirected_to_other_operator] ""We'll pass this over to our colleagues at @120576 as they'd be best to advise on this""",4,medium_3-4,2017-10-15 12:47:43+00:00,384170,conv_1119691,case_1119691,"[1119691, 1119689, 1119690, 1119692]",golden_pool_reserve,journey_disruption_complaint,diverse_coverage,28,29,170,29,5.8621,42,,,,,
case_2012137,125,Very disappointed with @VirginTrains Customer Service. Receive an email to say refund will be issued within 5-7 days. 2 weeks later and still no sign and no response to any of my emails #expectedbetter,"[CUSTOMER 2012137] Very disappointed with @VirginTrains Customer Service. Receive an email to say refund will be issued within 5-7 days. 2 weeks later and still no sign and no response to any of my emails #expectedbetter
[AGENT 2012134] @594979 Do you have a VT reference you could DM us please? ^LC
[CUSTOMER 2012135] @VirginTrains Will you need to follow me so I can DM?
[CUSTOMER 2012136] @VirginTrains Thank you - just DM’d the VT number…",delay_repay_refund_claim,3,delay_repay_refund_claim,7,customer_service_complaint,customer_service_complaint,0.0833,redirected_to_dm,True,True,customer_confirmed,"Type: redirected_to_dm. Outcome: customer_confirmed. Brand agent turns: 1. Signals seen: redirected_to_dm, clarification_requested. Evidence: [tweet 2012134, redirected_to_dm] ""Do you have a VT reference you could DM us please?""",4,medium_3-4,2017-12-01 12:09:46+00:00,594979,conv_2012137,case_2012137,"[2012137, 2012134, 2012135, 2012136]",golden_pool_reserve,delay_repay_refund_claim,low_margin_boundary,22,22,78,22,3.5455,42,,,,,
case_1332161,126,@VirginTrains my mum is stuck on the 11.15 Manchester to Euston train but stuck at Stafford - are there any updates on when it'll be moving?,"[CUSTOMER 1332161] @VirginTrains my mum is stuck on the 11.15 Manchester to Euston train but stuck at Stafford - are there any updates on when it'll be moving?
[AGENT 1332160] @430774 Services are facing major disruption due to a person being hit by a train. We're waiting on further updates ^CB",service_status_delay_enquiry,1,service_running_enquiry,9,service_status_update_request,service_status_delay_enquiry,0.1032,information_provided,False,False,agent_answered_unconfirmed,"Type: information_provided. Outcome: agent_answered_unconfirmed. Brand agent turns: 1. Signals seen: information_provided. Evidence: [tweet 1332160, information_provided] ""Services are facing major disruption due to a person being hit by a train. We're waiting on further updates""",2,short_1-2,2017-10-27 12:55:34+00:00,430774,conv_1332161,case_1332161,"[1332161, 1332160]",golden_pool_reserve,service_status_delay_enquiry,diverse_coverage,30,31,253,31,8.1613,42,,,,,
case_624278,127,@VirginTrains how do I apply for my 50% refund? I've got a Virgin only year season ticket for my daily commute Wilmslow to Piccadilly,"[CUSTOMER 624278] @VirginTrains how do I apply for my 50% refund? I've got a Virgin only year season ticket for my daily commute Wilmslow to Piccadilly
[AGENT 624277] @268190 Hi Ray, you can still apply for this by contacting our Customer Resolutions team here: https://t.co/t20UbyOCSn ^HP",delay_repay_refund_claim,3,delay_repay_refund_claim,10,ticket_booking_query,ticket_booking_query,0.0542,self_service,False,False,redirected_to_channel,"Type: self_service. Outcome: redirected_to_channel. Brand agent turns: 1. Signals seen: self_service. Evidence: [tweet 624277, self_service] ""Hi Ray, you can still apply for this by contacting our Customer Resolutions team here: https://t.co/t20UbyOCSn""",2,short_1-2,2017-11-22 17:56:43+00:00,268190,conv_624278,case_624278,"[624278, 624277]",golden_pool_reserve,delay_repay_refund_claim,diverse_coverage,22,22,78,22,3.5455,42,,,,,
case_2785867,128,"The conductor just came on to ask 2nd class passengers not to exit via the 1st class please...  Aww bless, poor sensibilities. It's standing room only here,  @VirginTrains 1706 KX-Leeds.","[CUSTOMER 2785867] The conductor just came on to ask 2nd class passengers not to exit via the 1st class please... Aww bless, poor sensibilities. It's standing room only here, @VirginTrains 1706 KX-Leeds.
[AGENT 2785865] @777801 We'll tag @120576 in this for you, Charlie ^MW
[OTHER-AGENT 2785866] @VirginTrains @777801 Hi Charlie, have you been unable to get a seat on your journey tonight? ^JC",journey_disruption_complaint,5,journey_disruption_complaint,4,first_class_service_issue,first_class_catering_issue,0.0327,information_provided,False,False,agent_awaiting_customer,"Type: information_provided. Outcome: agent_awaiting_customer. Brand agent turns: 1. Signals seen: information_provided. Evidence: [tweet 2785865, information_provided] ""We'll tag @120576 in this for you, Charlie""",3,medium_3-4,2017-11-21 18:10:52+00:00,777801,conv_2785867,case_2785867,"[2785867, 2785865, 2785866]",golden_pool_reserve,journey_disruption_complaint,diverse_coverage,28,29,170,29,5.8621,42,,,,,
case_1406904,129,@VirginTrains help lost my card that I’ve used to book a ticket with!,"[CUSTOMER 1406904] @VirginTrains help lost my card that I’ve used to book a ticket with!
[AGENT 1406903] @447012 Can you provide the booking reference via DM and we can look into this for you? ^BT https://t.co/hhfk9c3ylv",ticket_booking_query,10,ticket_booking_query,3,delay_repay_refund_claim,delay_repay_refund_claim,0.1129,redirected_to_dm,False,True,redirected_to_dm,"Type: redirected_to_dm. Outcome: redirected_to_dm. Brand agent turns: 1. Signals seen: redirected_to_dm, escalated, self_service, clarification_requested. Evidence: [tweet 1406903, redirected_to_dm] ""Can you provide the booking reference via DM and we can look into this for you?""",2,short_1-2,2017-10-28 18:58:06+00:00,447012,conv_1406904,case_1406904,"[1406904, 1406903]",golden_pool_reserve,ticket_booking_query,diverse_coverage,20,20,95,20,4.75,42,,,,,
case_1686854,130,"@127472 @VirginTrains what's up with your customer service, 1:30 on hold and no one willing to help with a simple request!","[CUSTOMER 1686854] @127472 @VirginTrains what's up with your customer service, 1:30 on hold and no one willing to help with a simple request!
[AGENT 1686853] @512298 @127472 Hi Joe, which number have you contacted please? ^HP",customer_service_complaint,7,customer_service_complaint,2,delay_in_progress_report,service_status_delay_enquiry,0.0797,clarification_requested,False,False,agent_awaiting_customer,"Type: clarification_requested. Outcome: agent_awaiting_customer. Brand agent turns: 1. Signals seen: clarification_requested. Evidence: [tweet 1686853, clarification_requested] ""Hi Joe, which number have you contacted please?""",2,short_1-2,2017-10-17 16:23:48+00:00,512298,conv_1686854,case_1686854,"[1686854, 1686853]",golden_pool_reserve,customer_service_complaint,diverse_coverage,24,24,84,24,3.5,42,,,,,
case_1201655,131,"@VirginTrains Beam is being a bollocks again! Half way through a film and off! Tried all the usual and not working, 1330 Eus-Glasgow","[CUSTOMER 1201655] @VirginTrains Beam is being a bollocks again! Half way through a film and off! Tried all the usual and not working, 1330 Eus-Glasgow
[AGENT 1201653] @402342 Oh no, sorry to hear that Stuart, are you receiving a specific error message at all? ^HP
[CUSTOMER 1201654] @VirginTrains Nope, just says please connect to WiFi and try again. I’m in coach E was perfect then nowt!
[AGENT 1201656] @402342 Have you tried forgetting the network in your settings, reconnecting &amp; following https://t.co/1JEOSVPtGN ^HP
[CUSTOMER 1201657] @VirginTrains Tried it all, had the same issue a few weeks ago. No worries I’m off at Warrington so will have a Kip instead!
[AGENT 1201658] @402342 Really sorry about that, Stuart :( We hope this isn't the case next time you travel. Enjoy your nap though! 💤 ^HP",chitchat_non_support,0,chitchat_non_support,7,customer_service_complaint,customer_service_complaint,0.0032,troubleshooting,True,False,agent_closed,"Type: troubleshooting. Outcome: agent_closed. Brand agent turns: 3. Signals seen: troubleshooting, self_service, information_provided, clarification_requested. Evidence: [tweet 1201653, troubleshooting] ""Oh no, sorry to hear that Stuart, are you receiving a specific error message at all?""; [tweet 1201656, troubleshooting] ""Have you tried forgetting the network in your settings, reconnecting & following https://t.co/1JEOSVPtGN""",6,long_5-8,2017-10-25 13:09:22+00:00,402342,conv_1201655,case_1201655,"[1201655, 1201653, 1201654, 1201656, 1201657, 1201658]",golden_pool_reserve,chitchat_non_support,low_margin_boundary,24,24,106,24,4.4167,42,,,,,
case_2675219,132,best joke I've heard all week is @VirginTrains charging people £3.80 for a sandwich,"[CUSTOMER 2675219] best joke I've heard all week is @VirginTrains charging people £3.80 for a sandwich
[AGENT 2675217] @753040 They're nice sarnies though, Adz! ^MW
[CUSTOMER 2675218] @VirginTrains I wish I could try it but you bent me over so much already with the cost of a ticket if I bought the sandwich my back might break",chitchat_non_support,0,chitchat_non_support,7,customer_service_complaint,customer_service_complaint,0.038,unresolved,False,False,customer_followup_unanswered,"Type: unresolved. Outcome: customer_followup_unanswered. Brand agent turns: 1. Signals seen: other. Evidence: [tweet 2675217, other] ""They're nice sarnies though, Adz!""",3,medium_3-4,2017-11-19 12:36:59+00:00,753040,conv_2675219,case_2675219,"[2675219, 2675217, 2675218]",golden_pool_reserve,chitchat_non_support,low_margin_boundary,24,24,106,24,4.4167,42,,,,,
case_703523,133,"@VirginTrains @127472 I made a genuine error in booking a train ticket 24hrs later than I should have and you charged me £36.50 extra for it, it’s a crap way to treat your customers who already pay high levels to travel. Doncaster to KX has cost me £140 https://t.co/0U5s0bTdKl","[CUSTOMER 703523] @VirginTrains @127472 I made a genuine error in booking a train ticket 24hrs later than I should have and you charged me £36.50 extra for it, it’s a crap way to treat your customers who already pay high levels to travel. Doncaster to KX has cost me £140 https://t.co/0U5s0bTdKl
[AGENT 703521] @288068 @127472 Sorry to see this Ruchard, looks as though you are travelling with @120576 today though. ^BT
[CUSTOMER 703522] @VirginTrains @127472 @120576 Oh that’s ok then
[OTHER-AGENT 703524] @288068 @VirginTrains @127472 Hi Ruchard, can you DM me with the original booking please? ^JC",ticket_booking_query,10,ticket_booking_query,5,journey_disruption_complaint,journey_disruption_complaint,0.0039,redirected_to_other_operator,False,False,redirected_to_dm,"Type: redirected_to_other_operator. Outcome: redirected_to_dm. Brand agent turns: 1. Signals seen: redirected_to_other_operator. Evidence: [tweet 703521, redirected_to_other_operator] ""Sorry to see this Ruchard, looks as though you are travelling with @120576 today though.""",4,medium_3-4,2017-11-23 17:44:33+00:00,288068,conv_703523,case_703523,"[703523, 703521, 703522, 703524]",golden_pool_reserve,ticket_booking_query,diverse_coverage,20,20,95,20,4.75,42,,,,,
case_27574,134,@VirginTrains On worst Train journey in long time from stockport to euston 9.43 total overcrowding and no declassification #trainmonopolies,"[CUSTOMER 27574] @VirginTrains On worst Train journey in long time from stockport to euston 9.43 total overcrowding and no declassification #trainmonopolies
[AGENT 27571] @122032 Sorry to hear that Sarah, have you spoken with any staff onboard? ^PA
[CUSTOMER 27573] @VirginTrains Yes and the Manager response to everyone is to leave the Train and get next. We have business meetings as soon as arrive so can’t
[AGENT 27578] @122032 I see, sorry it's so busy for you, had you reserved a seat? ^PA
[CUSTOMER 27572] @VirginTrains Poor show Train Manager is hiding in first class and won’t come and speak to us
[AGENT 27575] @122032 Please accept our apologies Sarah. But it would be the train manager who would be best to speak to regarding this. ^BT
[CUSTOMER 27576] @VirginTrains We would if didn’t hide #poorcustomerservice #shouldhave declassified
[AGENT 27577] @122032 I'll pass on your feedback. ^PA",journey_disruption_complaint,5,journey_disruption_complaint,1,service_running_enquiry,service_status_delay_enquiry,0.0571,feedback_acknowledged,False,False,agent_answered_unconfirmed,"Type: feedback_acknowledged. Outcome: agent_answered_unconfirmed. Brand agent turns: 4. Signals seen: feedback_acknowledged, information_provided, clarification_requested, other. Evidence: [tweet 27577, feedback_acknowledged] ""I'll pass on your feedback.""",8,long_5-8,2017-11-01 10:20:20+00:00,122032,conv_27574,case_27574,"[27574, 27571, 27573, 27578, 27572, 27575, 27576, 27577]",golden_pool_reserve,journey_disruption_complaint,diverse_coverage,28,29,170,29,5.8621,42,,,,,
case_2835069,135,"@VirginTrains hey guys. Did you get my DM, not heard back? If you did please can you respond to it :-)","[CUSTOMER 2835069] @VirginTrains hey guys. Did you get my DM, not heard back? If you did please can you respond to it :-)
[AGENT 2835067] @789155 Just refresh it or send another please? ^MW
[CUSTOMER 2835068] @VirginTrains Will resend it :-)",customer_service_complaint,7,customer_service_complaint,0,chitchat_non_support,chitchat_non_support,0.0312,troubleshooting,False,False,customer_followup_unanswered,"Type: troubleshooting. Outcome: customer_followup_unanswered. Brand agent turns: 1. Signals seen: troubleshooting. Evidence: [tweet 2835067, troubleshooting] ""Just refresh it or send another please?""",3,medium_3-4,2017-11-27 14:40:09+00:00,789155,conv_2835069,case_2835069,"[2835069, 2835067, 2835068]",golden_pool_reserve,customer_service_complaint,low_margin_boundary,24,24,84,24,3.5,42,,,,,
case_1236520,136,"@VirginTrains our rain was delayed+ is now running so slowly it's taken a hour to reach Milton Keynes, there's no card machine in the (1/3)","[CUSTOMER 1236520] @VirginTrains our rain was delayed+ is now running so slowly it's taken a hour to reach Milton Keynes, there's no card machine in the (1/3)
[CUSTOMER 1236519] @VirginTrains Shop, so I'll be spending the rest of the evening without any food or drink. The reason for this being trains were all cancelled &amp; (2/3)
[CUSTOMER 1236518] @VirginTrains Then suddenly back on, so there was no time to grab anything. Having an absolutely vile evening. (3/3) @410011
[CUSTOMER 1236513] @VirginTrains @410011 As per usual my virgin trains experience has been completely horrific.
[AGENT 1236517] @410010 @410011 1/2 We apologies for the inconvenience caused, Liv. Unfortunately we are experiencing major disruption across our
[AGENT 1236511] @410010 @410011 2/2 network due to a fatality on our network earlier this evening ^HP
[CUSTOMER 1236512] @VirginTrains @410011 I don't see how that effects the card machine on my deathly slow train?
[CUSTOMER 1236514] @VirginTrains @410011 So now I'm late and starving and dehydrated. Late is unavoidable. The lack on working facilities is.
[AGENT 1236516] @410010 @410011 1/2 Apologies Liv, I was responding to your first tweet about your train being delayed &amp; slow running
[AGENT 1236515] @410010 @410011 2/2 We'll pass your comments on in regards to the card machine. Apologies for the inconvenience ^HP",service_status_delay_enquiry,2,delay_in_progress_report,7,customer_service_complaint,customer_service_complaint,0.1009,feedback_acknowledged,False,False,agent_answered_unconfirmed,"Type: feedback_acknowledged. Outcome: agent_answered_unconfirmed. Brand agent turns: 4. Signals seen: feedback_acknowledged, information_provided. Evidence: [tweet 1236515, feedback_acknowledged] ""We'll pass your comments on in regards to the card machine.""",10,very_long_9+,2017-10-25 18:47:41+00:00,410010,conv_1236520,case_1236520,"[1236520, 1236519, 1236518, 1236513, 1236517, 1236511, 1236512, 1236514, 1236516, 1236515]",golden_pool_reserve,service_status_delay_enquiry,diverse_coverage,30,31,253,31,8.1613,42,,,,,
case_891542,137,"@VirginTrains are you able to look into a delay repay query from 15/9/17, I have VT no. The case was reopened a week ago, I've heard nothing","[CUSTOMER 891542] @VirginTrains are you able to look into a delay repay query from 15/9/17, I have VT no. The case was reopened a week ago, I've heard nothing
[AGENT 891540] @331705 Hi Annii, can you confirm your email address so we can find you in our system please? ^HP
[CUSTOMER 891541] @VirginTrains shall I private message you?
[AGENT 891543] @331705 Do feel free to drop us a message Annii ^HP
[CUSTOMER 891544] @VirginTrains just done, thanks",delay_repay_refund_claim,3,delay_repay_refund_claim,7,customer_service_complaint,customer_service_complaint,0.1255,redirected_to_dm,True,True,customer_confirmed,"Type: redirected_to_dm. Outcome: customer_confirmed. Brand agent turns: 2. Signals seen: redirected_to_dm, clarification_requested. Evidence: [tweet 891543, redirected_to_dm] ""Do feel free to drop us a message Annii""",5,long_5-8,2017-10-13 17:50:48+00:00,331705,conv_891542,case_891542,"[891542, 891540, 891541, 891543, 891544]",golden_pool_reserve,delay_repay_refund_claim,diverse_coverage,22,22,78,22,3.5455,42,,,,,
case_2887025,138,"@VirginTrains if I travel on your service on a pre paid ticket, and the station doesn’t have a machine to print my ticket of, how can your smug train guard charge me again? Disgrace ! I’ve paid for a service which hasn’t been provided.","[CUSTOMER 2887025] @VirginTrains if I travel on your service on a pre paid ticket, and the station doesn’t have a machine to print my ticket of, how can your smug train guard charge me again? Disgrace ! I’ve paid for a service which hasn’t been provided.
[AGENT 2887022] @800627 If you've selected to collect your tickets before travel you do need to do this. If you travel without your ticket staff would be following the correct procedure in charging for a new fare ^CB
[CUSTOMER 2887024] @VirginTrains Considering the station had no ticket booth the guard should of wavered the fact I couldn’t print it off and used my reference number and treated it as an E ticket, anyway maybe she can use her wages to buy a Diet plan or a life coach to sort her stinking attitude out.
[AGENT 2887026] @800627 If you're unhappy with your experience and wish to make a complaint regarding this please visit our website: https://t.co/t20UbyOCSn ^CB
[CUSTOMER 2887023] @VirginTrains Terrible treatment of a customer, a journey costing 100 has now cost me 188, because your train guard couldn’t let me print my ticket of in London.",journey_disruption_complaint,5,journey_disruption_complaint,10,ticket_booking_query,ticket_booking_query,0.0163,self_service,False,False,customer_followup_unanswered,"Type: self_service. Outcome: customer_followup_unanswered. Brand agent turns: 2. Signals seen: self_service, information_provided. Evidence: [tweet 2887026, self_service] ""If you're unhappy with your experience and wish to make a complaint regarding this please visit our website: https://t.co/t20UbyOCSn""",5,long_5-8,2017-11-28 12:50:06+00:00,800627,conv_2887025,case_2887025,"[2887025, 2887022, 2887024, 2887026, 2887023]",golden_pool_reserve,journey_disruption_complaint,diverse_coverage,28,29,170,29,5.8621,42,,,,,
case_1489370,139,@VirginTrains Good Morning. How long does it take to deal with complaints as I’ve e-mailed customer services Monday and had no response?,"[CUSTOMER 1489370] @VirginTrains Good Morning. How long does it take to deal with complaints as I’ve e-mailed customer services Monday and had no response?
[AGENT 1489369] @465928 Hi there, our Customer Resolutions team aim to respond within 14 days, 28 max, so you should hear back shortly ^HP",customer_service_complaint,7,customer_service_complaint,3,delay_repay_refund_claim,delay_repay_refund_claim,0.0711,information_provided,False,False,agent_answered_unconfirmed,"Type: information_provided. Outcome: agent_answered_unconfirmed. Brand agent turns: 1. Signals seen: information_provided. Evidence: [tweet 1489369, information_provided] ""Hi there, our Customer Resolutions team aim to respond within 14 days, 28 max, so you should hear back shortly""",2,short_1-2,2017-11-03 08:21:04+00:00,465928,conv_1489370,case_1489370,"[1489370, 1489369]",golden_pool_reserve,customer_service_complaint,diverse_coverage,24,24,84,24,3.5,42,,,,,
case_2224882,140,@Virgintrains 3. I also have fibromyalgia and part of this is extreme sensitivity to noise and light. This is why I travel in the quietcoach,"[CUSTOMER 2224882] @Virgintrains 3. I also have fibromyalgia and part of this is extreme sensitivity to noise and light. This is why I travel in the quietcoach
[AGENT 2224879] @649565 1/2 Hi Charlotte, really sorry to hear that it's not as quiet as expected onboard. We would advise speaking to a member of
[AGENT 2224883] @649565 2/2 the onboard team, as they may be able to put a friendly announcement out for you ^HP
[CUSTOMER 2224880] @VirginTrains It’s never as quiet as expected. It’s a farce of a service now. I can say with certainty after 15 journeys in 5 weeks. Need more signs.
[CUSTOMER 2224881] @VirginTrains More training for staff. More announcements. Why do I have to get up and find an onboard member of staff? I’ve just told you I have a
[CUSTOMER 2224878] @VirginTrains Chronic pain condition.If you can’t do it yourselves then take it away #virgintrains #quietcoach #farce #quietzone #disability #fibromyalgia
[AGENT 2224877] @649565 We'll certainly pass your comments on, Charlotte ^HP",chitchat_non_support,0,chitchat_non_support,7,customer_service_complaint,customer_service_complaint,0.0404,feedback_acknowledged,False,False,agent_answered_unconfirmed,"Type: feedback_acknowledged. Outcome: agent_answered_unconfirmed. Brand agent turns: 3. Signals seen: feedback_acknowledged, information_provided. Evidence: [tweet 2224877, feedback_acknowledged] ""We'll certainly pass your comments on, Charlotte""",7,long_5-8,2017-10-19 15:43:26+00:00,649565,conv_2224882,case_2224882,"[2224882, 2224879, 2224883, 2224880, 2224881, 2224878, 2224877]",golden_pool_reserve,chitchat_non_support,diverse_coverage,24,24,106,24,4.4167,42,,,,,
case_1686858,141,@VirginTrains 1 hour delay from Carlisle.... not cool,"[CUSTOMER 1686858] @VirginTrains 1 hour delay from Carlisle.... not cool
[AGENT 1686855] @490937 Apologies Luke, which service are you waiting for? ^HP
[CUSTOMER 1686857] @VirginTrains https://t.co/KJIM9DCdSD
[AGENT 1686860] @490937 Apologies Luke, this service is currently 66 minutes late due to a fault on a train ahead of this service ^HP
[AGENT 1686859] @490937 You can make a claim for compensation for your delay here: https://t.co/TluNccH9Su ^HP
[CUSTOMER 1686856] @VirginTrains https://t.co/H12zYHSssP",service_status_delay_enquiry,2,delay_in_progress_report,9,service_status_update_request,service_status_delay_enquiry,0.0262,compensation,False,False,customer_followup_unanswered,"Type: compensation. Outcome: customer_followup_unanswered. Brand agent turns: 3. Signals seen: compensation, self_service, information_provided, clarification_requested. Evidence: [tweet 1686859, compensation] ""You can make a claim for compensation for your delay here: https://t.co/TluNccH9Su""",6,long_5-8,2017-10-17 16:21:38+00:00,490937,conv_1686858,case_1686858,"[1686858, 1686855, 1686857, 1686860, 1686859, 1686856]",golden_pool_reserve,service_status_delay_enquiry,low_margin_boundary,30,31,253,31,8.1613,42,,,,,
case_681179,142,@VirginTrains can you reply to my dm please,"[CUSTOMER 681179] @VirginTrains can you reply to my dm please
[AGENT 681178] @282559 We'll respond to your DM as soon as possible, Paige. We are receiving a high volume of messages at the moment due to multiple disruption ^CB",customer_service_complaint,7,customer_service_complaint,0,chitchat_non_support,chitchat_non_support,0.0306,redirected_to_dm,False,True,redirected_to_dm,"Type: redirected_to_dm. Outcome: redirected_to_dm. Brand agent turns: 1. Signals seen: redirected_to_dm. Evidence: [tweet 681178, redirected_to_dm] ""We'll respond to your DM as soon as possible, Paige.""",2,short_1-2,2017-11-23 08:59:37+00:00,282559,conv_681179,case_681179,"[681179, 681178]",golden_pool_reserve,customer_service_complaint,low_margin_boundary,24,24,84,24,3.5,42,,,,,
case_2489585,143,I feel like this is contradictory to the trade descriptions act @VirginTrains https://t.co/lO6GQrL1Dq,"[CUSTOMER 2489585] I feel like this is contradictory to the trade descriptions act @VirginTrains https://t.co/lO6GQrL1Dq
[AGENT 2489584] @710890 Anything we can help with? ^MW
[CUSTOMER 2489583] @VirginTrains No, just found it funny. A little part of me hoped CB was on shift so I could wind them up a bit but I’ll take the matter up with them personally.
[AGENT 2489582] @710890 Fair play ^MW",customer_service_complaint,7,customer_service_complaint,0,chitchat_non_support,chitchat_non_support,0.0105,other,False,False,agent_answered_unconfirmed,"Type: other. Outcome: agent_answered_unconfirmed. Brand agent turns: 2. Signals seen: other. Evidence: [tweet 2489582, other] ""Fair play""",4,medium_3-4,2017-11-26 19:13:48+00:00,710890,conv_2489585,case_2489585,"[2489585, 2489584, 2489583, 2489582]",golden_pool_reserve,customer_service_complaint,low_margin_boundary,24,24,84,24,3.5,42,,,,,
case_687380,144,Shocking service from Kings Cross to Peterborough. @VirginTrains arrived half an hour late meaning I missed my connecting train to Lincoln. Staff unfriendly and completely unhelpful at Peterborough station!,"[CUSTOMER 687380] Shocking service from Kings Cross to Peterborough. @VirginTrains arrived half an hour late meaning I missed my connecting train to Lincoln. Staff unfriendly and completely unhelpful at Peterborough station!
[AGENT 687377] @284163 Hi Sam, sorry to hear this. It sounds like you were travelling with @120576 today so we'll pass this over to the team for you ^HP
[CUSTOMER 687378] @VirginTrains @120576 Fine. X
[OTHER-AGENT 687379] @VirginTrains @284163 Hi Sam, I'm really sorry to hear this. You can make a claim for this online: https://t.co/5xmhxM2gcK. ^JC
[CUSTOMER 687381] @120576 @VirginTrains Thanks so much xxx",service_status_delay_enquiry,1,service_running_enquiry,2,delay_in_progress_report,service_status_delay_enquiry,0.013,redirected_to_other_operator,True,False,customer_confirmed,"Type: redirected_to_other_operator. Outcome: customer_confirmed. Brand agent turns: 1. Signals seen: redirected_to_other_operator. Evidence: [tweet 687377, redirected_to_other_operator] ""It sounds like you were travelling with @120576 today so we'll pass this over to the team for you""",5,long_5-8,2017-11-23 14:00:48+00:00,284163,conv_687380,case_687380,"[687380, 687377, 687378, 687379, 687381]",golden_pool_reserve,service_status_delay_enquiry,low_margin_boundary,30,31,253,31,8.1613,42,,,,,
case_900189,145,"So now my @virgintrains train’s delayed and the onboard reservations aren’t working! Welcome to pre-Brexit UK, it’ll all be so much better in 2020.","[CUSTOMER 900189] So now my @virgintrains train’s delayed and the onboard reservations aren’t working! Welcome to pre-Brexit UK, it’ll all be so much better in 2020.
[AGENT 900188] @333709 Which service are you on Rik? ^PA
[CUSTOMER 900187] @VirginTrains 1903 Euston-BNS
[CUSTOMER 900185] @333709 @VirginTrains any news in when it’s departing?? No info here
[CUSTOMER 900186] @333709 @VirginTrains it’s ok it’s left now...
[AGENT 900184] @333709 @333709 It should be departing soon. ^A",service_status_delay_enquiry,1,service_running_enquiry,5,journey_disruption_complaint,journey_disruption_complaint,0.0011,information_provided,False,False,agent_answered_unconfirmed,"Type: information_provided. Outcome: agent_answered_unconfirmed. Brand agent turns: 2. Signals seen: information_provided, clarification_requested. Evidence: [tweet 900184, information_provided] ""It should be departing soon. ^A""",6,long_5-8,2017-11-17 19:17:36+00:00,333709,conv_900189,case_900189,"[900189, 900188, 900187, 900185, 900186, 900184]",golden_pool_reserve,service_status_delay_enquiry,low_margin_boundary,30,31,253,31,8.1613,42,,,,,
case_2462577,146,"@VirginTrains WLV to BTM today was an absolute joke, plenty of space, failure to manage meant several couldn't get on.","[CUSTOMER 2462577] @VirginTrains WLV to BTM today was an absolute joke, plenty of space, failure to manage meant several couldn't get on.
[AGENT 2462578] @704963 Hi Ellie, it doesn't sound like you were travelling on our service today - could you just confirm which stations these are? ^HP
[CUSTOMER 2462576] @VirginTrains Wolverhampton station - virgin managed, the management of the station at fault here. Manage customers expectations and safety concurrently.
[AGENT 2462575] @704963 We'll be sure to pass your comments on about this, Ellie ^HP",customer_service_complaint,7,customer_service_complaint,0,chitchat_non_support,chitchat_non_support,0.028,feedback_acknowledged,False,False,agent_answered_unconfirmed,"Type: feedback_acknowledged. Outcome: agent_answered_unconfirmed. Brand agent turns: 2. Signals seen: feedback_acknowledged, clarification_requested. Evidence: [tweet 2462575, feedback_acknowledged] ""We'll be sure to pass your comments on about this, Ellie""",4,medium_3-4,2017-11-15 08:21:42+00:00,704963,conv_2462577,case_2462577,"[2462577, 2462578, 2462576, 2462575]",golden_pool_reserve,customer_service_complaint,diverse_coverage,24,24,84,24,3.5,42,,,,,
case_2475457,147,@VirginTrains tell me why this is sensible? 1400 MK to Euston is running late but I am on allowed to get on the 1347 service which is running to time #jobsworths,"[CUSTOMER 2475457] @VirginTrains tell me why this is sensible? 1400 MK to Euston is running late but I am on allowed to get on the 1347 service which is running to time #jobsworths
[AGENT 2475456] @707666 Are you travelling with an Advance ticket for the 14:00 service? ^CB
[CUSTOMER 2475455] @VirginTrains Yes and as it's running late thought you lot could be a bit flexible. Ha!
[AGENT 2475454] @707666 With that ticket it's only valid on the booked train. As the service is still running you wouldn't be able to board another ^CB
[CUSTOMER 2475453] @VirginTrains Even if it's late? Be honest don't you think that's a little daft (and extremely frustrating for your customer?)
[AGENT 2475451] @707666 I understand the frustration, but it's part of the terms and conditions of the Advance fare ^CB
[CUSTOMER 2475452] @VirginTrains Well I suggest you escalate this and get the powers that be have a think about your Ts and Vs. It's beyond ridiculous!",service_status_delay_enquiry,9,service_status_update_request,2,delay_in_progress_report,service_status_delay_enquiry,0.0791,information_provided,False,False,customer_followup_unanswered,"Type: information_provided. Outcome: customer_followup_unanswered. Brand agent turns: 3. Signals seen: information_provided, clarification_requested. Evidence: [tweet 2475454, information_provided] ""With that ticket it's only valid on the booked train. As the service is still running you wouldn't be able to board another""; [tweet 2475451, information_provided] ""I understand the frustration, but it's part of the terms and conditions of the Advance fare""",7,long_5-8,2017-11-15 13:42:55+00:00,707666,conv_2475457,case_2475457,"[2475457, 2475456, 2475455, 2475454, 2475453, 2475451, 2475452]",golden_pool_reserve,service_status_delay_enquiry,diverse_coverage,30,31,253,31,8.1613,42,,,,,
case_1748990,148,@VirginTrains currently on hold to customer service for the past 26 minutes!! 😟Just to ask a question re delayed train yesterday. HELP!!!,"[CUSTOMER 1748990] @VirginTrains currently on hold to customer service for the past 26 minutes!! 😟Just to ask a question re delayed train yesterday. HELP!!!
[AGENT 1748991] @527174 Which number are you calling today? ^MW
[CUSTOMER 1748989] @VirginTrains 31 minutes now! 😡
[AGENT 1748988] @527174 Thanks, it looks like you're trying to contact @120576 so we'll pass this over to the team for you ^HP",delay_repay_refund_claim,3,delay_repay_refund_claim,2,delay_in_progress_report,service_status_delay_enquiry,0.0183,redirected_to_other_operator,False,False,agent_answered_unconfirmed,"Type: redirected_to_other_operator. Outcome: agent_answered_unconfirmed. Brand agent turns: 2. Signals seen: redirected_to_other_operator, clarification_requested. Evidence: [tweet 1748988, redirected_to_other_operator] ""Thanks, it looks like you're trying to contact @120576 so we'll pass this over to the team for you""",4,medium_3-4,2017-11-07 16:17:45+00:00,527174,conv_1748990,case_1748990,"[1748990, 1748991, 1748989, 1748988]",golden_pool_reserve,delay_repay_refund_claim,low_margin_boundary,22,22,78,22,3.5455,42,,,,,
case_56496,149,"1) Yo @VirginTrains just want you to know, I hung around waiting for your ""cheaper"" off peak ticket (£90/opposed to £145) &amp; I get to sit...","[CUSTOMER 56496] 1) Yo @VirginTrains just want you to know, I hung around waiting for your ""cheaper"" off peak ticket (£90/opposed to £145) &amp; I get to sit...
[AGENT 56497] @128784 1/2 Our Best Fares are released 12 weeks in advance for weekends and 24 weeks for weekdays
[AGENT 56495] @128784 2/2 Alternatively you can search via our Best Fare Finder - https://t.co/JDdH4kPDC9 ^MM
[CUSTOMER 56500] @VirginTrains Sure I'll just plan all my LDN meetings 24 weeks in advance in future.... spare me. It's extortion plain &amp; simple.
[CUSTOMER 56499] @VirginTrains Do tell me your ""best fare"" price for a peak ticket if I booked it 24 weeks in advance?
[AGENT 56501] @128784 Where are you travelling to /from? ^MM
[CUSTOMER 56502] @VirginTrains Stockport to London regularly.
[AGENT 56503] @128784 We've got tickets from £23 (one way) via Our Best Fare Finder ^MM
[CUSTOMER 56504] @VirginTrains What time of day?
[AGENT 56505] @128784 These are throughout the day ^CB
[CUSTOMER 56506] @VirginTrains Between 7am and 9:43??
[AGENT 56507] @128784 Yes. Please see an example week attached. More details can be found via our Best Fare Finder - https://t.co/JDdH4kPDC9 ^MM https://t.co/gNkCUFR0iD
[CUSTOMER 56508] @VirginTrains https://t.co/RF3DPi8oAI",ticket_booking_query,10,ticket_booking_query,6,seat_reservation_issue,seat_reservation_issue,0.0719,self_service,False,False,customer_followup_unanswered,"Type: self_service. Outcome: customer_followup_unanswered. Brand agent turns: 6. Signals seen: self_service, information_provided, clarification_requested, other. Evidence: [tweet 56495, self_service] ""Alternatively you can search via our Best Fare Finder - https://t.co/JDdH4kPDC9""; [tweet 56507, self_service] ""More details can be found via our Best Fare Finder - https://t.co/JDdH4kPDC9 ^MM https://t.co/gNkCUFR0iD""",13,very_long_9+,2017-11-01 19:31:55+00:00,128784,conv_56496,case_56496,"[56496, 56497, 56495, 56500, 56499, 56501, 56502, 56503, 56504, 56505, 56506, 56507, 56508]",golden_pool_reserve,ticket_booking_query,diverse_coverage,20,20,95,20,4.75,42,,,,,
case_1603198,150,Again a @VirginTrains jobsworth gets another £55 out of my 21 year old daughter for a journey she had already paid for. Well done!!!,"[CUSTOMER 1603198] Again a @VirginTrains jobsworth gets another £55 out of my 21 year old daughter for a journey she had already paid for. Well done!!!
[AGENT 1603195] @492028 Not great to hear, Nigel, can you explain what's happened please? ^HP
[CUSTOMER 1603196] @VirginTrains She bought a single ticket from Mcr to Lon, then paid 70p to upgrade for a return. Didn’t keep receipt as not told to.
[CUSTOMER 1603197] @VirginTrains Told on train she needed receipt which may be true but just another example of your staff taking advantage of young people. Not 1st time
[AGENT 1603200] @492028 1/2 Sorry to hear that, Nigel, I'm afraid you would need all parts of the ticket in order for the ticket to be valid but I can
[AGENT 1603199] @492028 2/2 completely understand the frustration this has caused. Really sorry to hear of her experience ^HP
[CUSTOMER 1603202] @VirginTrains It seems as though you make the ticketing as difficult as possible to take in extra funds. Which is ok I guess you are running a business!!
[CUSTOMER 1603203] @VirginTrains What I find poor is when I make a mistake invariably your staff are reasonable. However when younger people involved you staff react
[CUSTOMER 1603204] @VirginTrains differently. I follow Man City and live in London so use your service every 2 weeks or so. So have witnessed many such experiences.
[CUSTOMER 1603201] @VirginTrains Next time get your staff to pick on a 54yo and treat them the same way as a 21 yo. Thanks for your help.
[AGENT 1603205] @492028 Apologies again Nigel, we'll certainly pass your comments on about this ^HP
[CUSTOMER 1603206] @VirginTrains She had all parts of the ticket just not the receipt.",customer_service_complaint,7,customer_service_complaint,0,chitchat_non_support,chitchat_non_support,0.0083,feedback_acknowledged,False,False,customer_followup_unanswered,"Type: feedback_acknowledged. Outcome: customer_followup_unanswered. Brand agent turns: 4. Signals seen: feedback_acknowledged, information_provided, clarification_requested. Evidence: [tweet 1603205, feedback_acknowledged] ""Apologies again Nigel, we'll certainly pass your comments on about this""",12,very_long_9+,2017-11-05 07:26:46+00:00,492028,conv_1603198,case_1603198,"[1603198, 1603195, 1603196, 1603197, 1603200, 1603199, 1603202, 1603203, 1603204, 1603201, 1603205, 1603206]",golden_pool_reserve,customer_service_complaint,low_margin_boundary,24,24,84,24,3.5,42,,,,,
case_2203259,151,Seems lighting not included in price of @VirginTrains well not if you're in coach C on the 15.08 to York and they've mislaid coach E 🙄,"[CUSTOMER 2203259] Seems lighting not included in price of @VirginTrains well not if you're in coach C on the 15.08 to York and they've mislaid coach E 🙄
[AGENT 2203257] @644233 Hi Esmee, are you travelling on a @120576 service today? ^HP
[CUSTOMER 2203258] @VirginTrains @120576 Yes.",seat_reservation_issue,6,seat_reservation_issue,8,praise_positive_feedback,praise_positive_feedback,0.107,redirected_to_other_operator,False,False,customer_followup_unanswered,"Type: redirected_to_other_operator. Outcome: customer_followup_unanswered. Brand agent turns: 1. Signals seen: redirected_to_other_operator, clarification_requested. Evidence: [tweet 2203257, redirected_to_other_operator] ""Hi Esmee, are you travelling on a @120576 service today?""",3,medium_3-4,2017-10-19 14:17:54+00:00,644233,conv_2203259,case_2203259,"[2203259, 2203257, 2203258]",golden_pool_reserve,seat_reservation_issue,diverse_coverage,20,20,84,20,4.2,42,,,,,
case_790427,152,@VirginTrains 😡😡😡😡 waiting on line for 90 mins to make complaint before being cut off,"[CUSTOMER 790427] @VirginTrains 😡😡😡😡 waiting on line for 90 mins to make complaint before being cut off
[AGENT 790426] @308485 Not great to hear, Stephen, which number did you contact please? ^HP
[CUSTOMER 790425] @VirginTrains 0345 722 5111 Not happy at all! please email me with a direct number - __email__
[AGENT 790423] @308485 Thanks for confirming, this is a @120576 number, so we'll pass your tweet over to the team for you ^HP
[CUSTOMER 790424] @VirginTrains @120576 Still not heard back... I've been down to Leeds City Station and they have referred me to customer relations - Very poor!
[CUSTOMER 790428] @VirginTrains I am very surprised and disappointed that Virgin Trains East Coast have not been in touch... Have they acknowledged the tweet?
[AGENT 803709] @308485 We'll tag them again for you Stephen, @120576 can you please assist. ^PA
[CUSTOMER 803710] @VirginTrains @120576 Thanks",customer_service_complaint,7,customer_service_complaint,2,delay_in_progress_report,service_status_delay_enquiry,0.0109,redirected_to_other_operator,True,False,customer_confirmed,"Type: redirected_to_other_operator. Outcome: customer_confirmed. Brand agent turns: 3. Signals seen: redirected_to_other_operator, information_provided, clarification_requested. Evidence: [tweet 790423, redirected_to_other_operator] ""Thanks for confirming, this is a @120576 number, so we'll pass your tweet over to the team for you""",8,long_5-8,2017-10-12 11:58:04+00:00,308485,conv_790427,case_790427,"[790427, 790426, 790425, 790423, 790424, 790428, 803709, 803710]",golden_pool_reserve,customer_service_complaint,low_margin_boundary,24,24,84,24,3.5,42,,,,,
case_2317337,153,I’m not promoting the platform... just the team. @VirginTrains - one of the best social media outfits online. 👍🏼👏🏼👏🏼 https://t.co/UXZU7t8Esi,"[CUSTOMER 2317337] I’m not promoting the platform... just the team. @VirginTrains - one of the best social media outfits online. 👍🏼👏🏼👏🏼 https://t.co/UXZU7t8Esi
[AGENT 2317336] @283828 Thanks for the feedback ^RD",chitchat_non_support,0,chitchat_non_support,7,customer_service_complaint,customer_service_complaint,0.0198,feedback_acknowledged,False,False,agent_answered_unconfirmed,"Type: feedback_acknowledged. Outcome: agent_answered_unconfirmed. Brand agent turns: 1. Signals seen: feedback_acknowledged. Evidence: [tweet 2317336, feedback_acknowledged] ""Thanks for the feedback""",2,short_1-2,2017-10-19 23:00:32+00:00,283828,conv_2317337,case_2317337,"[2317337, 2317336]",golden_pool_reserve,chitchat_non_support,low_margin_boundary,24,24,106,24,4.4167,42,,,,,
case_156999,154,@VirginTrains just purchased the Internet on virgin trains. Should have known better. £5 and it doesn’t even work.,"[CUSTOMER 156999] @VirginTrains just purchased the Internet on virgin trains. Should have known better. £5 and it doesn’t even work.
[AGENT 156997] @152061 Can you get connected via https://t.co/1JEOSVPtGN ? ^MM
[CUSTOMER 156998] @VirginTrains No
[AGENT 157000] @152061 Please claim a refund via __email__ ^MM",onboard_wifi_issue,11,onboard_wifi_issue,5,journey_disruption_complaint,journey_disruption_complaint,0.0399,refund,False,False,agent_answered_unconfirmed,"Type: refund. Outcome: agent_answered_unconfirmed. Brand agent turns: 2. Signals seen: refund, compensation, self_service. Evidence: [tweet 157000, refund] ""Please claim a refund via __email__""",4,medium_3-4,2017-11-24 17:23:27+00:00,152061,conv_156999,case_156999,"[156999, 156997, 156998, 157000]",golden_pool_reserve,onboard_wifi_issue,diverse_coverage,5,5,36,5,7.2,42,,,,,
case_1132500,155,Cheers @VirginTrains https://t.co/i8zMh3KWQ8,"[CUSTOMER 1132500] Cheers @VirginTrains https://t.co/i8zMh3KWQ8
[AGENT 1132499] @386869 Look at that! #Winning ^MW",unclear_or_media_only,-1,unclear_or_media_only,-1,unclear_or_media_only,unclear_or_media_only,0.0518,other,False,False,agent_answered_unconfirmed,"Type: other. Outcome: agent_answered_unconfirmed. Brand agent turns: 1. Signals seen: other. Evidence: [tweet 1132499, other] ""Look at that! #Winning""",2,short_1-2,2017-10-24 12:17:55+00:00,386869,conv_1132500,case_1132500,"[1132500, 1132499]",golden_pool_reserve,unclear_or_media_only,all_eligible,14,12,12,12,1.0,42,,,,,
case_1524566,156,"@VirginTrains on the 21:10 to london euston from new street, coach D... its smells like a sewage plant. The whooolleee coach","[CUSTOMER 1524566] @VirginTrains on the 21:10 to london euston from new street, coach D... its smells like a sewage plant. The whooolleee coach
[AGENT 1524565] @473617 Oh no, have you been able to switch coaches at all? ^MW",praise_positive_feedback,8,praise_positive_feedback,6,seat_reservation_issue,seat_reservation_issue,0.0155,clarification_requested,False,False,agent_awaiting_customer,"Type: clarification_requested. Outcome: agent_awaiting_customer. Brand agent turns: 1. Signals seen: clarification_requested. Evidence: [tweet 1524565, clarification_requested] ""Oh no, have you been able to switch coaches at all?""",2,short_1-2,2017-11-03 21:12:34+00:00,473617,conv_1524566,case_1524566,"[1524566, 1524565]",golden_pool_reserve,praise_positive_feedback,low_margin_boundary,8,8,124,8,15.5,42,,,,,
case_2760189,157,"@VirginTrains When children travel in rail replacement coaches, do they need car seats/must they have them/can they use them even if they haven't booked or paid for a seat (talking about a 1 and 3 year old here). Route is Reading - Winchester. Thx","[CUSTOMER 2760189] @VirginTrains When children travel in rail replacement coaches, do they need car seats/must they have them/can they use them even if they haven't booked or paid for a seat (talking about a 1 and 3 year old here). Route is Reading - Winchester. Thx
[AGENT 2760187] @147083 Good question, we do not believe car seats are required however if you have a car seat you can use it if you wish ^JH
[CUSTOMER 2760188] @VirginTrains Thanks. Can you get me a definite answer on the car seats as obviously being stranded with two small children would be less than ideal. Could you also confirm whether the 1 year old would be OK to travel on my lap (i.e. no seatbelt) - I assume the coaches are fitted with belts?
[AGENT 2760190] @147083 There is no requirement for a car seat to be fitted. Children can travel with or without a car seat and children can travel on your lap if this is your preference ^JH
[CUSTOMER 2760192] @VirginTrains Great, thank you
[AGENT 2760196] @147083 You're welcome ^JH
[CUSTOMER 2760191] @VirginTrains sorry - can you confirm the buses have seat belts? Obviously car seats don't work without them...
[AGENT 2760193] @147083 All buses from 2001 have a three pin seat belt or lap belt which may or may not fit your child seat. We're sorry we have limited knowledge of the different seat belts available. ^JH
[CUSTOMER 2760194] @VirginTrains thanks, my seat fits anything with a lap belt so that is v useful.
[AGENT 2760195] @147083 Happy days ^JH",seat_reservation_issue,6,seat_reservation_issue,5,journey_disruption_complaint,journey_disruption_complaint,0.0245,information_provided,False,False,agent_answered_unconfirmed,"Type: information_provided. Outcome: agent_answered_unconfirmed. Brand agent turns: 5. Signals seen: information_provided, other. Evidence: [tweet 2760187, information_provided] ""Good question, we do not believe car seats are required however if you have a car seat you can use it if you wish""; [tweet 2760190, information_provided] ""There is no requirement for a car seat to be fitted. Children can travel with or without a car seat and children can travel on your lap if this is your preference""; [tweet 2760193, information_provided] ""All buses from 2001 have a three pin seat belt or lap belt which may or may not fit your child seat. We're sorry we have limited knowledge of the different seat belts available.""",10,very_long_9+,2017-11-21 05:01:49+00:00,147083,conv_2760189,case_2760189,"[2760189, 2760187, 2760188, 2760190, 2760192, 2760196, 2760191, 2760193, 2760194, 2760195]",golden_pool_reserve,seat_reservation_issue,low_margin_boundary,20,20,84,20,4.2,42,,,,,
case_2693657,158,@VirginTrains your service is a joke. Letting hundreds of people stand in the middle of the gangway annoying other passengers and making everyone feel uneasy. Pay all this money and its an awful service. Won’t be travelling again.,"[CUSTOMER 2693657] @VirginTrains your service is a joke. Letting hundreds of people stand in the middle of the gangway annoying other passengers and making everyone feel uneasy. Pay all this money and its an awful service. Won’t be travelling again.
[AGENT 2693655] @757096 Hi Daniel, which service are you on? ^HP
[CUSTOMER 2693656] @VirginTrains Glasgow central - london euston 14.37 absolute joke
[AGENT 2693658] @757096 Apologies Daniel, did you originally have a seat reservation for this service? ^HP
[CUSTOMER 2693659] @VirginTrains We did yes. People kept asking to sit in our seats had people in the aisles next to ys for four hours. Not happy
[AGENT 2693660] @757096 Sorry about your experience, Daniel, did you have to move at all? ^HP
[CUSTOMER 2693661] @VirginTrains Well we felt like we had to as people had kids so i ended up standing as i felt bad. So gave up my own seat
[CUSTOMER 2693662] @VirginTrains ??
[AGENT 2693663] @757096 Hi Daniel. How can we help today? ^BT
[CUSTOMER 2693664] @VirginTrains Read the feed please.
[AGENT 2693665] @757096 Sorry to hear about your journey yesterday, Daniel. Did you manage to get a seat at all in the end? ^HP
[CUSTOMER 2693666] @VirginTrains Yes we had reserved seats but gave them up when 100’s of people got on
[AGENT 2693667] @757096 Apologies for the inconvenience caused, Daniel. You can claim compensation for not getting your seat by contacting our Customer Resolutions team via our online form here: https://t.co/t20UbyOCSn ^HP",customer_service_complaint,7,customer_service_complaint,5,journey_disruption_complaint,journey_disruption_complaint,0.0373,compensation,False,False,redirected_to_channel,"Type: compensation. Outcome: redirected_to_channel. Brand agent turns: 6. Signals seen: compensation, self_service, clarification_requested, other. Evidence: [tweet 2693667, compensation] ""You can claim compensation for not getting your seat by contacting our Customer Resolutions team via our online form here: https://t.co/t20UbyOCSn""",13,very_long_9+,2017-11-19 17:15:54+00:00,757096,conv_2693657,case_2693657,"[2693657, 2693655, 2693656, 2693658, 2693659, 2693660, 2693661, 2693662, 2693663, 2693664, 2693665, 2693666, 2693667]",golden_pool_reserve,customer_service_complaint,diverse_coverage,24,24,84,24,3.5,42,,,,,
case_755657,159,"@VirginTrains Refunds dept, incompetence level: Master.","[CUSTOMER 755657] @VirginTrains Refunds dept, incompetence level: Master.
[AGENT 755656] @300619 Anything we can help with? ^PA
[CUSTOMER 755655] @VirginTrains Yes, employ c/centre staff who can either read or stick to the same excuse. 2hrs+ on phone and 4 e-mails to get refund is ridiculous.
[AGENT 755654] @300619 I'll pass on your comments. ^PA",delay_repay_refund_claim,3,delay_repay_refund_claim,7,customer_service_complaint,customer_service_complaint,0.1003,feedback_acknowledged,False,False,agent_answered_unconfirmed,"Type: feedback_acknowledged. Outcome: agent_answered_unconfirmed. Brand agent turns: 2. Signals seen: feedback_acknowledged, other. Evidence: [tweet 755654, feedback_acknowledged] ""I'll pass on your comments.""",4,medium_3-4,2017-10-11 18:00:43+00:00,300619,conv_755657,case_755657,"[755657, 755656, 755655, 755654]",golden_pool_reserve,delay_repay_refund_claim,diverse_coverage,22,22,78,22,3.5455,42,,,,,
case_1621715,160,SOS - Currently stuck on the @VirginTrains 14.40 Euston to Edinburgh with no M&amp;S picnic as we upgraded to 1st but no catering on board. 😭😱🤨,"[CUSTOMER 1621715] SOS - Currently stuck on the @VirginTrains 14.40 Euston to Edinburgh with no M&amp;S picnic as we upgraded to 1st but no catering on board. 😭😱🤨
[AGENT 1621712] @496910 Sorry for that Terry, are staff able to help at all. ^PA
[CUSTOMER 1621713] @VirginTrains The manager is doing a super job! But just no catering on board. Will it come on board at Birmingham?
[CUSTOMER 1621714] @VirginTrains We have tea and coffee, Yay! But turns out there’s no food🤨😱😭 Hungry 1st class passengers, Boo! #anyonegotasandwich?",first_class_catering_issue,4,first_class_service_issue,9,service_status_update_request,service_status_delay_enquiry,0.0005,information_provided,False,False,customer_followup_unanswered,"Type: information_provided. Outcome: customer_followup_unanswered. Brand agent turns: 1. Signals seen: information_provided. Evidence: [tweet 1621712, information_provided] ""Sorry for that Terry, are staff able to help at all.""",4,medium_3-4,2017-11-05 16:53:54+00:00,496910,conv_1621715,case_1621715,"[1621715, 1621712, 1621713, 1621714]",golden_pool_reserve,first_class_catering_issue,low_margin_boundary,5,5,40,5,8.0,42,,,,,
case_580368,161,"@VirginTrains hi, how do I go about getting a refund for my journey today? Booked tickets and reserved a seat for the 9.45 from Euston to Glasgow. Now having to stand for 5 and a half hours on 9.48 from Kings Cross to Edinburgh","[CUSTOMER 580368] @VirginTrains hi, how do I go about getting a refund for my journey today? Booked tickets and reserved a seat for the 9.45 from Euston to Glasgow. Now having to stand for 5 and a half hours on 9.48 from Kings Cross to Edinburgh
[AGENT 580367] @256710 Apologies for your experience, Nicky. Unfortunately we're experiencing major disruption across our network due to emergency overhead line repairs. You can claim compensation for your journey by contacting our Customer Resolutions team here: https://t.co/qJCVixyLLR",delay_repay_refund_claim,3,delay_repay_refund_claim,10,ticket_booking_query,ticket_booking_query,0.0589,compensation,False,False,redirected_to_channel,"Type: compensation. Outcome: redirected_to_channel. Brand agent turns: 1. Signals seen: compensation, self_service. Evidence: [tweet 580367, compensation] ""You can claim compensation for your journey by contacting our Customer Resolutions team here: https://t.co/qJCVixyLLR""",2,short_1-2,2017-12-03 09:50:40+00:00,256710,conv_580368,case_580368,"[580368, 580367]",golden_pool_reserve,delay_repay_refund_claim,low_margin_boundary,22,22,78,22,3.5455,42,,,,,
case_2726549,162,"@764613 @VirginTrains Wtf, deadass train bullshit","[CUSTOMER 2726549] @764613 @VirginTrains Wtf, deadass train bullshit
[AGENT 2726548] @764614 @764613 Sorry to hear this. Can you please DM us your booking reference so I can look into this for you please? ^BT",journey_disruption_complaint,5,journey_disruption_complaint,1,service_running_enquiry,service_status_delay_enquiry,0.0918,redirected_to_dm,False,True,redirected_to_dm,"Type: redirected_to_dm. Outcome: redirected_to_dm. Brand agent turns: 1. Signals seen: redirected_to_dm, escalated, clarification_requested. Evidence: [tweet 2726548, redirected_to_dm] ""Can you please DM us your booking reference so I can look into this for you please?""",2,short_1-2,2017-11-20 13:12:34+00:00,764614,conv_2726550,case_2726549,"[2726549, 2726548]",golden_pool_reserve,journey_disruption_complaint,diverse_coverage,28,29,170,29,5.8621,42,,,,,
case_635180,163,@VirginTrains @123241 so tired of being hung up on when all I need is advice that applies to a group of us. 😩,"[CUSTOMER 635180] @VirginTrains @123241 so tired of being hung up on when all I need is advice that applies to a group of us. 😩
[AGENT 635178] @270603 @123241 Hi Elenid, sorry to hear this, is there anything we can help with? ^HP
[CUSTOMER 635179] @VirginTrains @123241 Trying to sort a group from all over the country for my sisters hendo. Wish I could get advice on tickets purchased and railcards available before some1 hangs up on me, realising I can’t buy immediately. Information given isn’t consistent, costing people extra ££ unnecessarily 😔",chitchat_non_support,0,chitchat_non_support,7,customer_service_complaint,customer_service_complaint,0.0122,unresolved,False,False,customer_followup_unanswered,"Type: unresolved. Outcome: customer_followup_unanswered. Brand agent turns: 1. Signals seen: other. Evidence: [tweet 635178, other] ""Hi Elenid, sorry to hear this, is there anything we can help with?""",3,medium_3-4,2017-11-22 17:01:57+00:00,270603,conv_635180,case_635180,"[635180, 635178, 635179]",golden_pool_reserve,chitchat_non_support,low_margin_boundary,24,24,106,24,4.4167,42,,,,,
case_1396877,164,@VirginTrains how do I get a refund on a ticket? Only found out once I was on the train that my ticket wasn't valid on @120244 ??!!,"[CUSTOMER 1396877] @VirginTrains how do I get a refund on a ticket? Only found out once I was on the train that my ticket wasn't valid on @120244 ??!!
[AGENT 1396875] @444831 @120244 So have you travelled with the ticket? ^MW
[CUSTOMER 1396876] @VirginTrains @120244 I had to buy a new one once I was on the train (to Chester from Manchester pic)
[AGENT 1396878] @444831 @120244 I see, and is the ticket an Advance ticket? ^MW
[CUSTOMER 1396879] @VirginTrains @120244 I've dm'd you all the details",delay_repay_refund_claim,3,delay_repay_refund_claim,10,ticket_booking_query,ticket_booking_query,0.1107,unresolved,False,False,customer_followup_unanswered,"Type: unresolved. Outcome: customer_followup_unanswered. Brand agent turns: 2. Signals seen: clarification_requested, other. Evidence: [tweet 1396878, other] ""I see, and is the ticket an Advance ticket?""",5,long_5-8,2017-10-28 15:13:20+00:00,444831,conv_1396877,case_1396877,"[1396877, 1396875, 1396876, 1396878, 1396879]",golden_pool_reserve,delay_repay_refund_claim,diverse_coverage,22,22,78,22,3.5455,42,,,,,
case_2196800,165,Top service from Katy and Perry on @VirginTrains 👌🏼,"[CUSTOMER 2196800] Top service from Katy and Perry on @VirginTrains 👌🏼
[AGENT 2196801] @642686 That's great to hear Joel! We'll certainly pass on your kind words with a few 'fireworks' ;) ^SB https://t.co/0GPm2OCLNo
[AGENT 2196799] @642686 Do you have details of the train you were on this evening? ^SB
[CUSTOMER 2196798] @VirginTrains Euston to Birmingham New Street, left London at 2230pm.
[AGENT 2196797] @642686 Thanks Joel. ^SB",chitchat_non_support,0,chitchat_non_support,8,praise_positive_feedback,praise_positive_feedback,0.0241,self_service,False,False,agent_answered_unconfirmed,"Type: self_service. Outcome: agent_answered_unconfirmed. Brand agent turns: 3. Signals seen: self_service, feedback_acknowledged, clarification_requested, other. Evidence: [tweet 2196801, self_service] ""We'll certainly pass on your kind words with a few 'fireworks' ;) ^SB https://t.co/0GPm2OCLNo""",5,long_5-8,2017-11-09 23:45:16+00:00,642686,conv_2196800,case_2196800,"[2196800, 2196801, 2196799, 2196798, 2196797]",golden_pool_reserve,chitchat_non_support,low_margin_boundary,24,24,106,24,4.4167,42,,,,,
case_1328090,166,@VirginTrains my daughter is traveling for the 1st time on her own to London Euston. Urgent update needed pls,"[CUSTOMER 1328090] @VirginTrains my daughter is traveling for the 1st time on her own to London Euston. Urgent update needed pls
[AGENT 1328089] @429854 Our services are unable to travel in to London Euston due to a person being hit by a train. ^CB",service_status_delay_enquiry,9,service_status_update_request,2,delay_in_progress_report,service_status_delay_enquiry,0.0019,information_provided,False,False,agent_answered_unconfirmed,"Type: information_provided. Outcome: agent_answered_unconfirmed. Brand agent turns: 1. Signals seen: information_provided. Evidence: [tweet 1328089, information_provided] ""Our services are unable to travel in to London Euston due to a person being hit by a train.""",2,short_1-2,2017-10-27 12:05:37+00:00,429854,conv_1328090,case_1328090,"[1328090, 1328089]",golden_pool_reserve,service_status_delay_enquiry,low_margin_boundary,30,31,253,31,8.1613,42,,,,,
case_2514056,167,@VirginTrains good morning. How do we go about the compensation for a Train that was cancelled?,"[CUSTOMER 2514056] @VirginTrains good morning. How do we go about the compensation for a Train that was cancelled?
[AGENT 2514054] @465928 Which service was this? ^CB
[CUSTOMER 2514055] @VirginTrains It was the 7:03pm from Euston to Wolverhampton on Saturday 28th October
[AGENT 2514057] @465928 Please get in touch through our website: https://t.co/yRMQf6JYRw ^CB",delay_repay_refund_claim,3,delay_repay_refund_claim,5,journey_disruption_complaint,journey_disruption_complaint,0.0502,self_service,False,False,redirected_to_channel,"Type: self_service. Outcome: redirected_to_channel. Brand agent turns: 2. Signals seen: self_service, clarification_requested. Evidence: [tweet 2514057, self_service] ""Please get in touch through our website: https://t.co/yRMQf6JYRw""",4,medium_3-4,2017-10-30 07:57:41+00:00,465928,conv_2514056,case_1489370,"[2514056, 2514054, 2514055, 2514057]",golden_pool_reserve,delay_repay_refund_claim,low_margin_boundary,22,22,78,22,3.5455,42,,,,,
case_2033366,168,"@VirginTrains Jeez, been stuck in the car park at Bham Int for over 25 mins and not moved an inch. A little assistance maybe?! It's gridlock","[CUSTOMER 2033366] @VirginTrains Jeez, been stuck in the car park at Bham Int for over 25 mins and not moved an inch. A little assistance maybe?! It's gridlock
[AGENT 2033363] @122561 Ah, there must've been a concert on... wait patiently is all I can suggest I'm afraid ^BH
[CUSTOMER 2033365] @VirginTrains There was but this is ridiculous - nobody is moving. Can't even get out of the spaces!
[CUSTOMER 2033364] @VirginTrains There has to be a better system!",service_status_delay_enquiry,2,delay_in_progress_report,6,seat_reservation_issue,seat_reservation_issue,0.011,information_provided,False,False,customer_followup_unanswered,"Type: information_provided. Outcome: customer_followup_unanswered. Brand agent turns: 1. Signals seen: information_provided. Evidence: [tweet 2033363, information_provided] ""Ah, there must've been a concert on... wait patiently is all I can suggest I'm afraid""",4,medium_3-4,2017-11-07 23:34:04+00:00,122561,conv_2033366,case_1225472,"[2033366, 2033363, 2033365, 2033364]",golden_pool_reserve,service_status_delay_enquiry,diverse_coverage,30,31,253,31,8.1613,42,,,,,
case_1336797,169,@VirginTrains @431569 Today?! My train London to NE on Wednesday had people sitting in the aisles.. so many it was impossible to even get through to food car.,"[CUSTOMER 1336797] @VirginTrains @431569 Today?! My train London to NE on Wednesday had people sitting in the aisles.. so many it was impossible to even get through to food car.
[CUSTOMER 1336796] @VirginTrains @431569 Full refund should be given to anyone without a seat.
[CUSTOMER 1336860] @431815 @VirginTrains @431569 Huh?",journey_disruption_complaint,5,journey_disruption_complaint,1,service_running_enquiry,service_status_delay_enquiry,0.065,unresolved,False,False,no_response,Brand never replied in the public thread (outcome: no_response).,3,medium_3-4,2017-10-27 14:59:19+00:00,431812,conv_1336623,case_1333135,"[1336797, 1336796, 1336860]",golden_pool_reserve,journey_disruption_complaint,diverse_coverage,28,29,170,29,5.8621,42,,,,,
case_1622396,170,@115793 @VirginTrains - please can you update those waiting on trains at Piccadilly. Should we stay or give up #MiltonKeynesCentral,"[CUSTOMER 1622396] @115793 @VirginTrains - please can you update those waiting on trains at Piccadilly. Should we stay or give up #MiltonKeynesCentral
[AGENT 1622395] @496914 @115793 We're awaiting an update as to when the lines will reopen. Live Updates can be found via https://t.co/Tpobzg1tWi ^MM",journey_disruption_complaint,5,journey_disruption_complaint,1,service_running_enquiry,service_status_delay_enquiry,0.0088,self_service,False,False,redirected_to_channel,"Type: self_service. Outcome: redirected_to_channel. Brand agent turns: 1. Signals seen: self_service. Evidence: [tweet 1622395, self_service] ""Live Updates can be found via https://t.co/Tpobzg1tWi""",2,short_1-2,2017-11-05 16:57:06+00:00,496914,conv_1622396,case_1621731,"[1622396, 1622395]",golden_pool_reserve,journey_disruption_complaint,diverse_coverage,28,29,170,29,5.8621,42,,,,,
case_1355619,171,"@VirginTrains Taken 7 hours to get from London to Manchester sat on floor ,2 trains , one 30 min walk and 7000 stops. I want my money back","[CUSTOMER 1355619] @VirginTrains Taken 7 hours to get from London to Manchester sat on floor ,2 trains , one 30 min walk and 7000 stops. I want my money back
[AGENT 1355618] @431004 We're so sorry for your experience, Pete. You can make a claim for compensation here: https://t.co/BwIfxpqVNk ^HP",delay_repay_refund_claim,3,delay_repay_refund_claim,5,journey_disruption_complaint,journey_disruption_complaint,0.0615,compensation,False,False,redirected_to_channel,"Type: compensation. Outcome: redirected_to_channel. Brand agent turns: 1. Signals seen: compensation, self_service. Evidence: [tweet 1355618, compensation] ""You can make a claim for compensation here: https://t.co/BwIfxpqVNk""",2,short_1-2,2017-10-27 19:09:07+00:00,431004,conv_1355619,case_1333135,"[1355619, 1355618]",golden_pool_reserve,delay_repay_refund_claim,low_margin_boundary,22,22,78,22,3.5455,42,,,,,
case_2259295,172,love paying 70 quid to sit on the floor xx @VirginTrains 😘😘😘,"[CUSTOMER 2259295] love paying 70 quid to sit on the floor xx @VirginTrains 😘😘😘
[AGENT 2259293] @657906 Did you have a seat reserved for your trip this afternoon? ^CB",chitchat_non_support,0,chitchat_non_support,8,praise_positive_feedback,praise_positive_feedback,0.059,clarification_requested,False,False,agent_awaiting_customer,"Type: clarification_requested. Outcome: agent_awaiting_customer. Brand agent turns: 1. Signals seen: clarification_requested. Evidence: [tweet 2259293, clarification_requested] ""Did you have a seat reserved for your trip this afternoon?""",2,short_1-2,2017-11-26 15:27:13+00:00,657906,conv_2259295,case_2259294,"[2259295, 2259293]",golden_pool_reserve,chitchat_non_support,diverse_coverage,24,24,106,24,4.4167,42,,,,,
case_1335585,173,"@VirginTrains @431568 @431569 I suppose #RichardBranson won’t be along checking footage on CTV so he can give some Tory blog pictures of empty seats, then?","[CUSTOMER 1335585] @VirginTrains @431568 @431569 I suppose #RichardBranson won’t be along checking footage on CTV so he can give some Tory blog pictures of empty seats, then?",seat_reservation_issue,6,seat_reservation_issue,0,chitchat_non_support,chitchat_non_support,0.0009,unresolved,False,False,no_response,Brand never replied in the public thread (outcome: no_response).,1,short_1-2,2017-10-27 15:08:59+00:00,228146,conv_1335588,case_1333135,[1335585],golden_pool_reserve,seat_reservation_issue,low_margin_boundary,20,20,84,20,4.2,42,,,,,
case_1343070,174,@433234 @VirginTrains Get the 19 or 260 mate,"[CUSTOMER 1343070] @433234 @VirginTrains Get the 19 or 260 mate
[CUSTOMER 1343072] @433234 @VirginTrains I’ll shout you 31p pal",service_status_delay_enquiry,9,service_status_update_request,2,delay_in_progress_report,service_status_delay_enquiry,0.0357,unresolved,False,False,no_response,Brand never replied in the public thread (outcome: no_response).,2,short_1-2,2017-10-27 16:19:39+00:00,433235,conv_1343066,case_1343066,"[1343070, 1343072]",golden_pool_reserve,service_status_delay_enquiry,low_margin_boundary,30,31,253,31,8.1613,42,,,,,
case_511021,175,"@237442 @VirginTrains They'll get you home no matter how, they have to.","[CUSTOMER 511021] @237442 @VirginTrains They'll get you home no matter how, they have to.
[CUSTOMER 511019] @237442 @VirginTrains They should allow you to take an earlier one too if there is one.
[CUSTOMER 511016] @237442 @VirginTrains Online is showing the 2210 delayed.
[CUSTOMER 511013] @237442 @VirginTrains Cancelled between Wolves and New Street, starting from New Street https://t.co/BGpP4es3VV
[AGENT 511012] @234899 @237442 That should run yes ^MW",chitchat_non_support,0,chitchat_non_support,7,customer_service_complaint,customer_service_complaint,0.0176,other,False,False,agent_answered_unconfirmed,"Type: other. Outcome: agent_answered_unconfirmed. Brand agent turns: 1. Signals seen: other. Evidence: [tweet 511012, other] ""That should run yes""",5,long_5-8,2017-12-01 22:26:17+00:00,234899,conv_511022,case_1629453,"[511021, 511019, 511016, 511013, 511012]",golden_pool_reserve,chitchat_non_support,low_margin_boundary,24,24,106,24,4.4167,42,,,,,
case_1336862,176,@431812 @431815 @VirginTrains @431569 Exactly huh?,[CUSTOMER 1336862] @431812 @431815 @VirginTrains @431569 Exactly huh?,unclear_or_media_only,-1,unclear_or_media_only,-1,unclear_or_media_only,unclear_or_media_only,0.0518,unresolved,False,False,no_response,Brand never replied in the public thread (outcome: no_response).,1,short_1-2,2017-10-27 17:25:28+00:00,431816,conv_1336623,case_1333135,[1336862],golden_pool_reserve,unclear_or_media_only,all_eligible,14,12,12,12,1.0,42,,,,,
case_2770474,177,@VirginTrains was on your 12.49 from Carlisle on Friday. Please pass on to Lorraine and Angela that they were great. On your 12.30 from Euston now and only brunch! Knew I should have had a BK! 😂 #bringoutthesandwiches,"[CUSTOMER 2770474] @VirginTrains was on your 12.49 from Carlisle on Friday. Please pass on to Lorraine and Angela that they were great. On your 12.30 from Euston now and only brunch! Knew I should have had a BK! 😂 #bringoutthesandwiches
[AGENT 2770473] @622193 Thank you for letting us know, I'll get this passed on for you. ^PA
[CUSTOMER 2770472] @VirginTrains Great! The fella was@great too but I can’t remember his name. 😂
[AGENT 2770470] @622193 No problem, I'll try to work it out. ^PA
[CUSTOMER 2770471] @VirginTrains 👍🏻",praise_positive_feedback,8,praise_positive_feedback,0,chitchat_non_support,chitchat_non_support,0.0901,feedback_acknowledged,False,False,customer_followup_unanswered,"Type: feedback_acknowledged. Outcome: customer_followup_unanswered. Brand agent turns: 2. Signals seen: feedback_acknowledged, information_provided. Evidence: [tweet 2770473, feedback_acknowledged] ""Thank you for letting us know, I'll get this passed on for you.""",5,long_5-8,2017-11-21 12:51:40+00:00,622193,conv_2770474,case_2613653,"[2770474, 2770473, 2770472, 2770470, 2770471]",golden_pool_reserve,praise_positive_feedback,diverse_coverage,8,8,124,8,15.5,42,,,,,
case_2556462,178,@VirginTrains I have just got off the 13:30 London Euston to Glasgow. I have left my ticket wallet on there. Was seat H42,"[CUSTOMER 2556462] @VirginTrains I have just got off the 13:30 London Euston to Glasgow. I have left my ticket wallet on there. Was seat H42
[AGENT 2556461] @429046 Hi Andrew, you will need to call our lost property office on, 03331 031 031 option 1, 3. Hope you're reunited soon 😄 ^BT
[CUSTOMER 2556460] @VirginTrains Thank you. Hopefully someone will hand it in. Was hoping you had a way to get your guys on board to grab it
[AGENT 2556459] @429046 Sorry we don't unfortunately. ^BT",seat_reservation_issue,6,seat_reservation_issue,10,ticket_booking_query,ticket_booking_query,0.0069,information_provided,False,False,agent_answered_unconfirmed,"Type: information_provided. Outcome: agent_answered_unconfirmed. Brand agent turns: 2. Signals seen: information_provided, other. Evidence: [tweet 2556461, information_provided] ""Hi Andrew, you will need to call our lost property office on, 03331 031 031 option 1, 3. Hope you're reunited soon 😄""",4,medium_3-4,2017-11-16 15:46:27+00:00,429046,conv_2556462,case_1324371,"[2556462, 2556461, 2556460, 2556459]",golden_pool_reserve,seat_reservation_issue,low_margin_boundary,20,20,84,20,4.2,42,,,,,
case_1336818,179,@431794 @431797 @VirginTrains @431569 The only way to stop overcrowding and make sure everybody gets a seat is to only be able to board if your ticket was purchased in advance.,"[CUSTOMER 1336818] @431794 @431797 @VirginTrains @431569 The only way to stop overcrowding and make sure everybody gets a seat is to only be able to board if your ticket was purchased in advance.
[CUSTOMER 1336817] @431794 @431797 @VirginTrains @431569 Private companies have an obligation to fulfill their contract, if financed by the government and we hit a recession, transport suffers.
[CUSTOMER 1336822] @431798 @431794 @431797 @VirginTrains @431569 More people than ever before are using trains. We also have the safest network in the world.
[CUSTOMER 1336827] @431794 @431798 @431797 @VirginTrains @431569 Leaves mulch by track sides and give the impression to signalers a train has came to a stop as the wet leaves become conductive.
[CUSTOMER 1336826] @431794 @431798 @431797 @VirginTrains @431569 Network Rail would love to cut down tress near rail lines, but the public say no as they also block out the noise of trains
[CUSTOMER 1336829] @431797 @431794 @431798 @VirginTrains @431569 I can travel on an advance purchase ticket cheaper now than in 1992. Irvine-Lancaster then, £27, now as cheap as £13
[CUSTOMER 1336848] @431797 @431794 @431798 @VirginTrains @431569 Exactly, no competition. I can even get to Runcorn via Crewe for £13 sometimes, mainly £18.50
[CUSTOMER 1336835] @431794 @431797 @431798 @VirginTrains @431569 Excuse me, but I've been travelling by train on a regular basis since '92, I think I'd know! I lived and worked in Lancashire. I still visit
[CUSTOMER 1336834] @431794 @431797 @431798 @VirginTrains @431569 My partners parents live in Cheshire, I visit at least 6 times a year. I picked this date at random, it's about 240 miles one way https://t.co/ONkgFTPIzt
[CUSTOMER 1336842] @431794 @431797 @431798 @VirginTrains @431569 No, but I do have family in the railways now and have done since Victorian times. I don't just travel to Lancashire and Cheshire either
[CUSTOMER 1336843] @431794 @431797 @431798 @VirginTrains @431569 I haven't exactly not noticed the changes in that time, even locally. I have been invited to meetings by ScotRail management
[CUSTOMER 1336837] @431794 @431797 @431798 @VirginTrains @431569 I can't prove how much the tickets were back then, I can remember personally, but I can for travelling in the near future.
[CUSTOMER 1336845] @431794 @431797 @431798 @VirginTrains @431569 I'm proving a point, you don't seem to be able to handle that. Nationalisation means no competition and increasing fares as they please
[CUSTOMER 1336839] @431794 @431797 @431798 @VirginTrains @431569 Here will do, I prefer it
[CUSTOMER 1336849] @431797 @431794 @431798 @VirginTrains @431569 As I said, more travelling now than before https://t.co/ezpyskLiP7 NI Rail is nationalised, fares are at times going up at 3 times inflation
[CUSTOMER 1336852] @431798 @431797 @431794 @VirginTrains @431569 From here to Cheshire / Liverpool have ScotRail / Virgin / Transpennine / Northern or Virgin / Arriva Wales/ London Midland sharing
[CUSTOMER 1336851] @431798 @431797 @431794 @VirginTrains @431569 From here to Carlisle I have a choice of ScotRail, Virgin or TransPennine. Warrington to Runcorn can be Northern / Arriva / LM or Virgin.",ticket_booking_query,10,ticket_booking_query,6,seat_reservation_issue,seat_reservation_issue,0.0239,unresolved,False,False,no_response,Brand never replied in the public thread (outcome: no_response).,17,very_long_9+,2017-10-28 18:36:36+00:00,283823,conv_1336623,case_1333135,"[1336818, 1336817, 1336822, 1336827, 1336826, 1336829, 1336848, 1336835, 1336834, 1336842, 1336843, 1336837, 1336845, 1336839, 1336849, 1336852, 1336851]",golden_pool_reserve,ticket_booking_query,low_margin_boundary,20,20,95,20,4.75,42,,,,,
case_815769,180,@VirginTrains @314246 Why have your Saturday RTN fares increased from £45 to £83.90 MAN-EUS? #discusting,"[CUSTOMER 815769] @VirginTrains @314246 Why have your Saturday RTN fares increased from £45 to £83.90 MAN-EUS? #discusting
[AGENT 815768] @314245 What fares are you looking at? ^CB",ticket_booking_query,10,ticket_booking_query,7,customer_service_complaint,customer_service_complaint,0.0232,clarification_requested,False,False,agent_awaiting_customer,"Type: clarification_requested. Outcome: agent_awaiting_customer. Brand agent turns: 1. Signals seen: clarification_requested. Evidence: [tweet 815768, clarification_requested] ""What fares are you looking at?""",2,short_1-2,2017-10-08 20:20:31+00:00,314245,conv_815771,case_815767,"[815769, 815768]",golden_pool_reserve,ticket_booking_query,low_margin_boundary,20,20,95,20,4.75,42,,,,,
case_756988,181,"Thankyou @VirginTrains for not informing me of a change of platform, making me miss my advance booked trains from chorley to Leicester","[CUSTOMER 756988] Thankyou @VirginTrains for not informing me of a change of platform, making me miss my advance booked trains from chorley to Leicester
[CUSTOMER 756984] @VirginTrains @VirginTrains your staff were so clearly keen to help, I pretty much got nothing but a grunt from them
[AGENT 756980] @300908 Sounds like a @120576 service. ^PA
[CUSTOMER 756983] @VirginTrains @120576 To be honest it sounds like I've just blown 40 odd quid to be able to get out of Preston
[CUSTOMER 756987] @VirginTrains Also, it's definitely a west coast service
[AGENT 757521] @300908 Where were you travelling? We don't run from Chorley to Leicester. ^PA
[CUSTOMER 757520] @VirginTrains I booked advance tickets to travel from chorley to Leicester via Preston-crewe-nuneaton.
[OTHER-AGENT 756982] @VirginTrains @300908 We don't call at either of those stations, not one of ours, sorry! ^JW
[AGENT 757519] @300908 Ah I see, sorry for the confusion, it's been a long shift 😞 . ^PA
[CUSTOMER 757518] @VirginTrains All I really expect is a little communication when a replacement train is waiting at a different platform
[AGENT 757516] @300908 I appreciate that, sorry there wasn't this time. ^PA
[CUSTOMER 757517] @VirginTrains I'm not made of money unfortunately, so forking out money for more tickets because of delays is kind of heartbreaking
[CUSTOMER 756986] @300910 @120576 @VirginTrains K",journey_disruption_complaint,5,journey_disruption_complaint,1,service_running_enquiry,service_status_delay_enquiry,0.0274,redirected_to_other_operator,False,False,customer_followup_unanswered,"Type: redirected_to_other_operator. Outcome: customer_followup_unanswered. Brand agent turns: 4. Signals seen: redirected_to_other_operator, information_provided, clarification_requested. Evidence: [tweet 756980, redirected_to_other_operator] ""Sounds like a @120576 service.""",13,very_long_9+,2017-10-11 18:35:57+00:00,300908,conv_756988,case_756981,"[756988, 756984, 756980, 756983, 756987, 757521, 757520, 756982, 757519, 757518, 757516, 757517, 756986]",golden_pool_reserve,journey_disruption_complaint,low_margin_boundary,28,29,170,29,5.8621,42,,,,,
case_686211,182,"@VirginTrains I booked a ticket via Virgin, but was delayed over an hour because of Northern, do I reclaim of you or them?","[CUSTOMER 686211] @VirginTrains I booked a ticket via Virgin, but was delayed over an hour because of Northern, do I reclaim of you or them?
[AGENT 686209] @283823 You'd need to claim with Northern for this ^CB
[CUSTOMER 686210] @VirginTrains Ok, thought so",ticket_booking_query,10,ticket_booking_query,3,delay_repay_refund_claim,delay_repay_refund_claim,0.0561,compensation,False,False,customer_followup_unanswered,"Type: compensation. Outcome: customer_followup_unanswered. Brand agent turns: 1. Signals seen: compensation. Evidence: [tweet 686209, compensation] ""You'd need to claim with Northern for this""",3,medium_3-4,2017-11-23 13:38:40+00:00,283823,conv_686211,case_1333135,"[686211, 686209, 686210]",golden_pool_reserve,ticket_booking_query,diverse_coverage,20,20,95,20,4.75,42,,,,,
case_29131,183,I'm getting hangry...no food or drink offered yet and a delay with @VirginTrains over two hours into my journey to London!!,"[CUSTOMER 29131] I'm getting hangry...no food or drink offered yet and a delay with @VirginTrains over two hours into my journey to London!!
[AGENT 29129] @122408 Which service is it? ^PA
[CUSTOMER 29130] @VirginTrains The 8.38 from Durham which didn't leave Durham till after 12 minutes past 9 as it was delayed!",service_status_delay_enquiry,2,delay_in_progress_report,8,praise_positive_feedback,praise_positive_feedback,0.0151,unresolved,False,False,customer_followup_unanswered,"Type: unresolved. Outcome: customer_followup_unanswered. Brand agent turns: 1. Signals seen: clarification_requested. Evidence: [tweet 29129, clarification_requested] ""Which service is it?""",3,medium_3-4,2017-11-01 11:03:33+00:00,122408,conv_29131,case_1408705,"[29131, 29129, 29130]",golden_pool_reserve,service_status_delay_enquiry,diverse_coverage,30,31,253,31,8.1613,42,,,,,
case_2163906,184,@VirginTrains are the rail strikes today affecting trains out of London Euston at all? Thanks :),"[CUSTOMER 2163906] @VirginTrains are the rail strikes today affecting trains out of London Euston at all? Thanks :)
[AGENT 2163904] @528171 Nope, we're unaffected, Ellie ^MW
[CUSTOMER 2163905] @VirginTrains Thank you!",service_status_delay_enquiry,1,service_running_enquiry,5,journey_disruption_complaint,journey_disruption_complaint,0.0036,other,True,False,customer_confirmed,"Type: other. Outcome: customer_confirmed. Brand agent turns: 1. Signals seen: other. Evidence: [tweet 2163904, other] ""Nope, we're unaffected, Ellie""",3,medium_3-4,2017-11-09 09:29:40+00:00,528171,conv_2163906,case_1753468,"[2163906, 2163904, 2163905]",golden_pool_reserve,service_status_delay_enquiry,low_margin_boundary,30,31,253,31,8.1613,42,,,,,
case_2017632,185,@VirginTrains where u from BH,"[CUSTOMER 2017632] @VirginTrains where u from BH
[AGENT 2017630] @583236 Why? ^BH
[CUSTOMER 2017631] @VirginTrains Just asking I'm from Plymouth
[CUSTOMER 2017633] @VirginTrains On internal system find out where's 390155 currently at
[CUSTOMER 2017634] @VirginTrains Bye now",chitchat_non_support,0,chitchat_non_support,8,praise_positive_feedback,praise_positive_feedback,0.0385,unresolved,False,False,customer_followup_unanswered,"Type: unresolved. Outcome: customer_followup_unanswered. Brand agent turns: 1. Signals seen: other. Evidence: [tweet 2017630, other] ""Why?""",5,long_5-8,2017-11-07 22:47:34+00:00,583236,conv_2017632,case_1968442,"[2017632, 2017630, 2017631, 2017633, 2017634]",golden_pool_reserve,chitchat_non_support,diverse_coverage,24,24,106,24,4.4167,42,,,,,
case_2453675,186,@VirginTrains absolutely disgusted your not replying to me why I’m sat on the floor of one of your overcrowded trains after iv spent £88,"[CUSTOMER 2453675] @VirginTrains absolutely disgusted your not replying to me why I’m sat on the floor of one of your overcrowded trains after iv spent £88
[AGENT 2453673] @702792 We did reply to your earlier tweets, Matty ^MW
[CUSTOMER 2453674] @VirginTrains So can you tell me how health and safety is ok with 4 people sat by the door?????
[AGENT 2453689] @702792 It's not what we like to hear or see but we can't stop passengers sitting there ^MW
[CUSTOMER 2453670] @VirginTrains The 3 carriages of first class is empty but we pay and still sit on the floor must be a fire regulation am I right????
[CUSTOMER 2453690] @VirginTrains But theirs no spare seats where would virgin like us to sit???
[AGENT 2453668] @702792 No Matty ^MW
[CUSTOMER 2453669] @VirginTrains No what??? Are you saying it’s not against fire regulations???
[AGENT 2453691] @702792 The floor or standing would be the only option ^MW
[AGENT 2453671] @702792 Not for passengers to sit on the floor, no ^MW
[CUSTOMER 2453692] @VirginTrains So their are 4 people asleep by the doors of the train because their are no seats and your saying that’s not a breach of fire regulations???
[CUSTOMER 2453672] @VirginTrains By the door asleep???
[AGENT 2453693] @702792 I can't see how it would be but I'm not on the train, might be worth asking the onboard team ^MW
[CUSTOMER 2453694] @VirginTrains But virgin I mean u are happy with us all sat on the floor. Do you think that is ok???
[AGENT 2453695] @702792 We're not happy with it, no ^MW
[CUSTOMER 2453697] @VirginTrains So what would you like to do about it?
[AGENT 2453698] @702792 I'm afraid we can't do anything about this, Matty. If there's no seats free we can provide them for you ^MW
[CUSTOMER 2453696] @VirginTrains How about you close 1 of ur 3 empty first class carriages and everyone can have a seat. EASY REALLY
[CUSTOMER 2453699] @VirginTrains Y over book then
[AGENT 2453704] @702792 We can't do that. Only the Train Manager has the authority to open First Class ^MW
[AGENT 2453700] @702792 We don't. Overcrowding is caused by open tickets being used as they have high flexibility for travel ^MW
[CUSTOMER 2453705] @VirginTrains And he can’t be contacted
[CUSTOMER 2453702] @VirginTrains And can I ask when you book first class y is their 3 empty carriages. Surely u can see how many people have booked first class
[AGENT 2453706] @702792 We can't authorise this or ask them to do this, no ^MW
[AGENT 2453703] @702792 We can with Advance tickets, but again open tickets can be used at any time so we won't know how many will be used per service
[CUSTOMER 2453701] @VirginTrains Absolute joke first class is never full just another money making scheme. Absolute joke and I can’t believe ur reply’s to passengers on flor",journey_disruption_complaint,5,journey_disruption_complaint,0,chitchat_non_support,chitchat_non_support,0.1264,information_provided,False,False,customer_followup_unanswered,"Type: information_provided. Outcome: customer_followup_unanswered. Brand agent turns: 12. Signals seen: information_provided, other. Evidence: [tweet 2453673, information_provided] ""We did reply to your earlier tweets, Matty""; [tweet 2453689, information_provided] ""It's not what we like to hear or see but we can't stop passengers sitting there""; [tweet 2453691, information_provided] ""The floor or standing would be the only option""; [tweet 2453671, information_provided] ""Not for passengers to sit on the floor, no""",26,very_long_9+,2017-10-29 18:47:57+00:00,702792,conv_2453675,case_2452993,"[2453675, 2453673, 2453674, 2453689, 2453670, 2453690, 2453668, 2453669, 2453691, 2453671, 2453692, 2453672, 2453693, 2453694, 2453695, 2453697, 2453698, 2453696, 2453699, 2453704, 2453700, 2453705, 2453702, 2453706, 2453703, 2453701]",golden_pool_reserve,journey_disruption_complaint,diverse_coverage,28,29,170,29,5.8621,42,,,,,
case_1336783,187,"@VirginTrains @431569 terrible service on Virgin NW Friday.No seats,whole families sitting in corridors.inhuman.utter misery.","[CUSTOMER 1336783] @VirginTrains @431569 terrible service on Virgin NW Friday.No seats,whole families sitting in corridors.inhuman.utter misery.",customer_service_complaint,7,customer_service_complaint,6,seat_reservation_issue,seat_reservation_issue,0.0187,unresolved,False,False,no_response,Brand never replied in the public thread (outcome: no_response).,1,short_1-2,2017-10-28 09:14:43+00:00,431792,conv_1336623,case_1333135,[1336783],golden_pool_reserve,customer_service_complaint,diverse_coverage,24,24,84,24,3.5,42,,,,,
case_1441676,188,@VirginTrains https://t.co/HoSMtH1qmz,"[CUSTOMER 1441676] @VirginTrains https://t.co/HoSMtH1qmz
[AGENT 1441675] @454362 I see sorry for that, you can still upgrade if you wish, the staff onboard can assist with the prices. ^PA",unclear_or_media_only,-1,unclear_or_media_only,-1,unclear_or_media_only,unclear_or_media_only,0.0518,information_provided,False,False,agent_answered_unconfirmed,"Type: information_provided. Outcome: agent_answered_unconfirmed. Brand agent turns: 1. Signals seen: information_provided. Evidence: [tweet 1441675, information_provided] ""I see sorry for that, you can still upgrade if you wish, the staff onboard can assist with the prices.""",2,short_1-2,2017-11-02 12:24:48+00:00,454362,conv_1441676,case_1440893,"[1441676, 1441675]",golden_pool_reserve,unclear_or_media_only,all_eligible,14,12,12,12,1.0,42,,,,,
case_531889,189,Time is running out @VirginTrains. You acknowledged receipt of my letter of complaint on 06/11. Your 28 days expires on Monday! #Disappointing #PoorService,"[CUSTOMER 531889] Time is running out @VirginTrains. You acknowledged receipt of my letter of complaint on 06/11. Your 28 days expires on Monday! #Disappointing #PoorService
[AGENT 531888] @243223 Hi Michael, sorry to hear you've not received a response. Please contact our Customer Resolutions team via Live Chat: https://t.co/NHoA1QGqJm and they should be able to assist further ^HP",customer_service_complaint,7,customer_service_complaint,3,delay_repay_refund_claim,delay_repay_refund_claim,0.0242,self_service,False,False,redirected_to_channel,"Type: self_service. Outcome: redirected_to_channel. Brand agent turns: 1. Signals seen: self_service. Evidence: [tweet 531888, self_service] ""Please contact our Customer Resolutions team via Live Chat: https://t.co/NHoA1QGqJm and they should be able to assist further""",2,short_1-2,2017-12-02 10:41:18+00:00,243223,conv_531889,case_2314667,"[531889, 531888]",golden_pool_reserve,customer_service_complaint,low_margin_boundary,24,24,84,24,3.5,42,,,,,
case_1336790,190,@VirginTrains @431569 Correction; Sorry not sorry. If you were truly sorry things would change but they don't so it's just PR.,[CUSTOMER 1336790] @VirginTrains @431569 Correction; Sorry not sorry. If you were truly sorry things would change but they don't so it's just PR.,customer_service_complaint,7,customer_service_complaint,0,chitchat_non_support,chitchat_non_support,0.0305,unresolved,False,False,no_response,Brand never replied in the public thread (outcome: no_response).,1,short_1-2,2017-10-27 21:03:37+00:00,431804,conv_1336623,case_1333135,[1336790],golden_pool_reserve,customer_service_complaint,low_margin_boundary,24,24,84,24,3.5,42,,,,,
case_1336792,191,@VirginTrains @431569 So you know its experiencing high volume of passengers so put on extr carriages or stop selling tickets ?,[CUSTOMER 1336792] @VirginTrains @431569 So you know its experiencing high volume of passengers so put on extr carriages or stop selling tickets ?,journey_disruption_complaint,5,journey_disruption_complaint,6,seat_reservation_issue,seat_reservation_issue,0.0331,unresolved,False,False,no_response,Brand never replied in the public thread (outcome: no_response).,1,short_1-2,2017-10-27 23:59:41+00:00,431807,conv_1336623,case_1333135,[1336792],golden_pool_reserve,journey_disruption_complaint,low_margin_boundary,28,29,170,29,5.8621,42,,,,,
case_1620119,192,"@VirginTrains got an advance single for tonight from ldn to Manchester, can I travel on any service when lines reopen?","[CUSTOMER 1620119] @VirginTrains got an advance single for tonight from ldn to Manchester, can I travel on any service when lines reopen?
[AGENT 1620118] @495122 Yes you can. ^PA",ticket_booking_query,10,ticket_booking_query,2,delay_in_progress_report,service_status_delay_enquiry,0.0058,other,False,False,agent_answered_unconfirmed,"Type: other. Outcome: agent_answered_unconfirmed. Brand agent turns: 1. Signals seen: other. Evidence: [tweet 1620118, other] ""Yes you can.""",2,short_1-2,2017-11-05 16:20:07+00:00,495122,conv_1620119,case_1614060,"[1620119, 1620118]",golden_pool_reserve,ticket_booking_query,low_margin_boundary,20,20,95,20,4.75,42,,,,,
case_874153,193,"When @VirginTrains terminate your train early, close the buffet cart on the new train your only solace is a cute dog. https://t.co/tHQpjG3w6B","[CUSTOMER 874153] When @VirginTrains terminate your train early, close the buffet cart on the new train your only solace is a cute dog. https://t.co/tHQpjG3w6B
[AGENT 874152] @121936 We're sorry for the inconvenience caused :( That is a very cute dog though 🐶 Which service are you on? ^HP
[CUSTOMER 874146] @VirginTrains The 19:30 train to Glasgow from Euston. It’s a long time to go with no food or drink 😿
[AGENT 874144] @121936 Apologies Alex, have you been able to speak to staff about this at all? ^HP
[CUSTOMER 874145] @VirginTrains Staff are stressed and not sure what they’d say really. They just said they couldn’t operate a buffet car on this service. 2 hrs til Glasgow
[AGENT 874147] @121936 Unfortunately we had to undertake a change of trains at CRE this evening which has led to this inconvenience ^RD
[CUSTOMER 874148] @VirginTrains Understandable but I think it’s not much comfort to those of us who’ve had to endure overcrowding, chaos changing trains and now this.
[AGENT 874149] @121936 If you speak with the Train Manager they may be able to help further ^RD
[CUSTOMER 874150] @VirginTrains They’ve reopened! Hallelujah!
[AGENT 874151] @121936 That's great to hear ^RD",journey_disruption_complaint,5,journey_disruption_complaint,1,service_running_enquiry,service_status_delay_enquiry,0.0537,information_provided,True,False,agent_closed,"Type: information_provided. Outcome: agent_closed. Brand agent turns: 5. Signals seen: information_provided, clarification_requested, other. Evidence: [tweet 874147, information_provided] ""Unfortunately we had to undertake a change of trains at CRE this evening which has led to this inconvenience""; [tweet 874149, information_provided] ""If you speak with the Train Manager they may be able to help further""",10,very_long_9+,2017-10-20 20:46:41+00:00,121936,conv_874153,case_531913,"[874153, 874152, 874146, 874144, 874145, 874147, 874148, 874149, 874150, 874151]",golden_pool_reserve,journey_disruption_complaint,diverse_coverage,28,29,170,29,5.8621,42,,,,,
case_64621,194,@VirginTrains can I get a refund if the strike goes ahead on the 22nd December? @130823 I have a return for the 24th,"[CUSTOMER 64621] @VirginTrains can I get a refund if the strike goes ahead on the 22nd December? @130823 I have a return for the 24th
[AGENT 64619] @130822 @130823 Yes, if you decide not to travel on the effected dates due to the strike a refund can be issued. ^BT
[CUSTOMER 64610] @VirginTrains @130823 Will this refund cover the return journey
[AGENT 64608] @130822 @130823 We would only issue a refund if customers decide to abandon their journey on the effected dates. ^BT
[CUSTOMER 64609] @VirginTrains @130823 I have booked a return journey to London 22nd there and 24th return can you clarify if these dates are effected thanks
[AGENT 64611] @130822 @130823 The 22nd December has been confirmed as a date effected by the strike. However we will run a majority of services on this date, but it will be a reduced service. ^BT
[CUSTOMER 64612] @VirginTrains @130823 I'm a little confused can I claim a refund for the full amount of the return journey please
[AGENT 64614] @130822 @130823 Only if you abandon travel Linze. ^BT
[CUSTOMER 64615] @VirginTrains @130823 I'm sorry could you explain what you mean by that... do you mean cancel the whole train journey?
[AGENT 64616] @130822 @130823 If this is a open return journey you will only receive a refund if the whole journey is abandoned. If these are Advance single tickets you can get a refund on the return advance single ticket if you do not travel. ^BT
[CUSTOMER 64617] @VirginTrains @130823 Could you tell me where and how I apply for the refunds please
[AGENT 64618] @130822 @130823 If you aren't travelling you can apply for a refund from point of purchase. For example if this was brought online, please log into your account and apply for a refund here. ^BT",delay_repay_refund_claim,3,delay_repay_refund_claim,10,ticket_booking_query,ticket_booking_query,0.1627,refund,False,False,agent_answered_unconfirmed,"Type: refund. Outcome: agent_answered_unconfirmed. Brand agent turns: 6. Signals seen: refund, information_provided. Evidence: [tweet 64619, refund] ""Yes, if you decide not to travel on the effected dates due to the strike a refund can be issued.""; [tweet 64608, refund] ""We would only issue a refund if customers decide to abandon their journey on the effected dates.""; [tweet 64616, refund] ""If this is a open return journey you will only receive a refund if the whole journey is abandoned.""; [tweet 64618, refund] ""If you aren't travelling you can apply for a refund from point of purchase.""",12,very_long_9+,2017-11-30 08:11:04+00:00,130822,conv_64621,case_2960960,"[64621, 64619, 64610, 64608, 64609, 64611, 64612, 64614, 64615, 64616, 64617, 64618]",golden_pool_reserve,delay_repay_refund_claim,diverse_coverage,22,22,78,22,3.5455,42,,,,,
case_2726558,195,@764613 @VirginTrains They really need to sort this out @VirginTrains,"[CUSTOMER 2726558] @764613 @VirginTrains They really need to sort this out @VirginTrains
[AGENT 2730885] @765599 @764613 We're really sorry to hear about this issue. What type of ticket did you have, Phelan? We do have a e-ticket/m-ticket options for our services so you shouldn't have been charged again if you showed this on your phone ^HP",chitchat_non_support,0,chitchat_non_support,7,customer_service_complaint,customer_service_complaint,0.0362,clarification_requested,False,False,redirected_to_channel,"Type: clarification_requested. Outcome: redirected_to_channel. Brand agent turns: 1. Signals seen: clarification_requested. Evidence: [tweet 2730885, clarification_requested] ""What type of ticket did you have, Phelan?""",2,short_1-2,2017-11-20 14:51:05+00:00,765599,conv_2726550,case_2726549,"[2726558, 2730885]",golden_pool_reserve,chitchat_non_support,low_margin_boundary,24,24,106,24,4.4167,42,,,,,
case_1336807,196,@431788 @VirginTrains @431569 T,"[CUSTOMER 1336807] @431788 @VirginTrains @431569 T
[CUSTOMER 1336808] @431788 @VirginTrains @431569 Oops Too late - Virgincare!!",unclear_or_media_only,-1,unclear_or_media_only,-1,unclear_or_media_only,unclear_or_media_only,0.0518,unresolved,False,False,no_response,Brand never replied in the public thread (outcome: no_response).,2,short_1-2,2017-10-28 07:41:51+00:00,431791,conv_1336623,case_1333135,"[1336807, 1336808]",golden_pool_reserve,unclear_or_media_only,all_eligible,14,12,12,12,1.0,42,,,,,
case_686237,197,So @VirginTrains machine at #Stafford ‘sticks’ and one of our tickets isn’t here (but res and receipt is) Told to speak to staff at #Euston to reprint ticket and greeted with the RUDEST most patronising CSA. Not impressed. At all. Poor.,"[CUSTOMER 686237] So @VirginTrains machine at #Stafford ‘sticks’ and one of our tickets isn’t here (but res and receipt is) Told to speak to staff at #Euston to reprint ticket and greeted with the RUDEST most patronising CSA. Not impressed. At all. Poor.
[AGENT 686235] @283827 Really sorry to hear about your experience, Sarah, have they been able to help you with your issue now? ^HP
[CUSTOMER 686236] @VirginTrains No, not at all. Really annoyed. Sabrina was rude at Euston and apparently only option is to buy another ticket? But we have ALL other elements?! Spoiling a nice mother/daughter day! https://t.co/nytzpxszHc
[AGENT 686238] @283827 Sorry for your experience, Sarah. We'll pass your comments on regarding this situation ^MM",ticket_booking_query,10,ticket_booking_query,7,customer_service_complaint,customer_service_complaint,0.0056,feedback_acknowledged,False,False,agent_answered_unconfirmed,"Type: feedback_acknowledged. Outcome: agent_answered_unconfirmed. Brand agent turns: 2. Signals seen: feedback_acknowledged, other. Evidence: [tweet 686238, feedback_acknowledged] ""We'll pass your comments on regarding this situation""",4,medium_3-4,2017-11-23 13:06:20+00:00,283827,conv_686237,case_2317337,"[686237, 686235, 686236, 686238]",golden_pool_reserve,ticket_booking_query,low_margin_boundary,20,20,95,20,4.75,42,,,,,
case_1669638,198,@VirginTrains second journey this weekend and second time I couldn’t get anything from shop due payment issues. Why do I pay £70 for again?,"[CUSTOMER 1669638] @VirginTrains second journey this weekend and second time I couldn’t get anything from shop due payment issues. Why do I pay £70 for again?
[AGENT 1669634] @155058 Sorry to hear this, which service was this on? ^LC
[CUSTOMER 1669636] @VirginTrains 11.50 to Euston. It’s the softwares fault.What can the staff do? Give the whole train free food?!You had issues Fri too, sort your tech out!
[CUSTOMER 1669635] @VirginTrains I have no choice but to use your service too. No choice and the. Your treat is so terribly. Don’t get me started on 1st class. 6 cabins?!
[CUSTOMER 1669637] @VirginTrains Do they ever sell them out?! PFT. https://t.co/3kWDJhGGa9 degrade my journey in some manner&amp;I have to put up with it because who will help?",delay_repay_refund_claim,3,delay_repay_refund_claim,10,ticket_booking_query,ticket_booking_query,0.0624,unresolved,False,False,customer_followup_unanswered,"Type: unresolved. Outcome: customer_followup_unanswered. Brand agent turns: 1. Signals seen: clarification_requested. Evidence: [tweet 1669634, clarification_requested] ""Sorry to hear this, which service was this on?""",5,long_5-8,2017-11-06 12:23:06+00:00,155058,conv_1669638,case_1669593,"[1669638, 1669634, 1669636, 1669635, 1669637]",golden_pool_reserve,delay_repay_refund_claim,low_margin_boundary,22,22,78,22,3.5455,42,,,,,
case_1336801,199,"@VirginTrains @431569 Not 'high volume of passengers' but reduction in service you provide, I think is the clarity you mean. Adjust tickets?","[CUSTOMER 1336801] @VirginTrains @431569 Not 'high volume of passengers' but reduction in service you provide, I think is the clarity you mean. Adjust tickets?",seat_reservation_issue,6,seat_reservation_issue,10,ticket_booking_query,ticket_booking_query,0.0202,unresolved,False,False,no_response,Brand never replied in the public thread (outcome: no_response).,1,short_1-2,2017-10-28 11:48:06+00:00,431817,conv_1336623,case_1333135,[1336801],golden_pool_reserve,seat_reservation_issue,diverse_coverage,20,20,84,20,4.2,42,,,,,
case_756985,200,@120576 @VirginTrains @300908  https://t.co/Fm0MsesHyO,[CUSTOMER 756985] @120576 @VirginTrains @300908 https://t.co/Fm0MsesHyO,unclear_or_media_only,-1,unclear_or_media_only,-1,unclear_or_media_only,unclear_or_media_only,0.0518,unresolved,False,False,no_response,Brand never replied in the public thread (outcome: no_response).,1,short_1-2,2017-10-11 19:24:18+00:00,300910,conv_756988,case_756981,[756985],golden_pool_reserve,unclear_or_media_only,all_eligible,14,12,12,12,1.0,42,,,,,
