case_id,split,cluster_id,length_bucket,time_period,turn_count,resolved,resolution_type,dm_redirect,first_timestamp,customer_id,conversation_id,opening_message,resolution_summary,conversation,source_tweet_ids
case_1006269,train_retrieval,0,short_1-2,before_2017-10-09,2,False,clarification_requested,False,2012-12-04 07:25:54+00:00,358157,conv_1006269,@VirginTrains still stuck with 90p a bag of plain crisps for meals. Come on VT stop excluding vegans! We can't always carry lunch boxes!,"Type: clarification_requested. Outcome: agent_awaiting_customer. Brand agent turns: 1. Signals seen: clarification_requested. Evidence: [tweet 1006268, clarification_requested] ""Hi LittleBlueHenSoap, what vegan produce do you think we need the most?""","[CUSTOMER 1006269] @VirginTrains still stuck with 90p a bag of plain crisps for meals. Come on VT stop excluding vegans! We can't always carry lunch boxes!
[AGENT 1006268] @44487 Hi LittleBlueHenSoap, what vegan produce do you think we need the most? and is this in First Class or the Shop? ^AM","[1006269, 1006268]"
case_2696599,train_retrieval,0,short_1-2,before_2017-10-09,1,False,unresolved,False,2016-02-15 09:21:32+00:00,757757,conv_2696600,"@VirginTrains @757756 Bit late to the party on that one, some things never change hey?",Brand never replied in the public thread (outcome: no_response).,"[CUSTOMER 2696599] @VirginTrains @757756 Bit late to the party on that one, some things never change hey?",[2696599]
case_494609,dev_calibration,-3,short_1-2,before_2017-10-09,1,False,information_provided,False,2017-07-03 20:43:01+00:00,232954,conv_494609,,"Type: information_provided. Outcome: agent_answered_unconfirmed. Brand agent turns: 1. Signals seen: information_provided. Evidence: [tweet 494609, information_provided] ""#VTNEW: Due to a fault with the signalling system at Coventry the North-bound line is blocked.""",[AGENT 494609] #VTNEW: Due to a fault with the signalling system at Coventry the North-bound line is blocked.,[494609]
case_1255407,train_retrieval,-3,long_5-8,before_2017-10-09,5,False,self_service,False,2017-08-09 06:56:34+00:00,414362,conv_1255407,@VirginTrains It's gone on holiday to mainland Europe,"Type: self_service. Outcome: agent_answered_unconfirmed. Brand agent turns: 3. Signals seen: self_service, clarification_requested, other. Evidence: [tweet 1255407, self_service] ""https://t.co/56jQZCK11q""; [tweet 1255401, self_service] ""^MM https://t.co/eCz9T7AEEr""","[AGENT 1255407] Good morning, Tweeters! ^MM &amp; ^LC signing on. We are both wondering where summer has gone? https://t.co/56jQZCK11q
[CUSTOMER 1255403] @VirginTrains It's gone on holiday to mainland Europe
[AGENT 1255401] @414362 ^MM https://t.co/eCz9T7AEEr
[CUSTOMER 1255402] @VirginTrains It about 40° at my cousins house in Austria and I have to go out looking like this https://t.co/qPvs7RCiAf
[AGENT 1255404] @414362 😆 ^MM","[1255407, 1255403, 1255401, 1255402, 1255404]"
case_2144401,train_retrieval,7,very_long_9+,before_2017-10-09,13,False,refund,False,2017-09-07 13:49:02+00:00,630469,conv_2144401,"So @127472 not only are your @VirginTrains a rip off, the staff are a disgrace

Watch this, give it a RT please + let me explain 😡 https://t.co/siAmyNt78R","Type: refund. Outcome: agent_answered_unconfirmed. Brand agent turns: 2. Signals seen: refund, information_provided. Evidence: [tweet 2144390, refund] ""We can offer a refund for new tickets purchased in these instances though, Andy""","[CUSTOMER 2144401] So @127472 not only are your @VirginTrains a rip off, the staff are a disgrace Watch this, give it a RT please + let me explain 😡 https://t.co/siAmyNt78R
[CUSTOMER 2144400] @127472 @VirginTrains I went for food and think I have left my wallet out on the table (my fault) and it's been taken. Thankfully I had already bough my ticket
[CUSTOMER 2144399] @127472 @VirginTrains Using the Trainline app. When i activated the ticket to board the train they asked to see my railcard. I realised it must be in the cafe so
[CUSTOMER 2144398] @127472 @VirginTrains I ran back to the cafe to look for it. It wasn't there I ran back and explained that I had lost my wallet. The Virgin staff said 'tough, I
[CUSTOMER 2144397] @127472 @VirginTrains You need to go but another ticket' I explained that would be impossible as I don't have my wallet now. She then said, how do we know you
[CUSTOMER 2144396] @127472 @VirginTrains You are disabled and have a rail card. I replied because I got blown up in Afghanistan and lifted my trouser leg up. At this point I was
[CUSTOMER 2144395] @127472 @VirginTrains In disbelief at the lack of common sense and walked past her to explain directly to the train manager when the police/security came running
[CUSTOMER 2144394] @127472 @VirginTrains Down, grabbed me and starting pulling me away, saying tough, you have been told. I walk back to the ticket office to ask what am I meant to
[CUSTOMER 2144393] @127472 @VirginTrains Do and by pure chance see a good friend waiting for a friend to arrive. I explain to him + he thankfully buys me a ticket so I can get home
[CUSTOMER 2144391] @127472 @VirginTrains Best bit about it all. When I got the next train, that many people rushed to get on the train the Virgin staff wasn't even checking tickets
[CUSTOMER 2144388] @127472 @VirginTrains So that's been the last hour of my life folks. Here is my good friend Clive who came to save the day. Oh and Rich, lower the prices lad https://t.co/1f3p3OdvfG
[AGENT 2144386] @630469 Tickets purchased with a railcard discount are invalid without the railcard, but we understand this was a difficult situation
[AGENT 2144390] @630469 3/3 after losing your wallet. We can offer a refund for new tickets purchased in these instances though, Andy ^HP","[2144401, 2144400, 2144399, 2144398, 2144397, 2144396, 2144395, 2144394, 2144393, 2144391, 2144388, 2144386, 2144390]"
case_785045,train_retrieval,10,medium_3-4,before_2017-10-09,4,True,redirected_to_other_operator,False,2017-09-21 10:24:42+00:00,307338,conv_785045,@VirginTrains disappointed with the new Travel Buddy digital ticketing experince. #missedopportunity.  Expect someone to nail this soon…,"Type: redirected_to_other_operator. Outcome: customer_confirmed. Brand agent turns: 1. Signals seen: redirected_to_other_operator. Evidence: [tweet 785043, redirected_to_other_operator] ""That's one for @120576 who may be able to help""","[CUSTOMER 785045] @VirginTrains disappointed with the new Travel Buddy digital ticketing experince. #missedopportunity. Expect someone to nail this soon…
[AGENT 785043] @307338 That's one for @120576 who may be able to help ^CB
[OTHER-AGENT 785044] @VirginTrains @307338 Hi Jack, what issues are you experiencing with the app? ^JC
[CUSTOMER 785046] @120576 @VirginTrains But the ability to add a Bike reservation would come high up on my list! Appreciate the reply too by the way. Cheers for that","[785045, 785043, 785044, 785046]"
case_2210828,train_retrieval,8,short_1-2,before_2017-10-09,2,False,information_provided,False,2017-09-26 17:19:13+00:00,646186,conv_2210828,Guess who was on our @VirginTrains from London yesterday....Only Our Tina! @486524 @87244 what a scream we had xx 🍾😂😂😂😂 https://t.co/bguWs5cC31,"Type: information_provided. Outcome: agent_answered_unconfirmed. Brand agent turns: 1. Signals seen: information_provided. Evidence: [tweet 2210827, information_provided] ""Ahh love this guys! Hope you all had a great journey 😀 🙌🏻""","[CUSTOMER 2210828] Guess who was on our @VirginTrains from London yesterday....Only Our Tina! @486524 @87244 what a scream we had xx 🍾😂😂😂😂 https://t.co/bguWs5cC31
[AGENT 2210827] @646186 @486524 @87244 Ahh love this guys! Hope you all had a great journey 😀 🙌🏻 ^HP","[2210828, 2210827]"
case_2132545,train_retrieval,-3,short_1-2,before_2017-10-09,2,True,information_provided,False,2017-10-05 18:31:29+00:00,295539,conv_2132545,"@VirginTrains Smashing, thank you 👍🏼","Type: information_provided. Outcome: customer_confirmed. Brand agent turns: 1. Signals seen: information_provided. Evidence: [tweet 2132545, information_provided] ""The 27th (Opens 19th October) & 28th (Opens 20th October)""","[AGENT 2132545] @295539 The 27th (Opens 19th October) &amp; 28th (Opens 20th October) ^MM
[CUSTOMER 2132544] @VirginTrains Smashing, thank you 👍🏼","[2132545, 2132544]"
case_809388,train_retrieval,8,medium_3-4,before_2017-10-09,4,False,self_service,False,2017-10-06 19:05:13+00:00,312863,conv_809388,Fare dodger on my London bound Pendolino just been hit with a £160 fare. Good on you @VirginTrains,"Type: self_service. Outcome: customer_followup_unanswered. Brand agent turns: 1. Signals seen: self_service. Evidence: [tweet 809386, self_service] ""^MM https://t.co/m8OLlRkoTJ""","[CUSTOMER 809388] Fare dodger on my London bound Pendolino just been hit with a £160 fare. Good on you @VirginTrains
[AGENT 809386] @312863 ^MM https://t.co/m8OLlRkoTJ
[CUSTOMER 809387] @VirginTrains Done politely and professionally by the train manager on the 19.55 from Piccadilly. Excellent service today... as ever.
[CUSTOMER 809390] @312864 @VirginTrains What nonsense.","[809388, 809386, 809387, 809390]"
case_1480081,train_retrieval,-3,very_long_9+,before_2017-10-09,10,False,unresolved,False,2017-10-07 07:21:34+00:00,463678,conv_1480097,@VirginTrains @120576 Thanks for not responding @61971 @120576 another appalling example of service and another journey without Wifi!!!!!!!!,"Brand never replied in the public thread (outcome: customer_followup_unanswered). Another operator's account replied, but the brand did not.","[CUSTOMER 1480081] @VirginTrains @120576 Thanks for not responding @61971 @120576 another appalling example of service and another journey without Wifi!!!!!!!!
[OTHER-AGENT 1480083] @463678 Sorry to hear this Leanne, do have any further journeys coming up? ^JC
[CUSTOMER 1480084] @120576 Yes but I have now missed 6 journeys without Wifi... so unimpressed
[OTHER-AGENT 1480085] @463678 Apologies Leanne, if you can Tweet us directly before any future journeys, we'll do our best to help. ^JC
[CUSTOMER 1480086] @120576 Initial compliant VTN-170913BCVH for this issue, advised to call in anticpantion of journeys to get code, waited for 32 mins on the phone
[CUSTOMER 1480087] @120576 So tweeted @VirginTrains who passed onto yourselves and no response. I have no faith in this process and I only booked direct to get wifi
[OTHER-AGENT 1480088] @463678 @VirginTrains I'm really sorry about that Leanne. I can raise codes now for you if you need any? ^JC
[CUSTOMER 1480089] @120576 @VirginTrains That would be great - but what about my missed trips. I get free wifi when I travel Grand Central with no issues
[OTHER-AGENT 1480090] @463678 @VirginTrains Unfortunately I can't do anything if you've already travelled Leanne. ^JC
[CUSTOMER 1480091] @120576 @VirginTrains Poor service, I expect better. No acknowledgement of the mistakes on @120576 and I am the one left out of pocket","[1480081, 1480083, 1480084, 1480085, 1480086, 1480087, 1480088, 1480089, 1480090, 1480091]"
case_809391,train_retrieval,0,short_1-2,before_2017-10-09,1,False,unresolved,False,2017-10-07 09:01:34+00:00,312865,conv_809388,@312863 @312864 @VirginTrains Got to protect Richard Branson’s profits at all times eh.,Brand never replied in the public thread (outcome: no_response).,[CUSTOMER 809391] @312863 @312864 @VirginTrains Got to protect Richard Branson’s profits at all times eh.,[809391]
case_832865,train_retrieval,-3,short_1-2,before_2017-10-09,2,False,information_provided,False,2017-10-08 17:31:24+00:00,318360,conv_832867,@VirginTrains Any news,"Type: information_provided. Outcome: agent_answered_unconfirmed. Brand agent turns: 1. Signals seen: information_provided. Evidence: [tweet 832863, information_provided] ""There is a team that would go through and remove any recyclable materials""","[CUSTOMER 832865] @VirginTrains Any news
[AGENT 832863] @318360 There is a team that would go through and remove any recyclable materials ^CB","[832865, 832863]"
case_1267056,train_retrieval,10,short_1-2,week_2017-10-09,2,False,redirected_to_dm,True,2017-10-09 18:35:56+00:00,416664,conv_1267056,"@VirginTrains but then when I tried verifying my account it said ""error verifying"" and my Edinburgh booking details weren't there?? Help pls","Type: redirected_to_dm. Outcome: redirected_to_dm. Brand agent turns: 1. Signals seen: redirected_to_dm, self_service, clarification_requested. Evidence: [tweet 1267054, redirected_to_dm] ""Could you DM your email address, surname and postcode please?""","[CUSTOMER 1267056] @VirginTrains but then when I tried verifying my account it said ""error verifying"" and my Edinburgh booking details weren't there?? Help pls
[AGENT 1267054] @416664 Could you DM your email address, surname and postcode please? ^CB https://t.co/hhfk9c3ylv","[1267056, 1267054]"
case_737596,train_retrieval,11,medium_3-4,week_2017-10-09,3,False,troubleshooting,False,2017-10-11 11:33:13+00:00,296412,conv_737596,@VirginTrains are you having WiFi problems on board today? On 11.40 bhi to eus and connection keeps dropping.,"Type: troubleshooting. Outcome: redirected_to_channel. Brand agent turns: 2. Signals seen: troubleshooting, self_service, information_provided. Evidence: [tweet 737595, troubleshooting] ""the network in your settings, reconnect & follow https://t.co/1JEOSVPtGN Thanks""","[CUSTOMER 737596] @VirginTrains are you having WiFi problems on board today? On 11.40 bhi to eus and connection keeps dropping.
[AGENT 737597] @296412 1/2 Hi Mark, we haven't been made of any other issues on this service so apologies about that. Could you please try forgetting
[AGENT 737595] @296412 2/2 the network in your settings, reconnect &amp; follow https://t.co/1JEOSVPtGN Thanks ^HP","[737596, 737597, 737595]"
case_737576,train_retrieval,1,medium_3-4,week_2017-10-09,3,True,information_provided,False,2017-10-11 12:03:46+00:00,296406,conv_737576,.@VirginTrains - my train from Warrington BQ to London Euston at 1:20 is delayed w/ no time given - can I get on any of the other services?,"Type: information_provided. Outcome: customer_confirmed. Brand agent turns: 1. Signals seen: information_provided. Evidence: [tweet 737574, information_provided] ""Hi Ali, please speak to station staff so they can take a look at your ticket, as they'll be able to advise further""","[CUSTOMER 737576] .@VirginTrains - my train from Warrington BQ to London Euston at 1:20 is delayed w/ no time given - can I get on any of the other services?
[AGENT 737574] @296406 Hi Ali, please speak to station staff so they can take a look at your ticket, as they'll be able to advise further ^HP
[CUSTOMER 737575] @VirginTrains Okay thanks :)","[737576, 737574, 737575]"
case_739531,train_retrieval,1,short_1-2,week_2017-10-09,2,False,self_service,False,2017-10-11 12:57:57+00:00,296870,conv_739531,@VirginTrains Are you able to advise if the 1540 Glasgow to Euston train will run as scheduled or if there will be a bus service for part of the journey to the flooding issues?,"Type: self_service. Outcome: redirected_to_channel. Brand agent turns: 1. Signals seen: self_service. Evidence: [tweet 739530, self_service] ""Not at the moment Emily, you need to check via https://t.co/7C33pczmao""","[CUSTOMER 739531] @VirginTrains Are you able to advise if the 1540 Glasgow to Euston train will run as scheduled or if there will be a bus service for part of the journey to the flooding issues?
[AGENT 739530] @296870 Not at the moment Emily, you need to check via https://t.co/7C33pczmao ^PA","[739531, 739530]"
case_745943,train_retrieval,-3,medium_3-4,week_2017-10-09,4,True,information_provided,False,2017-10-11 16:08:06+00:00,298328,conv_745956,@VirginTrains Thanks for updating me. I see I can get a ticket to Ramsgate if all else fails.,"Type: information_provided. Outcome: agent_closed. Brand agent turns: 3. Signals seen: information_provided, other. Evidence: [tweet 745943, information_provided] ""Our fares team have told us its down to engineering works on the date in question creating a conflict with our booking engine""; [tweet 745942, information_provided] ""They are working on improving this at the moment, Antony. It should hopefully be resolved soon""","[AGENT 745943] @298328 1/2 Our fares team have told us its down to engineering works on the date in question creating a conflict with our booking engine
[AGENT 745942] @298328 2/2 They are working on improving this at the moment, Antony. It should hopefully be resolved soon ^MM
[CUSTOMER 745945] @VirginTrains Thanks for updating me. I see I can get a ticket to Ramsgate if all else fails.
[AGENT 745946] @298328 No problem. ^PA","[745943, 745942, 745945, 745946]"
case_745519,train_retrieval,6,medium_3-4,week_2017-10-09,4,False,information_provided,False,2017-10-11 16:22:24+00:00,298230,conv_745519,"@VirginTrains 17:15 from MCR- people sitting on floors if they're lucky. 3 near-empty 1st class carriages. Easy remedy, no?","Type: information_provided. Outcome: agent_answered_unconfirmed. Brand agent turns: 2. Signals seen: information_provided, other. Evidence: [tweet 745520, information_provided] ""That isn't our decision I'm afraid.""","[CUSTOMER 745519] @VirginTrains 17:15 from MCR- people sitting on floors if they're lucky. 3 near-empty 1st class carriages. Easy remedy, no?
[AGENT 745517] @298230 Sorry to hear that Ruth. ^PA
[CUSTOMER 745518] @VirginTrains Thank you. Will first class be opened for the kids who are having to sit on the floor or stand?
[AGENT 745520] @298230 That isn't our decision I'm afraid. ^PA","[745519, 745517, 745518, 745520]"
case_747193,train_retrieval,9,short_1-2,week_2017-10-09,1,False,unresolved,False,2017-10-11 17:00:01+00:00,298624,conv_747194,@VirginTrains @298623 We're on the move at Hemel,Brand never replied in the public thread (outcome: no_response).,[CUSTOMER 747193] @VirginTrains @298623 We're on the move at Hemel,[747193]
case_749142,train_retrieval,9,short_1-2,week_2017-10-09,2,False,other,False,2017-10-11 17:20:15+00:00,299075,conv_749143,"@VirginTrains This is between Watford and MK, right?","Type: other. Outcome: agent_answered_unconfirmed. Brand agent turns: 1. Signals seen: other. Evidence: [tweet 749141, other] ""It is yes.""","[CUSTOMER 749142] @VirginTrains This is between Watford and MK, right?
[AGENT 749141] @299075 It is yes. ^PA","[749142, 749141]"
case_749138,train_retrieval,5,short_1-2,week_2017-10-09,2,False,information_provided,False,2017-10-11 17:22:45+00:00,299073,conv_749138,@VirginTrains Trying to get Liverpool as trains suspended from Euston-which virgin train van i get from Kings X Please?,"Type: information_provided. Outcome: agent_answered_unconfirmed. Brand agent turns: 1. Signals seen: information_provided. Evidence: [tweet 749137, information_provided] ""There aren't services running to Liverpool from there James.""","[CUSTOMER 749138] @VirginTrains Trying to get Liverpool as trains suspended from Euston-which virgin train van i get from Kings X Please?
[AGENT 749137] @299073 There aren't services running to Liverpool from there James. ^PA","[749138, 749137]"
case_784209,train_retrieval,5,short_1-2,week_2017-10-09,2,False,redirected_to_dm,True,2017-10-12 07:51:28+00:00,307163,conv_784209,"Livid- @VirginTrains staff bully a 19yo girl, alone on a train &amp; force her off even with a valid ticket 😡#virgintrains #richardbranson","Type: redirected_to_dm. Outcome: redirected_to_dm. Brand agent turns: 1. Signals seen: redirected_to_dm, clarification_requested. Evidence: [tweet 784208, redirected_to_dm] ""Hi Amanda, could you please DM us with more information?""","[CUSTOMER 784209] Livid- @VirginTrains staff bully a 19yo girl, alone on a train &amp; force her off even with a valid ticket 😡#virgintrains #richardbranson
[AGENT 784208] @307163 Hi Amanda, could you please DM us with more information? Thanks ^HP","[784209, 784208]"
case_788849,train_retrieval,8,long_5-8,week_2017-10-09,5,True,feedback_acknowledged,False,2017-10-12 10:59:18+00:00,308113,conv_788849,Thank you to Tracy on the 2100 @virgintrains from Euston to Manchester tonight. Although it was delayed she’s an amazing manager.,"Type: feedback_acknowledged. Outcome: customer_confirmed. Brand agent turns: 2. Signals seen: feedback_acknowledged. Evidence: [tweet 788848, feedback_acknowledged] ""Thanks so much for your feedback, were you travelling with us last night?""; [tweet 788845, feedback_acknowledged] ""Thanks for getting in touch, we'll be sure to pass this on to Tracy for you 😊""","[CUSTOMER 788849] Thank you to Tracy on the 2100 @virgintrains from Euston to Manchester tonight. Although it was delayed she’s an amazing manager.
[AGENT 788848] @308113 Great to hear! Thanks so much for your feedback, were you travelling with us last night? ^HP
[CUSTOMER 788847] @VirginTrains I was. Big delays but nothing to complain about. 😊
[AGENT 788845] @308113 Thanks for getting in touch, we'll be sure to pass this on to Tracy for you 😊 ^HP
[CUSTOMER 788846] @VirginTrains Many thanks. She really is an asset to your company.","[788849, 788848, 788847, 788845, 788846]"
case_801987,train_retrieval,3,short_1-2,week_2017-10-09,2,False,redirected_to_dm,True,2017-10-12 15:59:21+00:00,311110,conv_801987,Still haven't been refunded my train fair from @VirginTrains after waiting almost a month and made various phone calls - not good,"Type: redirected_to_dm. Outcome: redirected_to_dm. Brand agent turns: 1. Signals seen: redirected_to_dm, self_service, clarification_requested. Evidence: [tweet 801986, redirected_to_dm] ""Can you DM us your booking reference?""","[CUSTOMER 801987] Still haven't been refunded my train fair from @VirginTrains after waiting almost a month and made various phone calls - not good
[AGENT 801986] @311110 Can you DM us your booking reference? ^MM https://t.co/hhfk9c3ylv","[801987, 801986]"
case_804487,train_retrieval,2,very_long_9+,week_2017-10-09,9,False,information_provided,False,2017-10-12 17:03:49+00:00,311718,conv_804487,Number of times used @VirginTrains in last month? 3. Number of times delayed/disrupted? 3!! #unreliable https://t.co/pIyLEFQbTC,"Type: information_provided. Outcome: agent_answered_unconfirmed. Brand agent turns: 3. Signals seen: information_provided. Evidence: [tweet 804485, information_provided] ""Sorry to see that, this is due to damage to over head wires yesterday.""; [tweet 804482, information_provided] ""Good try but I'm afraid that isn't possible Stuart sorry.""; [tweet 804500, information_provided] ""It isn't all services that are cancelled, sorry yours was though.""","[CUSTOMER 804487] Number of times used @VirginTrains in last month? 3. Number of times delayed/disrupted? 3!! #unreliable https://t.co/pIyLEFQbTC
[AGENT 804485] @311718 Sorry to see that, this is due to damage to over head wires yesterday. ^PA
[CUSTOMER 804484] @VirginTrains I suppose the anticipated 1st class complimentary upgrade on the bound to be packed 18:30 Glasgow train will soften the blow!;-) #worthatry
[AGENT 804482] @311718 Good try but I'm afraid that isn't possible Stuart sorry. ^PA
[CUSTOMER 804483] @VirginTrains Why am I not surprised, I mean the ticket on my cancelled train only cost £150 #bargain
[CUSTOMER 804497] @311721 @VirginTrains And you have also upset my wife!!
[CUSTOMER 804502] @311721 @VirginTrains I can vouch for that
[CUSTOMER 804498] @VirginTrains @311721 I came down the same route at 9:15 this morning &amp; travelling back same route, just think it was an easy option to cancel the Lancaster serv
[AGENT 804500] @311718 @311721 It isn't all services that are cancelled, sorry yours was though. ^PA","[804487, 804485, 804484, 804482, 804483, 804497, 804502, 804498, 804500]"
case_751605,train_retrieval,-3,short_1-2,week_2017-10-09,2,False,other,False,2017-10-12 19:17:23+00:00,299641,conv_751606,"@VirginTrains Euston, the 16:03","Type: other. Outcome: agent_awaiting_customer. Brand agent turns: 1. Signals seen: other. Evidence: [tweet 811310, other] ""How can we help today?""","[CUSTOMER 751605] @VirginTrains Euston, the 16:03
[AGENT 811310] @299641 How can we help today? ^PA","[751605, 811310]"
case_832473,train_retrieval,9,medium_3-4,week_2017-10-09,4,False,self_service,False,2017-10-13 05:30:23+00:00,170189,conv_832473,@VirginTrains Hi!  Trying to figure out a route between London/Manchester &amp; back again. Is there a trick to finding the best fare?,"Type: self_service. Outcome: agent_answered_unconfirmed. Brand agent turns: 2. Signals seen: self_service, information_provided. Evidence: [tweet 832472, self_service] ""Try our best fare finder Stephanie via this link https://t.co/srHrvgpw35""","[CUSTOMER 832473] @VirginTrains Hi! Trying to figure out a route between London/Manchester &amp; back again. Is there a trick to finding the best fare?
[AGENT 832472] @170189 Try our best fare finder Stephanie via this link https://t.co/srHrvgpw35 ^JH
[CUSTOMER 832471] @VirginTrains Thanks! Not used to booking trains here in the States, so this is a learning experience! :-)
[AGENT 832470] @170189 Exciting times Stephanie, if you get stuck or have any questions give us a shout ^JH","[832473, 832472, 832471, 832470]"
case_834263,train_retrieval,9,long_5-8,week_2017-10-09,7,False,compensation,False,2017-10-13 07:32:29+00:00,121207,conv_834263,@VirginTrains the 8.12 from Stoke to Nuneaton has been late 6 days in a row. SORT IT OUT,"Type: compensation. Outcome: customer_followup_unanswered. Brand agent turns: 2. Signals seen: compensation, self_service, information_provided. Evidence: [tweet 834261, compensation] ""If you were delayed more than 30 mins you can apply for delay repay here https://t.co/mJ9QPfXB80 .""","[CUSTOMER 834263] @VirginTrains the 8.12 from Stoke to Nuneaton has been late 6 days in a row. SORT IT OUT
[AGENT 834267] @121207 1/2 Please accept our apologies for the delay to this service, Jay.
[AGENT 834261] @121207 2/2 If you were delayed more than 30 mins you can apply for delay repay here https://t.co/mJ9QPfXB80 . ^BT
[CUSTOMER 834262] @VirginTrains I’m possibly going to miss a connection but even on days when I don’t I really don’t appreciate the stress involved in trying to work out...
[CUSTOMER 834264] @VirginTrains Whether I’ll make the connection or not. Also it looks pretty incompetent of Virgin to have a timetable you can’t run in accordance with
[CUSTOMER 834265] @VirginTrains In conclusion it’s not good enough
[CUSTOMER 834266] @VirginTrains And, much like all privatised industry, lacks respect for the paying customer.","[834263, 834267, 834261, 834262, 834264, 834265, 834266]"
case_834935,train_retrieval,5,long_5-8,week_2017-10-09,6,False,unresolved,False,2017-10-13 08:24:40+00:00,318802,conv_834933,"@120576 @VirginTrains @318801 @120870 Not @120576 fault either.
Chances are, under British Rail, at least one of the services you refer to wouldn't have existed...",Brand never replied in the public thread (outcome: no_response).,"[CUSTOMER 834935] @120576 @VirginTrains @318801 @120870 Not @120576 fault either. Chances are, under British Rail, at least one of the services you refer to wouldn't have existed...
[CUSTOMER 834940] @318801 @120576 @VirginTrains @120870 Not if the train didn't exist. Are you aware how many extra trains run in 2017 than in 1995 (the last year of BR)??
[CUSTOMER 834942] @318801 @120576 @VirginTrains @120870 You do realise that in BR days, advanced tickets still had to be used on train were booked for? Not sure if you're old enough to remember?
[CUSTOMER 834944] @318801 @120576 @VirginTrains @120870 This is what I'm explaining to you, there probably wouldn't have been any services between the 1 you missed and the one you could get...
[CUSTOMER 834947] @318801 @120576 @VirginTrains @120870 I don't know the specific time table on that route, however virgin and x country run over 50% than in BR days, plus transpennine too...
[CUSTOMER 834946] @318801 @120576 @VirginTrains @120870 Question is, wasn't there a @242596 service you could've got as you were delayed on their journey?","[834935, 834940, 834942, 834944, 834947, 834946]"
case_838816,train_retrieval,4,long_5-8,week_2017-10-09,6,False,information_provided,True,2017-10-13 10:41:36+00:00,153460,conv_838816,@VirginTrains wondering if we could reserve 2 first class seats for a train tonight?,"Type: information_provided. Outcome: customer_followup_unanswered. Brand agent turns: 2. Signals seen: redirected_to_dm, information_provided, clarification_requested. Evidence: [tweet 838813, redirected_to_dm] ""Can you DM your ticket or booking reference?""; [tweet 838817, information_provided] ""It's usually 2 hours before, Claire, but if you're at Euston it's 1 hour during Peak times on Thursday & Friday :)""","[CUSTOMER 838816] @VirginTrains wondering if we could reserve 2 first class seats for a train tonight?
[AGENT 838813] @153460 I can try, but as its booking a seat on the day, it may not let me. Can you DM your ticket or booking reference? ^BT
[CUSTOMER 838814] @VirginTrains Will DM you now :)
[CUSTOMER 838815] @VirginTrains Is it an hour before you can use the 1st class lounge?
[AGENT 838817] @153460 It's usually 2 hours before, Claire, but if you're at Euston it's 1 hour during Peak times on Thursday &amp; Friday :) ^HP
[CUSTOMER 838818] @VirginTrains We re going to Euston so that's an hour then :)","[838816, 838813, 838814, 838815, 838817, 838818]"
case_840613,train_retrieval,5,short_1-2,week_2017-10-09,2,False,redirected_to_dm,True,2017-10-13 11:40:39+00:00,319586,conv_840613,@VirginTrains Train 20 minutes late and seats sold twice bad service and then escorted out of 1st class humiliating,"Type: redirected_to_dm. Outcome: redirected_to_dm. Brand agent turns: 1. Signals seen: redirected_to_dm. Evidence: [tweet 840612, redirected_to_dm] ""^MM is currently replying to your DM.""","[CUSTOMER 840613] @VirginTrains Train 20 minutes late and seats sold twice bad service and then escorted out of 1st class humiliating
[AGENT 840612] @319586 ^MM is currently replying to your DM. ^BT","[840613, 840612]"
case_787775,train_retrieval,-3,short_1-2,week_2017-10-09,2,False,information_provided,False,2017-10-13 12:07:35+00:00,307899,conv_782200,"@VirginTrains This is the one i meant, just seen it 😆 https://t.co/YI4hskYLQb","Type: information_provided. Outcome: agent_answered_unconfirmed. Brand agent turns: 1. Signals seen: information_provided. Evidence: [tweet 787778, information_provided] ""This means we now have Advance tickets on sale on the same day of travel. However, they are still subject to availability.""","[CUSTOMER 787775] @VirginTrains This is the one i meant, just seen it 😆 https://t.co/YI4hskYLQb
[AGENT 787778] @307899 This means we now have Advance tickets on sale on the same day of travel. However, they are still subject to availability. ^BT","[787775, 787778]"
case_741258,train_retrieval,-3,short_1-2,week_2017-10-09,2,True,feedback_acknowledged,False,2017-10-13 12:46:45+00:00,297281,conv_741263,@VirginTrains On your 13:30 service from London Euston to Glasgow - hilarious welcome from Darren has made my day thanks thought Peter Kay had joined you,"Type: feedback_acknowledged. Outcome: agent_closed. Brand agent turns: 1. Signals seen: feedback_acknowledged. Evidence: [tweet 741259, feedback_acknowledged] ""We'll be sure to pass on your feedback.""","[CUSTOMER 741258] @VirginTrains On your 13:30 service from London Euston to Glasgow - hilarious welcome from Darren has made my day thanks thought Peter Kay had joined you
[AGENT 741259] @297281 This isn't the first time Darren has been mistaken for Peter Kay. We'll be sure to pass on your feedback. Have a great day! ^BT","[741258, 741259]"
case_846154,train_retrieval,4,medium_3-4,week_2017-10-09,4,True,feedback_acknowledged,False,2017-10-13 12:47:11+00:00,321113,conv_846154,@120576 amazing service in your 12.40 first class from Euston please give a huge thanks to them,"Type: feedback_acknowledged. Outcome: customer_confirmed. Brand agent turns: 1. Signals seen: feedback_acknowledged. Evidence: [tweet 846151, feedback_acknowledged] ""We'll be sure to pass on this feedback.""","[CUSTOMER 846154] @120576 amazing service in your 12.40 first class from Euston please give a huge thanks to them
[OTHER-AGENT 846153] @321113 Sadly we can't take the credit as @VirginTrains manage trains from Euston! ^KM
[AGENT 846151] @120576 @321113 That's wonderful to hear. We'll be sure to pass on this feedback. ^BT
[CUSTOMER 846152] @VirginTrains @120576 Thankyou! It’s very well deserved praise-absolutely brilliant","[846154, 846153, 846151, 846152]"
case_877543,train_retrieval,5,medium_3-4,week_2017-10-09,3,False,redirected_to_dm,True,2017-10-13 16:15:16+00:00,328326,conv_877543,@120872 Please could you help with a rail query?,"Type: redirected_to_dm. Outcome: agent_answered_unconfirmed. Brand agent turns: 1. Signals seen: redirected_to_dm. Evidence: [tweet 877539, redirected_to_dm] ""Sure Lauren, feel free to drop us a message""","[CUSTOMER 877543] @120872 Please could you help with a rail query?
[CUSTOMER 877540] @VirginTrains @120872 Can I explain on DM? it's loooong
[AGENT 877539] @328326 @120872 Sure Lauren, feel free to drop us a message ^HP","[877543, 877540, 877539]"
case_881643,train_retrieval,5,very_long_9+,week_2017-10-09,11,False,compensation,False,2017-10-13 16:43:00+00:00,329344,conv_881643,"Cheers @VirginTrains for cancelling a peak time commuter train, delaying all trains around it. Service is worse than ever. #commuterwoes","Type: compensation. Outcome: redirected_to_channel. Brand agent turns: 7. Signals seen: compensation, escalated, self_service, information_provided, clarification_requested, other. Evidence: [tweet 881639, compensation] ""You can claim Delay Repay for this here: https://t.co/rvWlUrJIwK""; [tweet 881638, compensation] ""Can you please confirm what type of pass this is please, as you should be able to claim compensation for being delayed""; [tweet 881648, compensation] ""Ok Sairah, we'd advise still making a claim as our Customer Resolutions team can look further into this for you""","[CUSTOMER 881643] Cheers @VirginTrains for cancelling a peak time commuter train, delaying all trains around it. Service is worse than ever. #commuterwoes
[AGENT 881642] @329344 Sorry to hear this, Sairah, which service was this please? ^HP
[CUSTOMER 881640] @VirginTrains The cancelled 17.22 from Coventry to Bham New Street. Last night's trains after 10pm were severely delayed too. It's been terrible this week.
[AGENT 881641] @329344 1/2 Apologies Saiarah, this service had to be cancelled due to a break down and unfortunately severe weather up north affected
[AGENT 881639] @329344 2/2 many of our services yesterday. You can claim Delay Repay for this here: https://t.co/rvWlUrJIwK ^HP
[CUSTOMER 881637] @VirginTrains I can't claim delay repay as I have a train pass for the West Midlands, but thank you for your response.
[AGENT 881638] @329344 1/2 Can you please confirm what type of pass this is please, as you should be able to claim compensation for being delayed
[AGENT 881636] @329344 2/2 on one of our services ^HP
[CUSTOMER 881646] @VirginTrains It's a swiftcard which covers West Midlands Zone 1-5. I am able to get non-Virgin trains with it also.
[AGENT 881648] @329344 1/2 Ok Sairah, we'd advise still making a claim as our Customer Resolutions team can look further into this for you
[AGENT 881647] @329344 2/2 but we'd advise using our online form here: https://t.co/Qccj56mfLY Thanks ^HP","[881643, 881642, 881640, 881641, 881639, 881637, 881638, 881636, 881646, 881648, 881647]"
case_908748,train_retrieval,4,short_1-2,week_2017-10-09,2,True,information_provided,False,2017-10-13 18:19:37+00:00,333273,conv_908748,Travelling @VirginTrains #FirstClass for @333274 with @334540 https://t.co/xemuvBYO9p,"Type: information_provided. Outcome: agent_closed. Brand agent turns: 1. Signals seen: information_provided. Evidence: [tweet 908747, information_provided] ""Hope you have a great journey, Vicky 😊""","[CUSTOMER 908748] Travelling @VirginTrains #FirstClass for @333274 with @334540 https://t.co/xemuvBYO9p
[AGENT 908747] @333273 @333274 @334540 Hope you have a great journey, Vicky 😊 ^HP","[908748, 908747]"
case_895343,dev_calibration,4,medium_3-4,week_2017-10-09,4,True,compensation,False,2017-10-13 18:19:53+00:00,332590,conv_895343,"@VirginTrains I am on 1900 Euston to Manchester. I have 1st class seat but whole train declassified as busy. Will I get a drink served,","Type: compensation. Outcome: customer_confirmed. Brand agent turns: 2. Signals seen: compensation, self_service, information_provided. Evidence: [tweet 895341, compensation] ""make a claim here - https://t.co/YSA9BcK7py ^MW 2/2""","[CUSTOMER 895343] @VirginTrains I am on 1900 Euston to Manchester. I have 1st class seat but whole train declassified as busy. Will I get a drink served,
[AGENT 895344] @332590 If your coach has been declassified then I'm afraid not, Simon. If you don't receive the First Class service, please 1/2
[AGENT 895341] @332590 make a claim here - https://t.co/YSA9BcK7py ^MW 2/2
[CUSTOMER 895342] @VirginTrains Thanks I shall make a claim along with a formal complaint. On board staff doing excellent job however.","[895343, 895344, 895341, 895342]"
case_875354,train_retrieval,11,short_1-2,week_2017-10-09,1,False,unresolved,False,2017-10-13 18:34:53+00:00,123246,conv_875355,@VirginTrains @327831 Never works your wifi.,Brand never replied in the public thread (outcome: no_response).,[CUSTOMER 875354] @VirginTrains @327831 Never works your wifi.,[875354]
case_903772,dev_calibration,9,short_1-2,week_2017-10-09,2,False,information_provided,False,2017-10-13 19:09:32+00:00,334542,conv_903772,On 19.07 Euston to Liverpool @VirginTrains so packed must be safety issues!,"Type: information_provided. Outcome: agent_answered_unconfirmed. Brand agent turns: 1. Signals seen: information_provided. Evidence: [tweet 903771, information_provided] ""Sorry to hear that, Phil, services are extremely busy this evening I'm afraid""","[CUSTOMER 903772] On 19.07 Euston to Liverpool @VirginTrains so packed must be safety issues!
[AGENT 903771] @334542 Sorry to hear that, Phil, services are extremely busy this evening I'm afraid ^HP","[903772, 903771]"
case_934129,dev_calibration,10,medium_3-4,week_2017-10-09,3,False,redirected_to_dm,True,2017-10-13 22:46:08+00:00,339112,conv_934129,"@VirginTrains My Tickets (Lpool South Pkway - Euston) are off-peak return, but have a seat reservation. I Recieved 2 tickets (1/2)","Type: redirected_to_dm. Outcome: redirected_to_dm. Brand agent turns: 1. Signals seen: redirected_to_dm. Evidence: [tweet 934127, redirected_to_dm] ""Can you supply your booking or collection reference via DM & we'll take a look""","[CUSTOMER 934129] @VirginTrains My Tickets (Lpool South Pkway - Euston) are off-peak return, but have a seat reservation. I Recieved 2 tickets (1/2)
[CUSTOMER 934128] @VirginTrains It's impossible to make a connection on time with merseyrail or a taxi service (3/3)
[AGENT 934127] @339112 Can you supply your booking or collection reference via DM &amp; we'll take a look ^JH","[934129, 934128, 934127]"
case_975991,train_retrieval,4,long_5-8,week_2017-10-09,5,True,information_provided,False,2017-10-14 07:34:41+00:00,351470,conv_975991,@VirginTrains morning can I check why cheapest price for 1st class single London to Glasgow is £244.50 at end of December?,"Type: information_provided. Outcome: customer_confirmed. Brand agent turns: 2. Signals seen: information_provided, clarification_requested. Evidence: [tweet 975992, information_provided] ""Advanced tickets for these dates will be open 20th-23rd October, Gill""","[CUSTOMER 975991] @VirginTrains morning can I check why cheapest price for 1st class single London to Glasgow is £244.50 at end of December?
[AGENT 975989] @351470 Which date are you looking for, Gill? ^LC
[CUSTOMER 975990] @VirginTrains I was looking at 28 or 29 December usually they are around half that price but seems to be high fixed cost. Thanks.
[AGENT 975992] @351470 Advanced tickets for these dates will be open 20th-23rd October, Gill ^LC
[CUSTOMER 975993] @VirginTrains That’s brilliant thank you!","[975991, 975989, 975990, 975992, 975993]"
case_975239,train_retrieval,10,medium_3-4,week_2017-10-09,3,False,redirected_to_dm,True,2017-10-14 07:47:46+00:00,351778,conv_975231,@VirginTrains I booked an Eticket from Warrington to Glasgow for tomorrow evening. Payment has been made but ticket has not arrived.,"Type: redirected_to_dm. Outcome: customer_followup_unanswered. Brand agent turns: 1. Signals seen: redirected_to_dm. Evidence: [tweet 977239, redirected_to_dm] ""Could you DM us your booking reference please, Paul""","[CUSTOMER 975239] @VirginTrains I booked an Eticket from Warrington to Glasgow for tomorrow evening. Payment has been made but ticket has not arrived.
[AGENT 977239] @351778 Could you DM us your booking reference please, Paul ^LC
[CUSTOMER 977240] @VirginTrains I have done.","[975239, 977239, 977240]"
case_978109,train_retrieval,7,medium_3-4,week_2017-10-09,4,False,self_service,False,2017-10-14 08:10:13+00:00,351829,conv_978109,@VirginTrains terrible customer service at BHM. When managers are sarcastic (Brian Something) you need to do something,"Type: self_service. Outcome: redirected_to_channel. Brand agent turns: 2. Signals seen: self_service, clarification_requested. Evidence: [tweet 1115262, self_service] ""If you could log this here https://t.co/AhI92g0LsJ our Customer Resolution team can take a look""","[CUSTOMER 978109] @VirginTrains terrible customer service at BHM. When managers are sarcastic (Brian Something) you need to do something
[AGENT 978108] @351829 Could you explain a little further, Phil? ^LC
[CUSTOMER 978110] @VirginTrains Sold a wrong ticket by Virgin staff, not allowed through barrier, ignored by barriers staff, told to go and queue again to the same place
[AGENT 1115262] @351829 Sorry to hear this Phil. If you could log this here https://t.co/AhI92g0LsJ our Customer Resolution team can take a look ^LC","[978109, 978108, 978110, 1115262]"
case_981006,train_retrieval,5,medium_3-4,week_2017-10-09,3,True,information_provided,False,2017-10-14 08:53:40+00:00,352598,conv_981006,@VirginTrains @120576 just used your luggage check in service from London Kings Cross to Edinburgh Waverley. Amazing service ! Thanks so much &lt;3 Virgin Trains !!!!,"Type: information_provided. Outcome: agent_closed. Brand agent turns: 1. Signals seen: information_provided. Evidence: [tweet 981004, information_provided] ""Thast's great, Sarah! The team at @120576 will be pleased to hear it 😊""","[CUSTOMER 981006] @VirginTrains @120576 just used your luggage check in service from London Kings Cross to Edinburgh Waverley. Amazing service ! Thanks so much &lt;3 Virgin Trains !!!!
[AGENT 981004] @352598 Thast's great, Sarah! The team at @120576 will be pleased to hear it 😊 ^HP
[OTHER-AGENT 981005] @VirginTrains @352598 No problem Sarah! ^KM","[981006, 981004, 981005]"
case_983666,train_retrieval,5,medium_3-4,week_2017-10-09,4,True,redirected_to_other_operator,False,2017-10-14 09:32:36+00:00,353200,conv_983666,"On a @VirginTrains train from peterboro.no air con, hot and smelly..thats what we pay extortionate fares for #train","Type: redirected_to_other_operator. Outcome: customer_confirmed. Brand agent turns: 1. Signals seen: redirected_to_other_operator. Evidence: [tweet 983664, redirected_to_other_operator] ""Hi there, it sounds like you might be travelling with our friends @120576 so we'll pass this over for you""","[CUSTOMER 983666] On a @VirginTrains train from peterboro.no air con, hot and smelly..thats what we pay extortionate fares for #train
[AGENT 983664] @353200 Hi there, it sounds like you might be travelling with our friends @120576 so we'll pass this over for you ^HP
[OTHER-AGENT 983665] @VirginTrains @353200 Sorry to hear this - have you spoken with a member of the on-board team? They may be able to reset this for you. ^KM
[CUSTOMER 983667] @120576 @VirginTrains Thanks for the tweet..aircon seems to have been sorted now thank goodness!","[983666, 983664, 983665, 983667]"
case_1006995,train_retrieval,0,short_1-2,week_2017-10-09,2,True,information_provided,False,2017-10-14 13:34:53+00:00,358294,conv_1006995,Probably the best @VirginTrains product https://t.co/pFxbPcfjN5,"Type: information_provided. Outcome: agent_closed. Brand agent turns: 1. Signals seen: information_provided. Evidence: [tweet 1006994, information_provided] ""Glad you're enjoying the 🍺 Have a great journey!""","[CUSTOMER 1006995] Probably the best @VirginTrains product https://t.co/pFxbPcfjN5
[AGENT 1006994] @358294 Glad you're enjoying the 🍺 Have a great journey! ^HP","[1006995, 1006994]"
case_1123934,train_retrieval,-1,short_1-2,week_2017-10-09,1,False,unresolved,False,2017-10-14 13:53:40+00:00,385041,conv_1123936,@VirginTrains @385040  https://t.co/BJaLUZpfFv,Brand never replied in the public thread (outcome: no_response).,[CUSTOMER 1123934] @VirginTrains @385040 https://t.co/BJaLUZpfFv,[1123934]
case_1014638,train_retrieval,2,medium_3-4,week_2017-10-09,4,False,self_service,False,2017-10-14 15:00:47+00:00,360092,conv_1014638,@VirginTrains your app makes it hard to plan and book open returns. Also who knows when your peak times are. @123241 much clearer,"Type: self_service. Outcome: agent_answered_unconfirmed. Brand agent turns: 2. Signals seen: self_service, feedback_acknowledged, clarification_requested. Evidence: [tweet 1014636, self_service] ""Hi there, sorry to hear you're having issues with the app.""","[CUSTOMER 1014638] @VirginTrains your app makes it hard to plan and book open returns. Also who knows when your peak times are. @123241 much clearer
[AGENT 1014636] @360092 @123241 Hi there, sorry to hear you're having issues with the app. Have you managed to book now? ^HP
[CUSTOMER 1014637] @VirginTrains @123241 Yep. Paid train line their commission. Perhaps you could look at your app design again
[AGENT 1014639] @360092 @123241 We'll be sure to pass this on for you ^MW","[1014638, 1014636, 1014637, 1014639]"
case_1052516,dev_calibration,5,medium_3-4,week_2017-10-09,4,True,information_provided,False,2017-10-14 20:40:34+00:00,368741,conv_1052516,@VirginTrains this train was showing up on the station board as a Vintage Trains service - v.intrigued as to why?? https://t.co/DsTyjcbTWQ,"Type: information_provided. Outcome: customer_confirmed. Brand agent turns: 2. Signals seen: information_provided. Evidence: [tweet 1052515, information_provided] ""How strange! Let me do some digging...""; [tweet 1052517, information_provided] ""It looks like a steam special service, not one of ours, Sarah""","[CUSTOMER 1052516] @VirginTrains this train was showing up on the station board as a Vintage Trains service - v.intrigued as to why?? https://t.co/DsTyjcbTWQ
[AGENT 1052515] @368741 How strange! Let me do some digging... ^MW
[AGENT 1052517] @368741 It looks like a steam special service, not one of ours, Sarah ^MW
[CUSTOMER 1143249] @VirginTrains ah, thank you, i assumed it was virgin because of the route it was taking, same as virgin trains from MKC :) thanks for finding that out!","[1052516, 1052515, 1052517, 1143249]"
case_1109022,dev_calibration,5,long_5-8,week_2017-10-09,5,False,redirected_to_other_operator,False,2017-10-15 09:51:10+00:00,381728,conv_1109022,@VirginTrains  train full of NUFC fans who were travelling to Southampton to watch our team play at 4pm. Currently stuck.What will you do?,"Type: redirected_to_other_operator. Outcome: customer_followup_unanswered. Brand agent turns: 2. Signals seen: redirected_to_other_operator, information_provided, clarification_requested. Evidence: [tweet 1109020, redirected_to_other_operator] ""Hi Alison, are you travelling with @120576 today?""","[CUSTOMER 1109022] @VirginTrains train full of NUFC fans who were travelling to Southampton to watch our team play at 4pm. Currently stuck.What will you do?
[AGENT 1109020] @381728 Hi Alison, are you travelling with @120576 today? ^HP
[CUSTOMER 1109021] @VirginTrains @120576 Yes. Connections missed and match tickets bought. Not good enough. #virgineastcoastunreliable
[AGENT 1109023] @381728 @120576 Sorry to hear about your delay. Our colleagues on the East Coast team will be able to advise further on this ^HP
[CUSTOMER 1109024] @VirginTrains @120576 All you do is say we can have our train ticket money back. That does not compensate for other expenses incurred because of shoddy service.","[1109022, 1109020, 1109021, 1109023, 1109024]"
case_1110601,train_retrieval,5,very_long_9+,week_2017-10-09,11,False,redirected_to_other_operator,False,2017-10-15 10:13:17+00:00,382113,conv_1110601,@VirginTrains do you not check any of your trains before they set off?? wasted journey to southampton as train has broken down #NUFC,"Type: redirected_to_other_operator. Outcome: customer_followup_unanswered. Brand agent turns: 2. Signals seen: redirected_to_other_operator, clarification_requested. Evidence: [tweet 1110602, redirected_to_other_operator] ""Hi Nathan, it sounds like you're travelling on a @120576 service today so we'll pass this over to the team""","[CUSTOMER 1110601] @VirginTrains do you not check any of your trains before they set off?? wasted journey to southampton as train has broken down #NUFC
[AGENT 1110599] @382113 Hi Nathan, which service are you travelling on today? ^HP
[CUSTOMER 1110600] @VirginTrains darlington to london kings cross 8.27am! not only are your trains shite, you've got no cans of fosters or stella!!!! pisstake
[AGENT 1110602] @382113 Hi Nathan, it sounds like you're travelling on a @120576 service today so we'll pass this over to the team ^HP
[CUSTOMER 1110604] @VirginTrains @120576 aye bring me a can of anything alcoholic to coach b seat 36
[OTHER-AGENT 1110603] @VirginTrains @382113 Sorry to hear this Nathan - are there no other drinks available at the Foodbar that you'd like? ^KM
[CUSTOMER 1110606] @120576 @VirginTrains nothing alcoholic atm, bottles of prosecco going down a treat
[OTHER-AGENT 1110608] @382113 @VirginTrains Prosecco is alcoholic isn't it? ^KM
[CUSTOMER 1110605] @120576 @VirginTrains we've changed trains in york, the train we got changed to has now has alcoholic drinks
[CUSTOMER 1110610] @382114 @120576 @VirginTrains it's okay bottles of processco are making there way to coach B seat 36
[CUSTOMER 1110612] @382114 @120576 @VirginTrains ill try, even tho making it to southampton for 4pm is deffo out of the equation!!","[1110601, 1110599, 1110600, 1110602, 1110604, 1110603, 1110606, 1110608, 1110605, 1110610, 1110612]"
case_1145558,train_retrieval,9,medium_3-4,week_2017-10-09,3,False,other,False,2017-10-15 16:37:44+00:00,389622,conv_1145558,@VirginTrains no one cares at kings cross https://t.co/b6a6Rmu5mp,"Type: other. Outcome: agent_answered_unconfirmed. Brand agent turns: 1. Signals seen: other. Evidence: [tweet 1145556, other] ""Maybe @120576 can assist today?""","[CUSTOMER 1145558] @VirginTrains no one cares at kings cross https://t.co/b6a6Rmu5mp
[AGENT 1145556] @389622 Maybe @120576 can assist today? ^MW
[OTHER-AGENT 1145557] @VirginTrains @389622 Sorry about that Stephen, the desks are manned whenever possible. ^MS","[1145558, 1145556, 1145557]"
case_1183089,dev_calibration,6,long_5-8,week_2017-10-09,5,True,information_provided,True,2017-10-15 20:54:26+00:00,398202,conv_1183089,@VirginTrains My wife and colleague are travelling Preston-Euston tomorrow but not reserved seats together. Is there an unreserved carriage?,"Type: information_provided. Outcome: customer_confirmed. Brand agent turns: 2. Signals seen: redirected_to_dm, information_provided. Evidence: [tweet 1183087, redirected_to_dm] ""Just drop us a message tomorrow morning and we'll check the exact service for you, Nathan""; [tweet 1183090, information_provided] ""Hi Nathan, please do check back with us in the morning & we'll have a look for you""","[CUSTOMER 1183089] @VirginTrains My wife and colleague are travelling Preston-Euston tomorrow but not reserved seats together. Is there an unreserved carriage?
[AGENT 1183087] @398202 Just drop us a message tomorrow morning and we'll check the exact service for you, Nathan ^MW
[CUSTOMER 1183088] @VirginTrains Thank you it's the 06:00 ex Preston and 18:30 ex Euston. Happy to message again prior to their travel in the morning.
[AGENT 1183090] @398202 Hi Nathan, please do check back with us in the morning &amp; we'll have a look for you ^JH
[CUSTOMER 1183091] @VirginTrains Will do - cheers JH!","[1183089, 1183087, 1183088, 1183090, 1183091]"
case_1178724,train_retrieval,-3,medium_3-4,week_2017-10-09,3,False,escalated,True,2017-10-15 20:58:18+00:00,304851,conv_1178726,"@VirginTrains Can anyone update me, feel very ignored","Type: escalated. Outcome: redirected_to_channel. Brand agent turns: 2. Signals seen: redirected_to_dm, escalated, self_service. Evidence: [tweet 1178725, redirected_to_dm] ""Sorry to hear you haven't received a response yet Gill, please DM ref again & we'll chase Customer Resolutions""; [tweet 1178725, escalated] ""Sorry to hear you haven't received a response yet Gill, please DM ref again & we'll chase Customer Resolutions""","[CUSTOMER 1178724] @VirginTrains Can anyone update me, feel very ignored
[AGENT 1178725] @304851 Sorry to hear you haven't received a response yet Gill, please DM ref again &amp; we'll chase Customer Resolutions ^JH
[AGENT 1178723] @304851 We have found this which may be appropriate to your query https://t.co/v7Biuepw7R ^JH","[1178724, 1178725, 1178723]"
case_1200055,train_retrieval,2,long_5-8,week_2017-10-09,6,False,compensation,True,2017-10-15 22:00:15+00:00,257300,conv_1200055,"@VirginTrains Hmmmmm, no response from my issue with journey back home on Friday 13th October.......#virgintrainsdonotcare","Type: compensation. Outcome: redirected_to_channel. Brand agent turns: 3. Signals seen: compensation, redirected_to_dm, clarification_requested, other. Evidence: [tweet 1200054, compensation] ""Hi Paz, have your received a claim reference number with regards to this?""; [tweet 1200050, redirected_to_dm] ""Can you please confirm via DM the nature of your issue?""","[CUSTOMER 1200055] @VirginTrains Hmmmmm, no response from my issue with journey back home on Friday 13th October.......#virgintrainsdonotcare
[AGENT 1200054] @257300 Hi Paz, have your received a claim reference number with regards to this? ^JH
[CUSTOMER 1200052] @VirginTrains Nope......no response whatsoever.......shame as I do quite like the company and the service
[AGENT 1200050] @257300 We are concerned your issue has not raised a reference number. Can you please confirm via DM the nature of your issue? ^JH
[CUSTOMER 1200051] @VirginTrains I filled a form in as requested!!!
[AGENT 1200053] @257300 And you have not received a confirmation email or indeed any correspondence? ^JH","[1200055, 1200054, 1200052, 1200050, 1200051, 1200053]"
case_1292514,dev_calibration,8,short_1-2,week_2017-10-16,2,True,information_provided,False,2017-10-16 08:11:17+00:00,422253,conv_1292514,"@VirginTrains @127472 using the loo on Saturday on a trip to London, I loved the announcement not to flush your ex’s jumper, bills, goldfish etc down the loo!! It really made me laugh - great work!  👍🏼😂","Type: information_provided. Outcome: agent_closed. Brand agent turns: 1. Signals seen: information_provided. Evidence: [tweet 1292513, information_provided] ""We love it too! Fab that we could make you giggle 😀 Have a great day Lynn.""","[CUSTOMER 1292514] @VirginTrains @127472 using the loo on Saturday on a trip to London, I loved the announcement not to flush your ex’s jumper, bills, goldfish etc down the loo!! It really made me laugh - great work! 👍🏼😂
[AGENT 1292513] @422253 @127472 We love it too! Fab that we could make you giggle 😀 Have a great day Lynn.^BT","[1292514, 1292513]"
case_1292455,train_retrieval,7,medium_3-4,week_2017-10-16,3,True,clarification_requested,False,2017-10-16 08:45:33+00:00,422241,conv_1292455,"@VirginTrains Is there a problem with your website, its seems to have frozen?","Type: clarification_requested. Outcome: customer_confirmed. Brand agent turns: 1. Signals seen: clarification_requested. Evidence: [tweet 1292453, clarification_requested] ""Are you trying to book a ticket?""","[CUSTOMER 1292455] @VirginTrains Is there a problem with your website, its seems to have frozen?
[AGENT 1292453] @422241 Not that we are aware of Theresa. Are you trying to book a ticket? ^BT
[CUSTOMER 1292454] @VirginTrains sorted now thanks, laptop problems!","[1292455, 1292453, 1292454]"
case_1297433,dev_calibration,4,long_5-8,week_2017-10-16,5,True,information_provided,False,2017-10-16 09:11:05+00:00,423193,conv_1297433,"@VirginTrains what a shame you didn't give us a free upgrade for our honeymoon, despite the empty first class carriages! 9.43am to Oxenholme","Type: information_provided. Outcome: customer_confirmed. Brand agent turns: 2. Signals seen: information_provided, clarification_requested. Evidence: [tweet 1297429, information_provided] ""Sorry Jess. Unfortunately there isn't anything we can do from our end. We do however, hope you have an amazing honeymoon!""","[CUSTOMER 1297433] @VirginTrains what a shame you didn't give us a free upgrade for our honeymoon, despite the empty first class carriages! 9.43am to Oxenholme
[AGENT 1297432] @423193 Hi Jess. Unfortunately this is down to the discretion of the train manager. Have you spoke to them? ^BT
[CUSTOMER 1297431] @VirginTrains Sadly we did, apparently it's £150 each to upgrade! Not very 'rockstar' service from Virgin.
[AGENT 1297429] @423193 Sorry Jess. Unfortunately there isn't anything we can do from our end. We do however, hope you have an amazing honeymoon! ^BT
[CUSTOMER 1297430] @VirginTrains Thank you! @127472 have a word! Surely a complimentary uprgade is allowed once in a while 😊","[1297433, 1297432, 1297431, 1297429, 1297430]"
case_1297251,dev_calibration,0,very_long_9+,week_2017-10-16,14,False,self_service,True,2017-10-16 09:15:16+00:00,423151,conv_1297251,"Yet again a real attitude problem from @VirginTrains 1st class host. Tea just spilled my suit. Staff response ""tea doesn't stain"" no apology","Type: self_service. Outcome: redirected_to_channel. Brand agent turns: 7. Signals seen: redirected_to_dm, self_service, information_provided, clarification_requested. Evidence: [tweet 1297241, redirected_to_dm] ""Do you have any references around this that you could DM us?""; [tweet 1297243, redirected_to_dm] ""Could you DM us your email address and we can see if this will bring the case up?""; [tweet 1297245, redirected_to_dm] ""We have received your DM, Adrian.""; [tweet 1297247, self_service] ""We would advise logging this with our Customer Resolutions team here https://t.co/1rHIxEQZ10""","[CUSTOMER 1297251] Yet again a real attitude problem from @VirginTrains 1st class host. Tea just spilled my suit. Staff response ""tea doesn't stain"" no apology
[AGENT 1297250] @423151 Sorry to hear this Adrian. Could you please confirm what service you are travelling on? ^BT
[CUSTOMER 1297240] @VirginTrains 0652 Edinburgh to Euston via brum. Staff member in question called parisa
[AGENT 1297238] @423151 Thanks Adrian. We will be sure to pass this information on. And again please accept our apologies for this. ^BT
[CUSTOMER 1297239] @VirginTrains And as usual nothing gets done. Still waiting for responses from @VirginTrains RE former incidents. Also staff should not say ""oh s***""
[AGENT 1297241] @423151 Do you have any references around this that you could DM us? ^BT
[CUSTOMER 1297242] @VirginTrains Not on me I'm afraid. Customer relations will have a record though.
[AGENT 1297243] @423151 Could you DM us your email address and we can see if this will bring the case up? ^BT
[CUSTOMER 1297244] @VirginTrains Sent. Please let me know when received.
[AGENT 1297245] @423151 We have received your DM, Adrian. And ^LC will be back to you shortly. ^BT
[CUSTOMER 1297246] @VirginTrains Off train now and suit stained &amp; no time to get it dry cleaned. Hosting big event tonight &amp; no answer from VT. Need urgent call back
[AGENT 1297247] @423151 We would advise logging this with our Customer Resolutions team here https://t.co/1rHIxEQZ10 ^BT
[CUSTOMER 1297248] @VirginTrains I have but as yet no call back &amp; clock is ticking!
[AGENT 1297249] @423151 The other option would be to speak to the team on live chat, https://t.co/3yQ8VOrSrn ^BT","[1297251, 1297250, 1297240, 1297238, 1297239, 1297241, 1297242, 1297243, 1297244, 1297245, 1297246, 1297247, 1297248, 1297249]"
case_1314951,train_retrieval,7,very_long_9+,week_2017-10-16,11,False,self_service,True,2017-10-16 11:07:34+00:00,427210,conv_1314951,This is @virgintrains response to a customer complaint about lack of service in first class. Waste of time an money! https://t.co/keslKYMB2q,"Type: self_service. Outcome: redirected_to_channel. Brand agent turns: 5. Signals seen: redirected_to_dm, self_service, information_provided. Evidence: [tweet 1314956, redirected_to_dm] ""Do you have a VT reference number you can DM us""; [tweet 1314952, self_service] ""Customer Resolutions team https://t.co/nI8U4cQ9Vj""; [tweet 1314955, self_service] ""Does this link seem to work better https://t.co/MgH6zr8M4E ?""","[CUSTOMER 1314951] This is @virgintrains response to a customer complaint about lack of service in first class. Waste of time an money! https://t.co/keslKYMB2q
[AGENT 1314956] @427210 1/2 Andrew, this is a fake account. We have reported this. Do you have a VT reference number you can DM us
[AGENT 1314947] @427210 2/2 and we can try to help. ^BT
[CUSTOMER 1314950] @VirginTrains Hi, there were 7 of us travelling from London on the 8.50pm to warrington. Service was dreadful and poor attitude from staff.
[CUSTOMER 1314949] @VirginTrains The guy serving was sat for the duration in an empty carriage. I had to go find him for any service
[CUSTOMER 1314948] @VirginTrains Ref-23 3548 5672
[CUSTOMER 1314958] @VirginTrains Hi, my email is __email__
[AGENT 1314953] @427210 1/2 So sorry to hear this Andrew. If you wish to take this further you can with our
[AGENT 1314952] @427210 Customer Resolutions team https://t.co/nI8U4cQ9Vj ^BT
[CUSTOMER 1314954] @VirginTrains @VirginTrains your response page is glitching
[AGENT 1314955] @427210 Does this link seem to work better https://t.co/MgH6zr8M4E ? ^BT","[1314951, 1314956, 1314947, 1314950, 1314949, 1314948, 1314958, 1314953, 1314952, 1314954, 1314955]"
case_1321592,train_retrieval,-3,medium_3-4,week_2017-10-16,3,False,self_service,True,2017-10-16 11:33:10+00:00,244156,conv_1321592,@VirginTrains @244157 @127472 I think he's running onto one of your trains this afternoon.  Please get him to me!!!,"Type: self_service. Outcome: agent_answered_unconfirmed. Brand agent turns: 2. Signals seen: redirected_to_dm, self_service, information_provided. Evidence: [tweet 1321592, redirected_to_dm] ""Please drop us a DM 😎(We'll take it from here @127472) https://t.co/I8Fgf2SZB4""; [tweet 1321592, self_service] ""Please drop us a DM 😎(We'll take it from here @127472) https://t.co/I8Fgf2SZB4""","[AGENT 1321592] Hey, @244156 &amp; @244157. We'd love to help #savekevin! Please drop us a DM 😎(We'll take it from here @127472) https://t.co/I8Fgf2SZB4
[CUSTOMER 1321585] @VirginTrains @244157 @127472 I think he's running onto one of your trains this afternoon. Please get him to me!!!
[AGENT 1321583] @244156 @244157 @127472 See you later, Kevin! Please let us know if you need any help 🙋^SE","[1321592, 1321585, 1321583]"
case_1317039,train_retrieval,7,short_1-2,week_2017-10-16,1,False,unresolved,False,2017-10-16 13:25:45+00:00,124101,conv_1317036,@120576 @VirginTrains @125882 Happens regularly.   Almost as if working to a plan.......,Brand never replied in the public thread (outcome: no_response).,[CUSTOMER 1317039] @120576 @VirginTrains @125882 Happens regularly. Almost as if working to a plan.......,[1317039]
case_1405715,train_retrieval,2,short_1-2,week_2017-10-16,1,False,unresolved,False,2017-10-16 16:51:47+00:00,120244,conv_1405717,@446768 @VirginTrains What time service please Melissa? ^Amy,Brand never replied in the public thread (outcome: no_response).,[CUSTOMER 1405715] @446768 @VirginTrains What time service please Melissa? ^Amy,[1405715]
case_1496170,train_retrieval,10,long_5-8,week_2017-10-16,5,True,self_service,False,2017-10-16 22:35:10+00:00,467371,conv_1496170,@VirginTrains is there something up 27th December between BHM &amp; GSW? Can't book advance tickets and only 6hr journeys or £42 tix on 28th??,"Type: self_service. Outcome: customer_confirmed. Brand agent turns: 2. Signals seen: self_service, information_provided. Evidence: [tweet 1496169, self_service] ""Tthere will be engineering works taking place, please see here - https://t.co/Glz7OQjTMX""","[CUSTOMER 1496170] @VirginTrains is there something up 27th December between BHM &amp; GSW? Can't book advance tickets and only 6hr journeys or £42 tix on 28th??
[AGENT 1496169] @467371 Tthere will be engineering works taking place, please see here - https://t.co/Glz7OQjTMX ^MW
[CUSTOMER 1496159] @VirginTrains it doesn't give any info just says trains be running later than usual in a revised timetable. Any idea when works are over?
[AGENT 1496156] @467371 If you check again on the 19th October they should have Advance tickets released then 👍 ^MW
[CUSTOMER 1496157] @VirginTrains ok thanks!","[1496170, 1496169, 1496159, 1496156, 1496157]"
case_1557946,train_retrieval,9,short_1-2,week_2017-10-16,2,False,self_service,False,2017-10-17 03:58:52+00:00,481550,conv_1557946,@VirginTrains do you anticipate the 5.23 from Glasgow central to London Euston will run? Already been to station &amp; returned home this morn,"Type: self_service. Outcome: redirected_to_channel. Brand agent turns: 1. Signals seen: self_service. Evidence: [tweet 1557945, self_service] ""All our known alterations have been paged check out our journey checker via https://t.co/6vYdzc7enL""","[CUSTOMER 1557946] @VirginTrains do you anticipate the 5.23 from Glasgow central to London Euston will run? Already been to station &amp; returned home this morn
[AGENT 1557945] @481550 All our known alterations have been paged check out our journey checker via https://t.co/6vYdzc7enL ^JH","[1557946, 1557945]"
case_1563145,train_retrieval,1,long_5-8,week_2017-10-16,6,False,self_service,False,2017-10-17 04:13:09+00:00,320659,conv_1563145,@120576 @VirginTrains supposed to get train in picture 1 but because of storm can I get one in picture 3? https://t.co/XkZ9k8BH7H,"Type: self_service. Outcome: redirected_to_channel. Brand agent turns: 3. Signals seen: self_service, information_provided, clarification_requested. Evidence: [tweet 1563140, self_service] ""please check via our live updates service that have been affected by our route https://t.co/vWbp0xht0i""","[CUSTOMER 1563145] @120576 @VirginTrains supposed to get train in picture 1 but because of storm can I get one in picture 3? https://t.co/XkZ9k8BH7H
[AGENT 1563144] @320659 @120576 What ticket type have you purchased? Is this advance? ^JH
[CUSTOMER 1563143] @VirginTrains @120576 Yes
[AGENT 1563142] @320659 @120576 You are fixed to your booked service unless that service is cancelled ^JH
[CUSTOMER 1563141] @VirginTrains @120576 So itsn ot affected by the storm/weather?
[AGENT 1563140] @320659 @120576 please check via our live updates service that have been affected by our route https://t.co/vWbp0xht0i ^JH","[1563145, 1563144, 1563143, 1563142, 1563141, 1563140]"
case_1569903,train_retrieval,1,medium_3-4,week_2017-10-16,4,False,compensation,False,2017-10-17 05:42:46+00:00,282150,conv_1569903,Morning @VirginTrains - just told that Glasgow to London Euston train is cancelled. What is the first one likely to be that goes today?,"Type: compensation. Outcome: redirected_to_channel. Brand agent turns: 2. Signals seen: compensation, self_service, clarification_requested. Evidence: [tweet 1569904, compensation] ""Right Motherwell, the 07:52 the next available unfortunately Stephen, please claim delay repay https://t.co/M9j0US7L8R""","[CUSTOMER 1569903] Morning @VirginTrains - just told that Glasgow to London Euston train is cancelled. What is the first one likely to be that goes today?
[AGENT 1569901] @282150 The 05:50 has already departed, what time do you want to travel? ^JH
[CUSTOMER 1569902] @VirginTrains 6.44 from Motherwell was cancelled
[AGENT 1569904] @282150 Right Motherwell, the 07:52 the next available unfortunately Stephen, please claim delay repay https://t.co/M9j0US7L8R ^JH","[1569903, 1569901, 1569902, 1569904]"
case_1577147,train_retrieval,7,very_long_9+,week_2017-10-16,19,False,self_service,True,2017-10-17 06:54:33+00:00,485826,conv_1577147,@VirginTrains why is it that all your staff are so patronising?,"Type: self_service. Outcome: customer_followup_unanswered. Brand agent turns: 9. Signals seen: redirected_to_dm, self_service, information_provided, clarification_requested. Evidence: [tweet 1577148, redirected_to_dm] ""Could you DM us your collection reference?""; [tweet 1577152, redirected_to_dm] ""Could you DM us a picture of the tickets that did print from the machine please?""; [tweet 1577152, self_service] ""^BT https://t.co/hhfk9c3ylv""; [tweet 1577159, self_service] ""our Customer Resolutions team here https://t.co/yUu72a9zx3""","[CUSTOMER 1577147] @VirginTrains why is it that all your staff are so patronising?
[AGENT 1577144] @485826 Are you able to explain further? ^LC
[CUSTOMER 1577146] @VirginTrains machine didn't print a ticket. Asked one of your staff about it. Wasn't even interested in listening, just assumed I'm a liar.
[CUSTOMER 1577145] @VirginTrains I've paid a lot for this ticket. Gonna have to pay again apparently. Doesn't seem like a lot to at least be nice about it
[AGENT 1577163] @485826 What station were you collecting from? ^BT
[CUSTOMER 1577164] @VirginTrains Manchester Piccadilly
[AGENT 1577148] @485826 Sorry to hear of your experience today. Could you DM us your collection reference? ^BT
[CUSTOMER 1577149] @VirginTrains W5C425CN
[AGENT 1577150] @485826 Your tickets are showing as all being printed, Christopher. ^LC
[CUSTOMER 1577151] @VirginTrains yes. I know it is being shown as printed. It wasn't. But even if it had been, why treat me like a moron? Whats the point?
[AGENT 1577152] @485826 Could you DM us a picture of the tickets that did print from the machine please? ^BT https://t.co/hhfk9c3ylv
[CUSTOMER 1577154] @VirginTrains https://t.co/Js2YlMwCxq
[AGENT 1577156] @485826 1/2 This ticket would have printed before the reservation, (ticket pictured at the bottom.) Therefore the staff at Manchester
[AGENT 1577155] @485826 2/2 are within their right to ask you to buy a new ticket. ^BT
[CUSTOMER 1577158] @VirginTrains 1/2 I feel like you are missing the point. Buying another ticket is not the key issue. It's about how your staff...
[CUSTOMER 1577157] @VirginTrains 2/2 treat customers, which is poorly. Even now you aren't actually listening, just telling me to buy more tickets.
[AGENT 1577159] @485826 2/2 our Customer Resolutions team here https://t.co/yUu72a9zx3 ^BT
[AGENT 1577160] @485826 1/2 We're sorry about your experience. If you wish to take this complaint further you would need to speak with
[CUSTOMER 1577161] @VirginTrains so, just to be clear, Virgin's official response to complaints of bad customer service is ""tell them to pay us more""? #£££","[1577147, 1577144, 1577146, 1577145, 1577163, 1577164, 1577148, 1577149, 1577150, 1577151, 1577152, 1577154, 1577156, 1577155, 1577158, 1577157, 1577159, 1577160, 1577161]"
case_1612286,train_retrieval,8,short_1-2,week_2017-10-16,2,True,information_provided,False,2017-10-17 11:33:00+00:00,482467,conv_1612286,Just booked a Christmassy weekend in London in December with the boyf 😍😊👬🎅🎄🚄🏙️ @494769 @VirginTrains,"Type: information_provided. Outcome: agent_closed. Brand agent turns: 1. Signals seen: information_provided. Evidence: [tweet 1612285, information_provided] ""Ooo we're very jealous! Hope you have a great trip with us in December!""","[CUSTOMER 1612286] Just booked a Christmassy weekend in London in December with the boyf 😍😊👬🎅🎄🚄🏙️ @494769 @VirginTrains
[AGENT 1612285] @482467 @494769 Ooo we're very jealous! Hope you have a great trip with us in December! ^BT","[1612286, 1612285]"
case_1627299,dev_calibration,3,long_5-8,week_2017-10-16,6,False,compensation,True,2017-10-17 12:11:53+00:00,498233,conv_1627299,@VirginTrains Holding for 24 minutes and still not through to a customer service advisor re refund for delay. Shoddy service!,"Type: compensation. Outcome: redirected_to_dm. Brand agent turns: 3. Signals seen: compensation, redirected_to_dm, escalated, self_service, other. Evidence: [tweet 1627298, compensation] ""Have you already filled out a form regarding Delay Repay.""; [tweet 1627297, redirected_to_dm] ""If you could DM us your email address we can look into this for you.""","[CUSTOMER 1627299] @VirginTrains Holding for 24 minutes and still not through to a customer service advisor re refund for delay. Shoddy service!
[AGENT 1627298] @498233 Sorry in the delay in getting back to you. Have you already filled out a form regarding Delay Repay. ^BT
[CUSTOMER 1627296] @VirginTrains I was advised by the Guard that I didn't need to as the refund would be made automatically. However it hasn't been made.
[AGENT 1627294] @498233 Was your journey direct? Therefore you didn't have to change? ^BT
[CUSTOMER 1627295] @VirginTrains Yes - Can we speak please as this is not a good way to deal with a customer complaint. Please DM me.
[AGENT 1627297] @498233 Of course. If you could DM us your email address we can look into this for you. ^BT https://t.co/hhfk9c3ylv","[1627299, 1627298, 1627296, 1627294, 1627295, 1627297]"
case_815094,train_retrieval,-1,medium_3-4,week_2017-10-16,4,True,other,False,2017-10-17 15:19:26+00:00,126885,conv_815090,@VirginTrains Afternoon HQ 👋,"Type: other. Outcome: agent_closed. Brand agent turns: 2. Signals seen: other. Evidence: [tweet 1667900, other] ""Have a good one Simon!""","[CUSTOMER 815094] @VirginTrains Afternoon HQ 👋
[AGENT 1667902] @126885 Afternoon Simon 👋🏻 good day? ^HP
[CUSTOMER 1667901] @VirginTrains just heading for a day on the WCML
[AGENT 1667900] @126885 Have a good one Simon! ^HP","[815094, 1667902, 1667901, 1667900]"
case_1678142,train_retrieval,5,medium_3-4,week_2017-10-16,4,False,feedback_acknowledged,False,2017-10-17 15:49:38+00:00,510419,conv_1678142,@VirginTrains @LondonMidland virgin train kicking out tonnes of odd smell g smoke just passed through HML. All ok with it?,"Type: feedback_acknowledged. Outcome: agent_answered_unconfirmed. Brand agent turns: 2. Signals seen: feedback_acknowledged, clarification_requested. Evidence: [tweet 1678143, feedback_acknowledged] ""Ok thanks Paul, we'll pass your comments on""","[CUSTOMER 1678142] @VirginTrains @LondonMidland virgin train kicking out tonnes of odd smell g smoke just passed through HML. All ok with it?
[AGENT 1678140] @510419 @LondonMidland Not great to hear, Paul, which service was this please? ^HP
[CUSTOMER 1678141] @VirginTrains @LondonMidland No idea what service. Was a south bound virgin. With a second train about 4 minutes behind it. Contact stations south HML and they will spot
[AGENT 1678143] @510419 @LondonMidland Ok thanks Paul, we'll pass your comments on ^HP","[1678142, 1678140, 1678141, 1678143]"
case_1712126,train_retrieval,7,short_1-2,week_2017-10-16,2,False,troubleshooting,False,2017-10-17 17:42:23+00:00,518589,conv_1712126,"useless phone service, the usual 'high volume of call' the excuse. 5p min and they sit and don't answer the phone for 10 mins @virgintrains","Type: troubleshooting. Outcome: agent_awaiting_customer. Brand agent turns: 1. Signals seen: troubleshooting, clarification_requested. Evidence: [tweet 1712125, troubleshooting] ""Hi Steve, which number have you tried to contact please?""","[CUSTOMER 1712126] useless phone service, the usual 'high volume of call' the excuse. 5p min and they sit and don't answer the phone for 10 mins @virgintrains
[AGENT 1712125] @518589 Hi Steve, which number have you tried to contact please? ^HP","[1712126, 1712125]"
case_1872858,train_retrieval,6,short_1-2,week_2017-10-16,2,True,other,False,2017-10-18 08:59:07+00:00,559235,conv_1872858,Thanks @VirginTrains for being the only train I've been on where I (a fat person) can put the seat table down fully!,"Type: other. Outcome: agent_closed. Brand agent turns: 1. Signals seen: other. Evidence: [tweet 1872857, other] ""Enjoy your journey! 😃""","[CUSTOMER 1872858] Thanks @VirginTrains for being the only train I've been on where I (a fat person) can put the seat table down fully!
[AGENT 1872857] @559235 Enjoy your journey! 😃 ^BT","[1872858, 1872857]"
case_1896656,train_retrieval,9,short_1-2,week_2017-10-16,2,False,compensation,False,2017-10-18 12:33:56+00:00,140920,conv_1896656,Appears @VirginTrains have a habit of cancelling the 1331 service from Coventry to London on Tuesdays.,"Type: compensation. Outcome: redirected_to_channel. Brand agent turns: 1. Signals seen: compensation, self_service. Evidence: [tweet 1896655, compensation] ""If it was over 30 minutes late you can claim via https://t.co/zFr3w0un61""","[CUSTOMER 1896656] Appears @VirginTrains have a habit of cancelling the 1331 service from Coventry to London on Tuesdays.
[AGENT 1896655] @140920 Sorry about that, how Alireza. If it was over 30 minutes late you can claim via https://t.co/zFr3w0un61 ^PA","[1896656, 1896655]"
case_1945758,train_retrieval,2,long_5-8,week_2017-10-16,5,True,information_provided,False,2017-10-18 16:16:18+00:00,578316,conv_1945758,@VirginTrains my northern connection 2 Preston is delayed &amp; they aren’t helpful if I miss the 1741 to Glasgow can I get on the next service,"Type: information_provided. Outcome: customer_confirmed. Brand agent turns: 2. Signals seen: information_provided. Evidence: [tweet 1945757, information_provided] ""As long as you have a through ticket and not separate ones.""; [tweet 1945754, information_provided] ""You will be able to get the next available service then.""","[CUSTOMER 1945758] @VirginTrains my northern connection 2 Preston is delayed &amp; they aren’t helpful if I miss the 1741 to Glasgow can I get on the next service
[AGENT 1945757] @578316 As long as you have a through ticket and not separate ones. ^PA
[CUSTOMER 1945756] @VirginTrains I have a Nottm-Glasgow single bought online with virgin. But have specific reservations 4 the 1741 which I may not make due 2 delay😢
[AGENT 1945754] @578316 You will be able to get the next available service then. ^PA
[CUSTOMER 1945755] @VirginTrains Thank you. Hopefully I’ll make it!!","[1945758, 1945757, 1945756, 1945754, 1945755]"
case_1951780,train_retrieval,7,long_5-8,week_2017-10-16,7,False,information_provided,True,2017-10-18 16:35:44+00:00,354641,conv_1951780,@VirginTrains there are serious issues with the phone app. Please see the inbox. Thanks,"Type: information_provided. Outcome: customer_followup_unanswered. Brand agent turns: 3. Signals seen: redirected_to_dm, information_provided, other. Evidence: [tweet 1966655, redirected_to_dm] ""I believe you are discussing it on DMs Wad.""; [tweet 1966651, information_provided] ""There isn't no, there will be tomorrow in Customer Resolutions.""","[CUSTOMER 1951780] @VirginTrains there are serious issues with the phone app. Please see the inbox. Thanks
[AGENT 1951779] @354641 Will do. ^PA
[CUSTOMER 1951781] @VirginTrains Still await a manager to look into this case before it #escalates
[AGENT 1966655] @354641 I believe you are discussing it on DMs Wad. ^PA
[CUSTOMER 1966652] @VirginTrains Yes but I've been told there is no manager on duty!
[AGENT 1966651] @354641 There isn't no, there will be tomorrow in Customer Resolutions. ^PA
[CUSTOMER 1966654] @VirginTrains Spent my whole Journey on DM. Very frustrating. #unacceptable","[1951780, 1951779, 1951781, 1966655, 1966652, 1966651, 1966654]"
case_1966693,train_retrieval,-1,short_1-2,week_2017-10-16,2,True,other,False,2017-10-18 17:25:06+00:00,582834,conv_1966693,@VirginTrains Cheers!! 😎 https://t.co/X3HoJGSG2T,"Type: other. Outcome: agent_closed. Brand agent turns: 1. Signals seen: other. Evidence: [tweet 1966692, other] ""Enjoy 😀""","[CUSTOMER 1966693] @VirginTrains Cheers!! 😎 https://t.co/X3HoJGSG2T
[AGENT 1966692] @582834 Enjoy 😀 ^PA","[1966693, 1966692]"
case_2130618,train_retrieval,5,long_5-8,week_2017-10-16,8,False,other,False,2017-10-19 06:46:43+00:00,131197,conv_2130618,Waiting for the train &amp; watching the sunrise over #MorecambeBay #Cumbria #Lancashire #NotJustLakes https://t.co/B8exLcx561,"Type: other. Outcome: agent_answered_unconfirmed. Brand agent turns: 1. Signals seen: other. Evidence: [tweet 2130604, other] ""😃""","[CUSTOMER 2130618] Waiting for the train &amp; watching the sunrise over #MorecambeBay #Cumbria #Lancashire #NotJustLakes https://t.co/B8exLcx561
[CUSTOMER 2130616] @131198 @131199 @3796 @57348 @627122 @3795 @57349 @131200 @57350 @131201 Glasgow! 🌞☀
[CUSTOMER 2130614] @131200 @131198 @131199 @3796 @57348 @627122 @3795 @57349 @57350 @131201 Of course it all rather depends on if my Northern Rail train arrives. Could be here for sunset at this rate... 😜
[CUSTOMER 2130612] @131200 @131198 @131199 @3796 @57348 @627122 @3795 @57349 @57350 @131201 You are freaky!
[CUSTOMER 2130610] @296448 @131200 @131198 @131199 @3796 @57348 @627122 @3795 @57349 @57350 @131201 That's what worries me. The 7:45 out of Grange wasn't ...
[CUSTOMER 2130608] @296448 @131200 @131198 @131199 @3796 @57348 @627122 @3795 @57349 @57350 @131201 Not that I've noticed. It is utterly rammed though. At least it's going into P2 so I have a fighting chance...
[CUSTOMER 2130605] @296448 @131200 @131198 @131199 @3796 @57348 @627122 @3795 @57349 @57350 @131201 Made it! Now Glasgow bound on @VirginTrains with my trusty @57351 and a bruised banana. #livingthedream 😀🌞 https://t.co/iNXxl3X8jC
[AGENT 2130604] @131197 @296448 @131200 @131198 @131199 @3796 @57348 @627122 @3795 😃 ^MW","[2130618, 2130616, 2130614, 2130612, 2130610, 2130608, 2130605, 2130604]"
case_2147360,train_retrieval,10,very_long_9+,week_2017-10-16,12,True,clarification_requested,True,2017-10-19 09:54:42+00:00,334201,conv_2147360,"@VirginTrains if I have been send First class complimentary tickets, how do I reserve at seat on the train?","Type: clarification_requested. Outcome: customer_confirmed. Brand agent turns: 3. Signals seen: redirected_to_dm, clarification_requested. Evidence: [tweet 2147358, redirected_to_dm] ""Drop us a DM please, Sharris?""; [tweet 2147361, clarification_requested] ""Is it East Coast you're trying to reach?""; [tweet 2147365, clarification_requested] ""are you able to help?""","[CUSTOMER 2147360] @VirginTrains if I have been send First class complimentary tickets, how do I reserve at seat on the train?
[AGENT 2147358] @334201 Drop us a DM please, Sharris? ^MW
[CUSTOMER 2147359] @VirginTrains Being ignored by your East Coast Twitter team isn’t helpful at all! Sent a few messages and DM’s no reply!
[AGENT 2147361] @334201 Is it East Coast you're trying to reach? ^LC
[CUSTOMER 2147364] @VirginTrains Yes. My boyfriend and his mum have first class return complimentary tickets and want to reserve seats on the trains.
[CUSTOMER 2147363] @VirginTrains I was told to DM then which I did yesterday morning and since sent a few tweets about it since and no reply.
[AGENT 2147365] @334201 @120576 are you able to help? ^LC
[CUSTOMER 2147366] @VirginTrains @120576 Quick to reply to other tweets. I have sent a few with no replies now and even you can’t get them to reply to me!
[OTHER-AGENT 2147367] @334201 @VirginTrains When are you due to travel, Sharris? ^PA
[CUSTOMER 2147368] @120576 @VirginTrains For my boyfriend and his mum. I have DM’ed you the details yesterday. Friday 10th Nov 10.16 Peterborough to Aberdeen to Wed 15th 11.03 back
[OTHER-AGENT 2147369] @334201 @VirginTrains Hi Sharris, I've sent a DM with more information. ^JC
[CUSTOMER 2147362] @VirginTrains Thanks for helping finally get this sorted! 😊","[2147360, 2147358, 2147359, 2147361, 2147364, 2147363, 2147365, 2147366, 2147367, 2147368, 2147369, 2147362]"
case_2180443,train_retrieval,3,short_1-2,week_2017-10-16,2,False,redirected_to_other_operator,False,2017-10-19 12:43:24+00:00,638938,conv_2180443,"@VirginTrains VTN-171004BBWR - I am owed a refund, My 10 emails, FB msgs &amp; online chats have been ignored. Pay this today please, thanks!","Type: redirected_to_other_operator. Outcome: agent_awaiting_customer. Brand agent turns: 1. Signals seen: redirected_to_other_operator. Evidence: [tweet 2180442, redirected_to_other_operator] ""This would be a @120576 reference number, maybe their team can help today?""","[CUSTOMER 2180443] @VirginTrains VTN-171004BBWR - I am owed a refund, My 10 emails, FB msgs &amp; online chats have been ignored. Pay this today please, thanks!
[AGENT 2180442] @638938 This would be a @120576 reference number, maybe their team can help today? ^MW","[2180443, 2180442]"
case_2196040,train_retrieval,5,short_1-2,week_2017-10-16,2,True,information_provided,False,2017-10-19 13:34:28+00:00,341300,conv_2196040,"I’m only going on a 2 hour train journey, yet i have enough food to feed the carriage, sorry @VirginTrains #iamafeeder","Type: information_provided. Outcome: agent_closed. Brand agent turns: 1. Signals seen: information_provided. Evidence: [tweet 2196039, information_provided] ""Have a great journey Donna! 😊""","[CUSTOMER 2196040] I’m only going on a 2 hour train journey, yet i have enough food to feed the carriage, sorry @VirginTrains #iamafeeder
[AGENT 2196039] @341300 Have a great journey Donna! 😊 ^HP","[2196040, 2196039]"
case_2227825,train_retrieval,6,very_long_9+,week_2017-10-16,9,True,clarification_requested,True,2017-10-19 16:04:54+00:00,272601,conv_2227825,"@VirginTrains sad that I paid so much, in return I get crammed cabin and standing up 😂😩 no seats lol oh never mind ay😞😂","Type: clarification_requested. Outcome: agent_closed. Brand agent turns: 4. Signals seen: redirected_to_dm, clarification_requested, other. Evidence: [tweet 2227822, clarification_requested] ""Sorry to hear this, Taz, which service are you travelling on today?""; [tweet 2227826, clarification_requested] ""Did you have a seat reservation?""; [tweet 2227828, redirected_to_dm] ""Oh no Taz :( If this is the case next time you travel, then please drop us a message & we can reserve a seat for you""","[CUSTOMER 2227825] @VirginTrains sad that I paid so much, in return I get crammed cabin and standing up 😂😩 no seats lol oh never mind ay😞😂
[AGENT 2227822] @272601 Sorry to hear this, Taz, which service are you travelling on today? ^HP
[CUSTOMER 2227824] @VirginTrains 17:07 from EUS-LIV it was a 9 carriage instead of 11! https://t.co/eOYNlInEB0
[CUSTOMER 2227823] @VirginTrains Lol you might as well give the extra 2 carriage to Manchester Piccadilly! They do get 3 Trains every hour! Both South and North bound😂😩
[AGENT 2227826] @272601 Apologies for the inconvenience caused, this service was booked to run as a 9 car today. Did you have a seat reservation? ^HP
[CUSTOMER 2227827] @VirginTrains Paid for an anytime fare 😩 no seat reservation 😞 https://t.co/UMKfOSW0Am
[AGENT 2227828] @272601 Oh no Taz :( If this is the case next time you travel, then please drop us a message &amp; we can reserve a seat for you ^HP
[CUSTOMER 2227829] @VirginTrains Thanks for the heads up will do in the future 👍🏽🤛🏽
[AGENT 2227830] @272601 No problem 🤜🏻 ^HP","[2227825, 2227822, 2227824, 2227823, 2227826, 2227827, 2227828, 2227829, 2227830]"
case_2235053,train_retrieval,9,medium_3-4,week_2017-10-16,3,False,feedback_acknowledged,False,2017-10-19 16:28:22+00:00,279971,conv_2235053,@VirginTrains the 17:15 Bham - Glasgow is such a mess everyday.... ridiculous,"Type: feedback_acknowledged. Outcome: customer_followup_unanswered. Brand agent turns: 1. Signals seen: feedback_acknowledged. Evidence: [tweet 2235051, feedback_acknowledged] ""Not great to hear, Serina, is there anything in particular you can give us feedback on please?""","[CUSTOMER 2235053] @VirginTrains the 17:15 Bham - Glasgow is such a mess everyday.... ridiculous
[AGENT 2235051] @279971 Not great to hear, Serina, is there anything in particular you can give us feedback on please? ^HP
[CUSTOMER 2235052] @VirginTrains Extremely overcrowded &amp; late departure daily","[2235053, 2235051, 2235052]"
case_1851549,dev_calibration,6,very_long_9+,week_2017-10-16,12,False,feedback_acknowledged,False,2017-10-19 17:53:07+00:00,230949,conv_1851549,@VirginTrains You still haven't fixed this on your website - cannot reserve a seat in Coach C on the Pendolino on MAN-EUS.  Why? https://t.co/4aaSxcJFnR,"Type: feedback_acknowledged. Outcome: customer_followup_unanswered. Brand agent turns: 5. Signals seen: feedback_acknowledged, information_provided, clarification_requested, other. Evidence: [tweet 1851555, feedback_acknowledged] ""We'll certainly pass your comments on about this.""","[CUSTOMER 1851549] @VirginTrains You still haven't fixed this on your website - cannot reserve a seat in Coach C on the Pendolino on MAN-EUS. Why? https://t.co/4aaSxcJFnR
[AGENT 1851547] @230949 Hi Warren, which exact service are you trying to reserve a seat on please? ^HP
[CUSTOMER 1851548] @VirginTrains *Any* of them all do the same thing, no matter which train I try. Your booking system, as I've said 4 times before, is borked.
[CUSTOMER 1851550] @VirginTrains Seems it will also let you reserve a seat in Coach F, but that (and U on 11 car Pendolinos) is supposedly unreserved.
[CUSTOMER 1851551] @VirginTrains So it's clear that the booking system flags Coach C, not Coach F, as unreserved.
[AGENT 1851553] @230949 1/2 Our unreserved carriages have recently changed. Coach C is unreserved on our 9 car services and coaches U &amp; C are unreserved
[AGENT 1851552] @230949 2/2 on 11 car trains ^HP
[CUSTOMER 1851554] @VirginTrains Might be good to clarify that change on the booking website so people are aware of the changes?
[AGENT 1851555] @230949 We'll certainly pass your comments on about this. Apologies for any inconvenience caused ^HP
[CUSTOMER 1851556] @VirginTrains Please do. From what date does this change start, please? Train managers currently announce F (and U where applicable) as unreserved.
[AGENT 1851557] @230949 This has already come into place on many of our services, Warren, so bookings from now onwards will be affected by the change ^HP
[CUSTOMER 1851558] @VirginTrains So surely the train managers should then be announcing accordingly? As I said, poor communication on your company's part to passengers.","[1851549, 1851547, 1851548, 1851550, 1851551, 1851553, 1851552, 1851554, 1851555, 1851556, 1851557, 1851558]"
case_2338714,dev_calibration,0,short_1-2,week_2017-10-16,2,False,clarification_requested,False,2017-10-20 06:39:42+00:00,676557,conv_2338714,@VirginTrains thankfully my nose is blocked because the 07:06 from Glasgow to edinburgh smells putrid! #seasonticket,"Type: clarification_requested. Outcome: agent_awaiting_customer. Brand agent turns: 1. Signals seen: clarification_requested. Evidence: [tweet 2338713, clarification_requested] ""Oh no, have you been able to move coaches at all?""","[CUSTOMER 2338714] @VirginTrains thankfully my nose is blocked because the 07:06 from Glasgow to edinburgh smells putrid! #seasonticket
[AGENT 2338713] @676557 Oh no, have you been able to move coaches at all? ^MW","[2338714, 2338713]"
case_1040510,train_retrieval,4,short_1-2,week_2017-10-16,2,False,other,False,2017-10-20 07:11:33+00:00,366154,conv_1040510,@VirginTrains..glad i skipped brekkie and paid for 1st class London from Wakefield this am..no meals available due to staff shortage! 👎🏻,"Type: other. Outcome: agent_awaiting_customer. Brand agent turns: 1. Signals seen: other. Evidence: [tweet 1040509, other] ""Can @120576 assist today please?""","[CUSTOMER 1040510] @VirginTrains..glad i skipped brekkie and paid for 1st class London from Wakefield this am..no meals available due to staff shortage! 👎🏻
[AGENT 1040509] @366154 Can @120576 assist today please? ^MW","[1040510, 1040509]"
case_842970,train_retrieval,6,short_1-2,week_2017-10-16,2,False,information_provided,False,2017-10-20 13:52:06+00:00,320477,conv_842970,Musical Chairs on @VirginTrains next time reserve your seat 💺 anyway the show must go on Manchester Bound @37291 @320478,"Type: information_provided. Outcome: agent_answered_unconfirmed. Brand agent turns: 1. Signals seen: information_provided. Evidence: [tweet 842969, information_provided] ""Sorry to hear that Lorraine, hope you've managed to find a seat now""","[CUSTOMER 842970] Musical Chairs on @VirginTrains next time reserve your seat 💺 anyway the show must go on Manchester Bound @37291 @320478
[AGENT 842969] @320477 @37291 @320478 Sorry to hear that Lorraine, hope you've managed to find a seat now ^HP","[842970, 842969]"
case_852289,train_retrieval,8,short_1-2,week_2017-10-16,2,False,feedback_acknowledged,False,2017-10-20 15:23:47+00:00,322469,conv_852289,"@virgintrains Anthony, the conductor on the 15.00 from Euston to Manchester Picadilly is an absolute legend.","Type: feedback_acknowledged. Outcome: agent_answered_unconfirmed. Brand agent turns: 1. Signals seen: feedback_acknowledged. Evidence: [tweet 852288, feedback_acknowledged] ""Lovely to hear, Stu 😀 We'll be sure to pass your comments on to Anthony for you""","[CUSTOMER 852289] @virgintrains Anthony, the conductor on the 15.00 from Euston to Manchester Picadilly is an absolute legend.
[AGENT 852288] @322469 Lovely to hear, Stu 😀 We'll be sure to pass your comments on to Anthony for you ^HP","[852289, 852288]"
case_855185,train_retrieval,5,short_1-2,week_2017-10-16,2,False,self_service,False,2017-10-20 15:47:53+00:00,323111,conv_855185,Transpennine just called out Virgin on our train saying ‘they cant run a service on time’😂 @120870 @VirginTrains,"Type: self_service. Outcome: redirected_to_channel. Brand agent turns: 1. Signals seen: self_service. Evidence: [tweet 855184, self_service] ""https://t.co/xGmKxJxr7r""","[CUSTOMER 855185] Transpennine just called out Virgin on our train saying ‘they cant run a service on time’😂 @120870 @VirginTrains
[AGENT 855184] @323111 @120870 https://t.co/xGmKxJxr7r","[855185, 855184]"
case_860064,train_retrieval,4,very_long_9+,week_2017-10-16,10,True,information_provided,False,2017-10-20 17:06:52+00:00,324202,conv_860064,@VirginTrains £48 for a  ticket from Chester to Euston with no seats and an extra £233 each for first class?! #AreYouHavingAFuckingLaugh,"Type: information_provided. Outcome: customer_confirmed. Brand agent turns: 5. Signals seen: information_provided. Evidence: [tweet 860063, information_provided] ""Hi Zakk, this will be the price for an First Anytime ticket.""; [tweet 860055, information_provided] ""I understand the frustration Zakk and we do offer great prices on Advance tickets but for upgrades that's the cost.""; [tweet 860059, information_provided] ""We only retail a certain number of tickets for each service, however, passengers with open tickets can travel on numerous""; [tweet 860058, information_provided] ""services, which can make it difficult for us to anticipate how busy some of our services may be""","[CUSTOMER 860064] @VirginTrains £48 for a ticket from Chester to Euston with no seats and an extra £233 each for first class?! #AreYouHavingAFuckingLaugh
[AGENT 860063] @324202 Hi Zakk, this will be the price for an First Anytime ticket. ^PA
[CUSTOMER 860057] @VirginTrains Cheers, that doesn’t help my situation at all, if the seats are empty offer them at a decent price instead of sat near a toilet for 2 hours!
[AGENT 860055] @324202 I understand the frustration Zakk and we do offer great prices on Advance tickets but for upgrades that's the cost. ^PA
[CUSTOMER 860056] @VirginTrains Well why not sell the amount of seats you can actually supply instead of over selling and charging an extra £200+ for a fucking chair....
[AGENT 860059] @324202 1/2 We only retail a certain number of tickets for each service, however, passengers with open tickets can travel on numerous
[AGENT 860058] @324202 2/2 services, which can make it difficult for us to anticipate how busy some of our services may be ^HP
[CUSTOMER 860060] @VirginTrains Yet you still charge TWO HUNDRED extra pounds on top!? Can you not see how ludicrous that is. Fair enough £50-£100 #GreedyEnough?
[AGENT 860061] @324202 We don't charge for seats, Zakk, but our more expensive tickets are the most flexible, which is why they're costly ^HP
[CUSTOMER 860062] @VirginTrains Spent less money on a holiday to Benidorm for 4 days, I’ll sit on the floor near the toilet and save my money cheers. #RipOff #JokeCompany","[860064, 860063, 860057, 860055, 860056, 860059, 860058, 860060, 860061, 860062]"
case_861787,train_retrieval,5,very_long_9+,week_2017-10-16,10,False,unresolved,False,2017-10-20 17:16:45+00:00,324635,conv_861787,How is it acceptable to tell passengers w/ booked tickets for a train that they can expect to stand for all of their journey @virgintrains?,"Type: unresolved. Outcome: customer_followup_unanswered. Brand agent turns: 1. Signals seen: clarification_requested. Evidence: [tweet 861782, clarification_requested] ""Hi Jet, sorry to hear this, which service are you travelling on?""","[CUSTOMER 861787] How is it acceptable to tell passengers w/ booked tickets for a train that they can expect to stand for all of their journey @virgintrains?
[AGENT 861782] @324635 Hi Jet, sorry to hear this, which service are you travelling on? And did you have a seat reservation for this service? ^HP
[CUSTOMER 861786] @VirginTrains The 18.19 from Kx to Newcastle. People are standing between carriages like it’s the tube at rush hour, &amp; train guard says to expect to stand
[CUSTOMER 861784] @VirginTrains No seat reservation, but I did pay for a specific train- there should be space
[CUSTOMER 861783] @VirginTrains https://t.co/KQpCY6Lb13
[OTHER-AGENT 861789] @324635 @VirginTrains Sorry to hear that Jet, the service should empty a bit after Stevenage/Peterborough/Grantham. ^JW
[CUSTOMER 861785] @VirginTrains Are you saying this is acceptable? We’re standing shoulder to shoulder in the aisles up and down the train.
[CUSTOMER 861790] @120576 @VirginTrains Are you saying that this is acceptable to your company? Toilet blocked, people standing shoulder to shoulder in the aisles. https://t.co/nxOfDXf9cQ
[OTHER-AGENT 861791] @324635 @VirginTrains It's a Friday peak service on half-term. Due to the closure of King's Cross tube some services are busier than expected. Apologies. ^JW
[CUSTOMER 861792] @120576 @VirginTrains You knew it was half term before today right? People have spent £100s on tickets, and you have them standing like cattle, with a blocked loo","[861787, 861782, 861786, 861784, 861783, 861789, 861785, 861790, 861791, 861792]"
case_871618,train_retrieval,10,very_long_9+,week_2017-10-16,10,True,self_service,False,2017-10-20 20:14:45+00:00,153886,conv_871618,"@VirginTrains Hi, I bought tickets by mail but they never arrived and I opened the journey in the app, but does it count as a valid ticket?","Type: self_service. Outcome: customer_confirmed. Brand agent turns: 5. Signals seen: self_service, information_provided, other. Evidence: [tweet 871613, self_service] ""collection code into a Fast Ticket machine at the station to retrieve your tickets :)""","[CUSTOMER 871618] @VirginTrains Hi, I bought tickets by mail but they never arrived and I opened the journey in the app, but does it count as a valid ticket?
[AGENT 871619] @153886 Hi there, can we take your booking reference number so we can have a look at this for you please? ^HP
[CUSTOMER 871612] @VirginTrains I don't have that but I do have a ticket collection code. Is this any good?
[AGENT 871610] @153886 That's fine, please send this over and we can search for your booking in the system ^HP
[CUSTOMER 871611] @VirginTrains 6TJWGXJK
[AGENT 871614] @153886 1/2 Thanks, we can see that the self print at station option has been selected on your booking, so you'll need to enter the
[AGENT 871613] @153886 2/2 collection code into a Fast Ticket machine at the station to retrieve your tickets :) ^HP
[CUSTOMER 871615] @VirginTrains Thanks. But can it not be ""transformed"" into an e ticket?
[AGENT 871616] @153886 I'm afraid the delivery method can't be changed once tickets have been purchased, apologies ^HP
[CUSTOMER 871617] @VirginTrains Ok. Thanks anyway.","[871618, 871619, 871612, 871610, 871611, 871614, 871613, 871615, 871616, 871617]"
case_894633,train_retrieval,0,short_1-2,week_2017-10-16,2,True,feedback_acknowledged,False,2017-10-20 21:26:27+00:00,332420,conv_894633,"@VirginTrains huge shout out to Gary in first class, above and beyond service... sourcing me some vegan food and great chat! 21:40 to manc.","Type: feedback_acknowledged. Outcome: agent_closed. Brand agent turns: 1. Signals seen: feedback_acknowledged. Evidence: [tweet 894632, feedback_acknowledged] ""We will be sure to pass on your comments""","[CUSTOMER 894633] @VirginTrains huge shout out to Gary in first class, above and beyond service... sourcing me some vegan food and great chat! 21:40 to manc.
[AGENT 894632] @332420 That's great to hear Sam. We will be sure to pass on your comments ^RD","[894633, 894632]"
case_706238,train_retrieval,0,medium_3-4,week_2017-10-16,4,False,other,False,2017-10-21 08:39:07+00:00,138045,conv_706236,@VirginTrains Hungover MW today?? https://t.co/9RyRqDMifI,"Type: other. Outcome: agent_answered_unconfirmed. Brand agent turns: 2. Signals seen: other. Evidence: [tweet 914363, other] ""Nicely linked!""","[CUSTOMER 706238] @VirginTrains Hungover MW today?? https://t.co/9RyRqDMifI
[AGENT 914361] @138045 Never! You? ^MW
[CUSTOMER 914362] @VirginTrains Sober as judge judy there.
[AGENT 914363] @138045 Nicely linked! ^MW","[706238, 914361, 914362, 914363]"
case_914987,train_retrieval,8,medium_3-4,week_2017-10-16,3,False,unresolved,False,2017-10-21 08:49:27+00:00,146946,conv_914987,Happy to help @VirginTrains Lancaster staff.Say hello.#VirginFamily https://t.co/5VYnWJe1PL,"Type: unresolved. Outcome: customer_followup_unanswered. Brand agent turns: 1. Signals seen: other. Evidence: [tweet 914985, other] ""Hi Ian!""","[CUSTOMER 914987] Happy to help @VirginTrains Lancaster staff.Say hello.#VirginFamily https://t.co/5VYnWJe1PL
[AGENT 914985] @146946 Hi Ian! ^MW
[CUSTOMER 914986] @VirginTrains 👍👍👍","[914987, 914985, 914986]"
case_316710,train_retrieval,2,medium_3-4,week_2017-10-16,3,False,compensation,False,2017-10-21 10:54:46+00:00,191623,conv_316710,"@VirginTrains 17 mins late into Watford, no warning, no explanation, missed connection and next isn't for another 50 mins!!","Type: compensation. Outcome: customer_followup_unanswered. Brand agent turns: 1. Signals seen: compensation, self_service. Evidence: [tweet 316708, compensation] ""Sorry to hear that, please claim Delay Repay here - https://t.co/0HZduaGMPK""","[CUSTOMER 316710] @VirginTrains 17 mins late into Watford, no warning, no explanation, missed connection and next isn't for another 50 mins!!
[AGENT 316708] @191623 Sorry to hear that, please claim Delay Repay here - https://t.co/0HZduaGMPK ^MW
[CUSTOMER 316709] @VirginTrains I have done, thanks. Tickets not checked on service, shop closed before Watford, no communication until we arrived late! Shocking","[316710, 316708, 316709]"
case_924063,train_retrieval,6,short_1-2,week_2017-10-16,2,False,information_provided,False,2017-10-21 13:26:31+00:00,339284,conv_924063,why is it when you request a forward facing table seat on a train reservation you always get a backward no table one? @VirginTrains,"Type: information_provided. Outcome: agent_answered_unconfirmed. Brand agent turns: 1. Signals seen: information_provided. Evidence: [tweet 924062, information_provided] ""We would always try and allocate seats to your preference, Adrienne but it isn't always possible I'm afraid.""","[CUSTOMER 924063] why is it when you request a forward facing table seat on a train reservation you always get a backward no table one? @VirginTrains
[AGENT 924062] @339284 We would always try and allocate seats to your preference, Adrienne but it isn't always possible I'm afraid. ^LC","[924063, 924062]"
case_926033,train_retrieval,5,long_5-8,week_2017-10-16,5,True,compensation,False,2017-10-21 14:18:53+00:00,339727,conv_926033,When you miss all of your connections because your @VirginTrains is  behind a slow train .. turning a 3hr journey into a 4hr journey,"Type: compensation. Outcome: customer_confirmed. Brand agent turns: 2. Signals seen: compensation, self_service, information_provided. Evidence: [tweet 926034, compensation] ""You can claim via https://t.co/u9KtQ3Lru5""","[CUSTOMER 926033] When you miss all of your connections because your @VirginTrains is behind a slow train .. turning a 3hr journey into a 4hr journey
[AGENT 926031] @339727 Oh no Annie sorry to hear that, you can get the next available service. ^PA
[CUSTOMER 926032] @VirginTrains I know it’s just made my journey a lot longer as the next connection wasn’t for another hour x
[AGENT 926034] @339727 You can claim via https://t.co/u9KtQ3Lru5 ^PA
[CUSTOMER 926035] @VirginTrains Thanks","[926033, 926031, 926032, 926034, 926035]"
case_986541,dev_calibration,6,short_1-2,week_2017-10-16,2,False,redirected_to_other_operator,False,2017-10-22 11:21:38+00:00,353800,conv_986541,"@VirginTrains 
£110 from London to Leeds, and I can’t lean back and rest my head as the seats are so dirty.  Shame on British Train. https://t.co/XBaeOmYfbh","Type: redirected_to_other_operator. Outcome: agent_answered_unconfirmed. Brand agent turns: 1. Signals seen: redirected_to_other_operator. Evidence: [tweet 986540, redirected_to_other_operator] ""Looks like you're travelling with @120576 so we'll pass you over to the team""","[CUSTOMER 986541] @VirginTrains £110 from London to Leeds, and I can’t lean back and rest my head as the seats are so dirty. Shame on British Train. https://t.co/XBaeOmYfbh
[AGENT 986540] @353800 Looks like you're travelling with @120576 so we'll pass you over to the team ^MM","[986541, 986540]"
case_983186,train_retrieval,1,long_5-8,week_2017-10-16,6,False,information_provided,True,2017-10-22 14:41:33+00:00,136155,conv_983186,@VirginTrains I am booked on the 7:36 euston to mcr Piccadilly train this evening. Any chance I can come back on an earlier train.,"Type: information_provided. Outcome: agent_answered_unconfirmed. Brand agent turns: 3. Signals seen: redirected_to_dm, information_provided. Evidence: [tweet 983184, redirected_to_dm] ""Can you DM us your booking REF and we'll advise.""; [tweet 983187, information_provided] ""I'm afraid it's an Advance ticket so you will have to get that service.""; [tweet 983189, information_provided] ""I'm afraid so, it's the T&Cs of the advance tickets.""","[CUSTOMER 983186] @VirginTrains I am booked on the 7:36 euston to mcr Piccadilly train this evening. Any chance I can come back on an earlier train.
[AGENT 983184] @136155 Can you DM us your booking REF and we'll advise. ^PA
[CUSTOMER 983185] @VirginTrains 2313705847
[AGENT 983187] @136155 I'm afraid it's an Advance ticket so you will have to get that service. ^PA
[CUSTOMER 983188] @VirginTrains Even if the train is empty. Doesn’t really sound very fair. Please help
[AGENT 983189] @136155 I'm afraid so, it's the T&amp;Cs of the advance tickets. ^PA","[983186, 983184, 983185, 983187, 983188, 983189]"
case_994749,train_retrieval,8,medium_3-4,week_2017-10-16,3,True,information_provided,False,2017-10-22 15:59:46+00:00,355626,conv_994749,"@VirginTrains hi, what are your unreserved coaches for the 18:05 euston to Liverpool south parkway service please?","Type: information_provided. Outcome: customer_confirmed. Brand agent turns: 1. Signals seen: information_provided. Evidence: [tweet 994747, information_provided] ""It'll be coaches U and C.""","[CUSTOMER 994749] @VirginTrains hi, what are your unreserved coaches for the 18:05 euston to Liverpool south parkway service please?
[AGENT 994747] @355626 It'll be coaches U and C. ^PA
[CUSTOMER 994748] @VirginTrains Thank you 😊","[994749, 994747, 994748]"
case_1001380,train_retrieval,8,long_5-8,week_2017-10-16,6,True,escalated,False,2017-10-22 17:37:57+00:00,357069,conv_1001380,@VirginTrains crewe-Stockport seriously the smell was enough to make me feel physically sick!,"Type: escalated. Outcome: customer_confirmed. Brand agent turns: 2. Signals seen: escalated, information_provided, clarification_requested. Evidence: [tweet 1001377, escalated] ""Oh no, did you report this to the staff?""","[CUSTOMER 1001380] @VirginTrains crewe-Stockport seriously the smell was enough to make me feel physically sick!
[AGENT 1001377] @357069 Oh no, did you report this to the staff? ^PA
[CUSTOMER 1001378] @VirginTrains No because there was.none in site. The smell of ammonia was enough to make my 8 year old gag
[AGENT 1001381] @357069 Sorry to hear that, I'll get it reported. ^PA
[CUSTOMER 1001379] @VirginTrains We didn't even have anyone look at our tickets. Normally I can cope with smells as worked on a farm but that was something else!
[CUSTOMER 1001382] @VirginTrains Thanks","[1001380, 1001377, 1001378, 1001381, 1001379, 1001382]"
case_1001356,train_retrieval,2,very_long_9+,week_2017-10-16,9,True,information_provided,False,2017-10-22 17:40:08+00:00,357064,conv_1001356,@VirginTrains - Euston to Glasgow December 2017 disruption!! The evening standard telling me I'm going to have to get a bus replacement?,"Type: information_provided. Outcome: customer_confirmed. Brand agent turns: 4. Signals seen: information_provided, clarification_requested. Evidence: [tweet 1001357, information_provided] ""16th are released and the 30th are due to be released tomorrow.""; [tweet 1001361, information_provided] ""16th there won't be and 30th there shouldn't be either.""","[CUSTOMER 1001356] @VirginTrains - Euston to Glasgow December 2017 disruption!! The evening standard telling me I'm going to have to get a bus replacement?
[AGENT 1001354] @357064 There will be engineering works over Christmas, which date are you looking at? ^PA
[CUSTOMER 1001355] @VirginTrains @VirginTrains We're travelling from Euston to Glasgow on the 16th December and returning on the 30th! Thanks
[AGENT 1001357] @357064 16th are released and the 30th are due to be released tomorrow. ^PA
[CUSTOMER 1001358] @VirginTrains Thanks, we have booked tickets already....but is there disruption on the line?
[AGENT 1001359] @357064 Which dates? ^PA
[CUSTOMER 1001360] @VirginTrains 16th and 30th December?
[AGENT 1001361] @357064 16th there won't be and 30th there shouldn't be either. ^PA
[CUSTOMER 1001362] @VirginTrains Ok, thanks for the info!","[1001356, 1001354, 1001355, 1001357, 1001358, 1001359, 1001360, 1001361, 1001362]"
case_1007299,train_retrieval,-1,long_5-8,week_2017-10-16,5,False,unresolved,False,2017-10-22 17:42:47+00:00,359361,conv_1007296,@VirginTrains Hi,"Type: unresolved. Outcome: customer_followup_unanswered. Brand agent turns: 2. Signals seen: other. Evidence: [tweet 1011629, other] ""All good thanks Robert.""","[CUSTOMER 1007299] @VirginTrains Hi
[AGENT 1011632] @359361 Hi Robert. ^PA
[CUSTOMER 1011631] @VirginTrains How are things on the West Coast area of operations?
[AGENT 1011629] @359361 All good thanks Robert. ^PA
[CUSTOMER 1011630] @VirginTrains Thats good to hear","[1007299, 1011632, 1011631, 1011629, 1011630]"
case_1011623,train_retrieval,7,medium_3-4,week_2017-10-16,3,True,information_provided,False,2017-10-22 17:47:08+00:00,359359,conv_1011623,@VirginTrains who should I contact re: complaint about customer service on 1600 Ldn King's Cross to Edinburgh train please?,"Type: information_provided. Outcome: customer_confirmed. Brand agent turns: 1. Signals seen: information_provided. Evidence: [tweet 1011621, information_provided] ""This is one for our friends at @120576""","[CUSTOMER 1011623] @VirginTrains who should I contact re: complaint about customer service on 1600 Ldn King's Cross to Edinburgh train please?
[AGENT 1011621] @359359 This is one for our friends at @120576 ^PA
[CUSTOMER 1011622] @VirginTrains @120576 Thank you - I've DM'd them","[1011623, 1011621, 1011622]"
case_1012478,train_retrieval,3,short_1-2,week_2017-10-16,2,False,other,False,2017-10-22 18:04:07+00:00,359579,conv_1012478,@VirginTrains how do I get a refund on internet I've bought for 5 hour journey? Has only worked for 10 mins in hour and half so far. https://t.co/P1C5DydMRo,"Type: other. Outcome: redirected_to_channel. Brand agent turns: 1. Signals seen: other. Evidence: [tweet 1012477, other] ""You can email __email__""","[CUSTOMER 1012478] @VirginTrains how do I get a refund on internet I've bought for 5 hour journey? Has only worked for 10 mins in hour and half so far. https://t.co/P1C5DydMRo
[AGENT 1012477] @359579 You can email __email__ ^PA","[1012478, 1012477]"
case_1015064,train_retrieval,0,long_5-8,week_2017-10-16,7,True,information_provided,False,2017-10-22 18:41:06+00:00,360158,conv_1015064,@VirginTrains bad enough customers can't use reuseable cups but why do I need a paper bag as well? #zerowaste,"Type: information_provided. Outcome: customer_confirmed. Brand agent turns: 3. Signals seen: information_provided. Evidence: [tweet 1015063, information_provided] ""This isn't something we offer but I will feed it back.""; [tweet 1015061, information_provided] ""Reusable cups, not sure why the bag is offered though.""; [tweet 1015058, information_provided] ""Hmm, ok not something I'm aware of I'll feed this back.""","[CUSTOMER 1015064] @VirginTrains bad enough customers can't use reuseable cups but why do I need a paper bag as well? #zerowaste
[AGENT 1015063] @360158 This isn't something we offer but I will feed it back. ^PA
[CUSTOMER 1015062] @VirginTrains What isn't something you offer?
[AGENT 1015061] @360158 Reusable cups, not sure why the bag is offered though. ^PA
[CUSTOMER 1015060] @VirginTrains I was told the bag was compulsory and that they were being filmed to make sure each customer had one.
[AGENT 1015058] @360158 Hmm, ok not something I'm aware of I'll feed this back. ^PA
[CUSTOMER 1015059] @VirginTrains Thank you","[1015064, 1015063, 1015062, 1015061, 1015060, 1015058, 1015059]"
case_1042472,train_retrieval,2,long_5-8,week_2017-10-23,7,False,feedback_acknowledged,False,2017-10-23 08:59:05+00:00,366471,conv_1042472,Thks to the station staff at Edinburgh for keeping us up to date on the delayed 8.51am shame the @VirginTrains twitter feed wasn’t as useful,"Type: feedback_acknowledged. Outcome: agent_answered_unconfirmed. Brand agent turns: 3. Signals seen: feedback_acknowledged, information_provided, clarification_requested. Evidence: [tweet 1042466, feedback_acknowledged] ""Thanks for letting us know 😀""","[CUSTOMER 1042472] Thks to the station staff at Edinburgh for keeping us up to date on the delayed 8.51am shame the @VirginTrains twitter feed wasn’t as useful
[AGENT 1042470] @366471 Glad they could help, did you ask us for information regarding it? ^PA
[CUSTOMER 1042471] @VirginTrains I didn’t have to there were staff there as soon as it was obviously late. They stayed around the whole time keeping us updated etc
[CUSTOMER 1042469] @VirginTrains Sorry I misread your tweet, no I didn’t specifically but assumed as it was so late there would have been something on your feed about it.
[AGENT 1042468] @366471 Ah I see, we don't put messages out about every service that's late, only major disruption but will help if contacted. ^PA
[CUSTOMER 1042467] @VirginTrains OK fair enough as I said though your staff at the station were very helpful.
[AGENT 1042466] @366471 Thanks for letting us know 😀 ^PA","[1042472, 1042470, 1042471, 1042469, 1042468, 1042467, 1042466]"
case_998267,train_retrieval,6,short_1-2,week_2017-10-23,2,False,unresolved,False,2017-10-23 10:07:15+00:00,123241,conv_998262,@356378 @VirginTrains @13044 Hi Matt. Sorry to hear this. We do our best to reserve seats where possible. It may be that reservations weren't available for the -,Brand never replied in the public thread (outcome: no_response).,"[CUSTOMER 998267] @356378 @VirginTrains @13044 Hi Matt. Sorry to hear this. We do our best to reserve seats where possible. It may be that reservations weren't available for the -
[CUSTOMER 998266] @356378 @VirginTrains @13044 chosen service. -Jamie","[998267, 998266]"
case_1046277,train_retrieval,5,very_long_9+,week_2017-10-23,9,False,information_provided,False,2017-10-23 10:25:08+00:00,367332,conv_1046277,"@VirginTrains  Advice over tannoy...if you want a seat on this trip to Edinburgh, get on another train.4 carriages. Wow. #virgintrains","Type: information_provided. Outcome: customer_followup_unanswered. Brand agent turns: 2. Signals seen: information_provided, clarification_requested. Evidence: [tweet 1046278, information_provided] ""This is one for our friends at @120576 to help with.""","[CUSTOMER 1046277] @VirginTrains Advice over tannoy...if you want a seat on this trip to Edinburgh, get on another train.4 carriages. Wow. #virgintrains
[AGENT 1046275] @367332 Which service was this? ^PA
[CUSTOMER 1046276] @VirginTrains We boarded at Wakefield on the 10.47 service to Edinburgh, there was barely enough space in the vestibule, let alone available seating
[AGENT 1046278] @367332 This is one for our friends at @120576 to help with. ^PA
[CUSTOMER 1046280] @VirginTrains @120576 Helping would be to provide extra coaches, I felt so sorry for the elderly couple that weren't able to board
[OTHER-AGENT 1046279] @VirginTrains @367332 Hi, this is actually a @121428 service :) ^MS
[CUSTOMER 1046282] @120576 @VirginTrains @121428 Yikes! Sorry virgin
[OTHER-AGENT 1046283] @120576 @VirginTrains @367332 Apologies for the crowding, we're using all the trains and carriages available to us. ^RS
[CUSTOMER 1046287] @121762 @367333 @120576 @VirginTrains @121428 TBF I've only recently started traveling by rail after being a car user for years, the whole network is shocking, all franchises equally bad","[1046277, 1046275, 1046276, 1046278, 1046280, 1046279, 1046282, 1046283, 1046287]"
case_1058290,dev_calibration,0,short_1-2,week_2017-10-23,2,True,other,False,2017-10-23 12:20:55+00:00,369865,conv_1058290,West coast mainline action with @VirginTrains https://t.co/uHRpHeqd7Y,"Type: other. Outcome: agent_closed. Brand agent turns: 1. Signals seen: other. Evidence: [tweet 1058289, other] ""Have a great journey.""","[CUSTOMER 1058290] West coast mainline action with @VirginTrains https://t.co/uHRpHeqd7Y
[AGENT 1058289] @369865 Have a great journey. ^PA","[1058290, 1058289]"
case_1059093,train_retrieval,3,medium_3-4,week_2017-10-23,4,False,refund,True,2017-10-23 12:33:01+00:00,370052,conv_1059093,@VirginTrains don't use them as you will not get the refunds you are entitled to without being repeatedly asked the same questions!,"Type: refund. Outcome: redirected_to_dm. Brand agent turns: 2. Signals seen: refund, compensation, redirected_to_dm, clarification_requested. Evidence: [tweet 1059091, refund] ""Did you apply for the refund online?""; [tweet 1059094, redirected_to_dm] ""Could you DM us and we can look at the claim for you.""","[CUSTOMER 1059093] @VirginTrains don't use them as you will not get the refunds you are entitled to without being repeatedly asked the same questions!
[AGENT 1059091] @370052 Did you apply for the refund online? ^PA
[CUSTOMER 1059092] @VirginTrains Yes online. Then received several emails of nonsense. As yet, I have had no resolution to 6 claims.
[AGENT 1059094] @370052 Could you DM us and we can look at the claim for you. ^PA","[1059093, 1059091, 1059092, 1059094]"
case_1118892,train_retrieval,-1,long_5-8,week_2017-10-23,6,True,other,False,2017-10-24 05:04:30+00:00,116421,conv_1118892,@VirginTrains Morning Richard,"Type: other. Outcome: agent_closed. Brand agent turns: 3. Signals seen: other. Evidence: [tweet 1118887, other] ""Have a good day""","[CUSTOMER 1118892] @VirginTrains Morning Richard
[AGENT 1118891] @116421 Hi there Becky. Good sleep? ^RD
[CUSTOMER 1118890] @VirginTrains Not long enough!
[AGENT 1118889] @116421 Know what you mean ^RD
[CUSTOMER 1118888] @VirginTrains It’s so COLD! I’ll probably have a nap on the train to BHM! Hope they’re behaving themselves!
[AGENT 1118887] @116421 Have a good day ^RD","[1118892, 1118891, 1118890, 1118889, 1118888, 1118887]"
case_383778,train_retrieval,7,long_5-8,week_2017-10-23,5,False,unresolved,False,2017-10-24 06:17:22+00:00,318754,conv_383769,"@VirginTrains @206906 Now then, yesterday ^PA and ^LC claimed that they were actually working... but it seemed like ^LC was the main culprit... 😉","Type: unresolved. Outcome: customer_followup_unanswered. Brand agent turns: 2. Signals seen: other. Evidence: [tweet 1121060, other] ""I so do work!!""","[CUSTOMER 383778] @VirginTrains @206906 Now then, yesterday ^PA and ^LC claimed that they were actually working... but it seemed like ^LC was the main culprit... 😉
[AGENT 1121058] @318754 @206906 ^LC doesn't really work! ^MW
[CUSTOMER 1121059] @VirginTrains @206906 Didn’t take much convincing from the way ^PA kept going on about it 😁 ^CW
[AGENT 1121060] @318754 @206906 I so do work!! ^LC
[CUSTOMER 1124262] @VirginTrains @206906 Ahaha glad to hear it 😅 you might want to have a word with ^PA about that 😁","[383778, 1121058, 1121059, 1121060, 1124262]"
case_1123608,train_retrieval,9,medium_3-4,week_2017-10-23,4,True,clarification_requested,False,2017-10-24 07:38:34+00:00,384976,conv_1123608,@VirginTrains my sisters due to be on the 8.40 from Glasgow to Euston but her taxi drivers made her late. Can she get the 9.40?,"Type: clarification_requested. Outcome: agent_closed. Brand agent turns: 2. Signals seen: clarification_requested, other. Evidence: [tweet 1123606, clarification_requested] ""Oh no, is it an Advance ticket, Emily?""","[CUSTOMER 1123608] @VirginTrains my sisters due to be on the 8.40 from Glasgow to Euston but her taxi drivers made her late. Can she get the 9.40?
[AGENT 1123606] @384976 Oh no, is it an Advance ticket, Emily? ^MW
[CUSTOMER 1123607] @VirginTrains Thankfully she got a refund and rebooked onto the next train! Crisis over!
[AGENT 1123609] @384976 Glad to hear that, Emily ^MW","[1123608, 1123606, 1123607, 1123609]"
case_1123592,dev_calibration,8,medium_3-4,week_2017-10-23,4,False,information_provided,False,2017-10-24 07:40:13+00:00,384974,conv_1123592,"Shout out to the guy on desk 3 at @VirginTrains in Manchester - thanks for helping a girl out, you life saver 🙌🏼","Type: information_provided. Outcome: agent_answered_unconfirmed. Brand agent turns: 2. Signals seen: information_provided, clarification_requested. Evidence: [tweet 1123593, information_provided] ""Oh ok, thanks again Lottie 😃""","[CUSTOMER 1123592] Shout out to the guy on desk 3 at @VirginTrains in Manchester - thanks for helping a girl out, you life saver 🙌🏼
[AGENT 1123590] @384974 What a legend, did you get their name? ^MW
[CUSTOMER 1123591] @VirginTrains No 😢💔 just that he was on desk 3 at 8 this morning!
[AGENT 1123593] @384974 Oh ok, thanks again Lottie 😃 ^MW","[1123592, 1123590, 1123591, 1123593]"
case_1126651,dev_calibration,5,long_5-8,week_2017-10-23,7,False,unresolved,False,2017-10-24 10:00:28+00:00,385651,conv_1126651,Wtf is going on with trains?! @121516 @VirginTrains,"Type: unresolved. Outcome: customer_followup_unanswered. Brand agent turns: 3. Signals seen: clarification_requested, other. Evidence: [tweet 1126645, clarification_requested] ""Have you spoken to station staff regarding the delays?""","[CUSTOMER 1126651] Wtf is going on with trains?! @121516 @VirginTrains
[AGENT 1126650] @385651 Are we able to assist, Chesney? ^LC
[CUSTOMER 1126649] @VirginTrains Can you tell me why almost every train in and out of preston is delayed?
[AGENT 1126648] @385651 Which service are you due to travel on? ^LC
[CUSTOMER 1126647] @VirginTrains I’m not going on a virgin train, well I was meant to be to get to Wigan. I just wanna get to Liverpool!
[AGENT 1126645] @385651 Have you spoken to station staff regarding the delays? ^LC
[CUSTOMER 1126646] @VirginTrains No","[1126651, 1126650, 1126649, 1126648, 1126647, 1126645, 1126646]"
case_1130743,dev_calibration,10,medium_3-4,week_2017-10-23,4,False,self_service,True,2017-10-24 11:51:49+00:00,386485,conv_1130743,@VirginTrains I have 6 tickets to collect from machine but I think one of cards used to buy one has been changed ! Suggestions please,"Type: self_service. Outcome: redirected_to_channel. Brand agent turns: 2. Signals seen: redirected_to_dm, self_service, clarification_requested. Evidence: [tweet 1130742, redirected_to_dm] ""Could you DM us with the booking reference number please?""; [tweet 1130742, self_service] ""^MW https://t.co/hhfk9c3ylv""; [tweet 1130740, self_service] ""Just one for now 😃 ^MW https://t.co/hhfk9c3ylv""","[CUSTOMER 1130743] @VirginTrains I have 6 tickets to collect from machine but I think one of cards used to buy one has been changed ! Suggestions please
[AGENT 1130742] @386485 Could you DM us with the booking reference number please? ^MW https://t.co/hhfk9c3ylv
[CUSTOMER 1130741] @VirginTrains All of them ? 6
[AGENT 1130740] @386485 Just one for now 😃 ^MW https://t.co/hhfk9c3ylv","[1130743, 1130742, 1130741, 1130740]"
case_690191,train_retrieval,1,short_1-2,week_2017-10-23,2,True,information_provided,False,2017-10-24 12:57:09+00:00,284939,conv_690191,Train 1 hour late into London. Good delayrepay announcement on board @VirginTrains. Many around me didn’t know so v.helpful @125861,"Type: information_provided. Outcome: agent_closed. Brand agent turns: 1. Signals seen: information_provided. Evidence: [tweet 690190, information_provided] ""Glad to hear that, not so much about the delay though""","[CUSTOMER 690191] Train 1 hour late into London. Good delayrepay announcement on board @VirginTrains. Many around me didn’t know so v.helpful @125861
[AGENT 690190] @284939 @125861 Glad to hear that, not so much about the delay though ^MW","[690191, 690190]"
case_1153109,train_retrieval,5,long_5-8,week_2017-10-23,6,False,other,False,2017-10-24 17:02:16+00:00,318863,conv_1153109,A rare sad @VirginTrains fail. Just refused access to talk to the train manager of the 1807 Euston to Lime St by Mark. Staff training need.,"Type: other. Outcome: agent_awaiting_customer. Brand agent turns: 3. Signals seen: other. Evidence: [tweet 1153104, other] ""Ok Michael, we're sorry for your experience. We hope this isn't the case next time you travel?""","[CUSTOMER 1153109] A rare sad @VirginTrains fail. Just refused access to talk to the train manager of the 1807 Euston to Lime St by Mark. Staff training need.
[AGENT 1153108] @318863 Did they advise why, Michael? ^MM
[CUSTOMER 1153107] @VirginTrains No idea. Think he decided he wants to be a train manager when he grows up. Really disappointing abruptness.
[AGENT 1153106] @318863 Sorry to hear this, is there anything we can help with? ^HP
[CUSTOMER 1153105] @VirginTrains No, I tell you when you’re great so I’ll also tell you when you’re poor
[AGENT 1153104] @318863 Ok Michael, we're sorry for your experience. We hope this isn't the case next time you travel? ^HP","[1153109, 1153108, 1153107, 1153106, 1153105, 1153104]"
case_1201016,train_retrieval,11,short_1-2,week_2017-10-23,2,True,other,False,2017-10-25 06:11:06+00:00,402208,conv_1201016,"There's summat to be said @virgintrains about travelling in style for work. Functioning wifi, filter coffee on tap &amp; a breakfast grill. 👍🚉 https://t.co/rdXpG0Rixe","Type: other. Outcome: agent_closed. Brand agent turns: 1. Signals seen: other. Evidence: [tweet 1201015, other] ""You know it Andrew. Enjoy!""","[CUSTOMER 1201016] There's summat to be said @virgintrains about travelling in style for work. Functioning wifi, filter coffee on tap &amp; a breakfast grill. 👍🚉 https://t.co/rdXpG0Rixe
[AGENT 1201015] @402208 You know it Andrew. Enjoy! ^MW","[1201016, 1201015]"
case_1192013,train_retrieval,11,medium_3-4,week_2017-10-23,3,True,information_provided,False,2017-10-25 07:51:15+00:00,400168,conv_1192013,Dearest @VirginTrains is there a way of stopping your Wi-fi logging off everytime my phone screen locks?! #thanks,"Type: information_provided. Outcome: customer_confirmed. Brand agent turns: 1. Signals seen: information_provided. Evidence: [tweet 1192011, information_provided] ""Afraid not, I know it's annoying though 😞""","[CUSTOMER 1192013] Dearest @VirginTrains is there a way of stopping your Wi-fi logging off everytime my phone screen locks?! #thanks
[AGENT 1192011] @400168 Afraid not, I know it's annoying though 😞 ^MW
[CUSTOMER 1192012] @VirginTrains Thanks anyway!","[1192013, 1192011, 1192012]"
case_1210086,train_retrieval,1,medium_3-4,week_2017-10-23,3,False,other,False,2017-10-25 11:15:20+00:00,233929,conv_1210086,@VirginTrains  what’s happening with Leeds to London trains on Saturday? What is quickest route?,"Type: other. Outcome: redirected_to_channel. Brand agent turns: 1. Signals seen: other. Evidence: [tweet 1210084, other] ""Can @120576 assist please?""","[CUSTOMER 1210086] @VirginTrains what’s happening with Leeds to London trains on Saturday? What is quickest route?
[AGENT 1210084] @233929 Can @120576 assist please? ^MW
[OTHER-AGENT 1210085] @VirginTrains @233929 Services are being affected by @115793 engineering, you can find more info on that here: https://t.co/lPo7aK4sru ^JW","[1210086, 1210084, 1210085]"
case_1210940,train_retrieval,3,short_1-2,week_2017-10-23,2,False,compensation,True,2017-10-25 11:44:43+00:00,357446,conv_1210940,@VirginTrains Fed up with compensation process for delayed journey! Qualified for the auto refund but never received refund. Tweeted &amp; advised to do it manually. Went to all that trouble 11 days ago and still nothing other than automated email acknowledging application,"Type: compensation. Outcome: redirected_to_dm. Brand agent turns: 1. Signals seen: compensation, redirected_to_dm, escalated, clarification_requested. Evidence: [tweet 1210939, compensation] ""It can take up to 28 days for delay repay to be issued.""; [tweet 1210939, redirected_to_dm] ""Can you DM us your email address and we can look into this?""","[CUSTOMER 1210940] @VirginTrains Fed up with compensation process for delayed journey! Qualified for the auto refund but never received refund. Tweeted &amp; advised to do it manually. Went to all that trouble 11 days ago and still nothing other than automated email acknowledging application
[AGENT 1210939] @357446 Can you DM us your email address and we can look into this? It can take up to 28 days for delay repay to be issued. ^BT","[1210940, 1210939]"
case_1201664,train_retrieval,5,short_1-2,week_2017-10-23,2,False,redirected_to_other_operator,False,2017-10-25 13:04:39+00:00,402344,conv_1201664,Thanks to the really unhelpful women at Newcastle train station @VirginTrains 😫😫,"Type: redirected_to_other_operator. Outcome: agent_answered_unconfirmed. Brand agent turns: 1. Signals seen: redirected_to_other_operator. Evidence: [tweet 1201663, redirected_to_other_operator] ""Hi Emma, we'll pass this over to our friends at @120576 as they operate this station""","[CUSTOMER 1201664] Thanks to the really unhelpful women at Newcastle train station @VirginTrains 😫😫
[AGENT 1201663] @402344 Hi Emma, we'll pass this over to our friends at @120576 as they operate this station ^HP","[1201664, 1201663]"
case_1223801,dev_calibration,7,short_1-2,week_2017-10-23,2,False,information_provided,False,2017-10-25 15:41:28+00:00,407089,conv_1223801,"@VirginTrains I have DM you regarding an issue I am having at Euston, it would be great if someone can get back to me.","Type: information_provided. Outcome: agent_answered_unconfirmed. Brand agent turns: 1. Signals seen: information_provided. Evidence: [tweet 1223800, information_provided] ""Hi Ian, we'll respond as soon as possible, thanks""","[CUSTOMER 1223801] @VirginTrains I have DM you regarding an issue I am having at Euston, it would be great if someone can get back to me.
[AGENT 1223800] @407089 Hi Ian, we'll respond as soon as possible, thanks ^HP","[1223801, 1223800]"
case_617615,dev_calibration,2,very_long_9+,week_2017-10-23,9,True,information_provided,False,2017-10-25 16:17:34+00:00,266547,conv_617616,@VirginTrains I’m guessing there’s no indication of how long the lines might be blocked?,"Type: information_provided. Outcome: customer_confirmed. Brand agent turns: 4. Signals seen: information_provided. Evidence: [tweet 617613, information_provided] ""Apologies, we are awaiting further updates on this at the moment""; [tweet 617612, information_provided] ""We'd advise speaking to station staff who will be able to provide further advice on the alternative routes you can take""; [tweet 617610, information_provided] ""however, services are expected to resume shortly""; [tweet 617607, information_provided] ""Great to hear, hope you're on the move shortly""","[CUSTOMER 617615] @VirginTrains I’m guessing there’s no indication of how long the lines might be blocked?
[AGENT 617613] @266547 Apologies, we are awaiting further updates on this at the moment ^HP
[CUSTOMER 617614] @VirginTrains Thanks
[CUSTOMER 617611] @VirginTrains Announcements saying I can get a train from St P to Crewe - the Nat Rail journey planner only shows via Euston - Which svs would it be?
[AGENT 617612] @266547 1/2 We'd advise speaking to station staff who will be able to provide further advice on the alternative routes you can take
[AGENT 617610] @266547 2/2 however, services are expected to resume shortly ^HP
[CUSTOMER 617609] @VirginTrains Thanks for your help, I’m now on the Holyhead train just waiting to move - win!
[AGENT 617607] @266547 Great to hear, hope you're on the move shortly ^HP
[CUSTOMER 617608] @VirginTrains I am, thanks for all your help tonight, we appreciate it! (Although this will be my 3rd full delay repay in 6 weeks).","[617615, 617613, 617614, 617611, 617612, 617610, 617609, 617607, 617608]"
case_1215927,train_retrieval,1,short_1-2,week_2017-10-23,1,False,unresolved,False,2017-10-25 17:06:14+00:00,405319,conv_1215921,"@VirginTrains @282118 @122155 @120244 I need to do this journey too. But natrail, trainline + @122155 websites all saying need to change at Euston?",Brand never replied in the public thread (outcome: no_response).,"[CUSTOMER 1215927] @VirginTrains @282118 @122155 @120244 I need to do this journey too. But natrail, trainline + @122155 websites all saying need to change at Euston?",[1215927]
case_1237017,train_retrieval,3,short_1-2,week_2017-10-23,2,False,self_service,False,2017-10-25 18:55:48+00:00,410154,conv_1237017,@VirginTrains was sat on the 16:57 to glasgow central (going to tamworth) from euston when it was cancelled. Went from st pancras on same ticket but late home by 2 hours. Can i still claim compensation?,"Type: self_service. Outcome: redirected_to_channel. Brand agent turns: 1. Signals seen: self_service. Evidence: [tweet 1237016, self_service] ""Hi Thomas, you can indeed, please use our online form here: https://t.co/zVrGYo0PU1""","[CUSTOMER 1237017] @VirginTrains was sat on the 16:57 to glasgow central (going to tamworth) from euston when it was cancelled. Went from st pancras on same ticket but late home by 2 hours. Can i still claim compensation?
[AGENT 1237016] @410154 Hi Thomas, you can indeed, please use our online form here: https://t.co/zVrGYo0PU1 ^HP","[1237017, 1237016]"
case_1237015,train_retrieval,9,medium_3-4,week_2017-10-23,4,False,feedback_acknowledged,False,2017-10-25 18:56:05+00:00,409690,conv_1237015,@VirginTrains I'm on the 19.30 from Birmingham to London - any chance you can sort the air con - it's boiling!,"Type: feedback_acknowledged. Outcome: customer_followup_unanswered. Brand agent turns: 1. Signals seen: feedback_acknowledged. Evidence: [tweet 1237012, feedback_acknowledged] ""We'll pass your comments on regarding this to our Fleet Team""","[CUSTOMER 1237015] @VirginTrains I'm on the 19.30 from Birmingham to London - any chance you can sort the air con - it's boiling!
[AGENT 1237012] @409690 We'll pass your comments on regarding this to our Fleet Team ^MM
[CUSTOMER 1237014] @VirginTrains Plz do, it's getting hotter!!!
[CUSTOMER 1237013] @VirginTrains In coach D particularly!","[1237015, 1237012, 1237014, 1237013]"
case_1229926,train_retrieval,10,medium_3-4,week_2017-10-23,3,False,feedback_acknowledged,False,2017-10-25 20:31:30+00:00,408468,conv_1229926,@VirginTrains new app shocking! Doesn’t let me save journeys or keep recents. And have to enter card details in every time. Sort it out pls!,"Type: feedback_acknowledged. Outcome: customer_followup_unanswered. Brand agent turns: 1. Signals seen: feedback_acknowledged. Evidence: [tweet 1229924, feedback_acknowledged] ""We'll certainly pass your comments on, James""","[CUSTOMER 1229926] @VirginTrains new app shocking! Doesn’t let me save journeys or keep recents. And have to enter card details in every time. Sort it out pls!
[AGENT 1229924] @408468 We'll certainly pass your comments on, James ^HP
[CUSTOMER 1229925] @VirginTrains am I missing something? I can’t believe something so basic was missed off? It’s awful! Might go #Trainline after all these yrs","[1229926, 1229924, 1229925]"
case_1231585,train_retrieval,2,short_1-2,week_2017-10-23,2,False,other,False,2017-10-25 21:04:17+00:00,408877,conv_1231585,Despite the delays @VirginTrains were great tonight. Home late but safe and well looked after.,"Type: other. Outcome: agent_answered_unconfirmed. Brand agent turns: 1. Signals seen: other. Evidence: [tweet 1231584, other] ""Thanks for your comments, Dave""","[CUSTOMER 1231585] Despite the delays @VirginTrains were great tonight. Home late but safe and well looked after.
[AGENT 1231584] @408877 Thanks for your comments, Dave ^MM","[1231585, 1231584]"
case_1241931,train_retrieval,0,short_1-2,week_2017-10-23,2,True,information_provided,False,2017-10-25 22:28:43+00:00,411327,conv_1241931,@VirginTrains the amazing Hussain and Wimpini are looking after me so well #lucky #spoiled,"Type: information_provided. Outcome: agent_closed. Brand agent turns: 1. Signals seen: information_provided. Evidence: [tweet 1241930, information_provided] ""Glad to hear it! Thanks for your comments, Fiona""","[CUSTOMER 1241931] @VirginTrains the amazing Hussain and Wimpini are looking after me so well #lucky #spoiled
[AGENT 1241930] @411327 Glad to hear it! Thanks for your comments, Fiona ^MM","[1241931, 1241930]"
case_1257864,train_retrieval,8,short_1-2,week_2017-10-23,2,True,feedback_acknowledged,False,2017-10-26 07:45:58+00:00,414684,conv_1257864,@VirginTrains Was On Oxenholme station earlier about to catch 7.24 to London and like to thank David K for kind help and assistance.,"Type: feedback_acknowledged. Outcome: agent_closed. Brand agent turns: 1. Signals seen: feedback_acknowledged. Evidence: [tweet 1257863, feedback_acknowledged] ""We'll be sure to pass this on.""","[CUSTOMER 1257864] @VirginTrains Was On Oxenholme station earlier about to catch 7.24 to London and like to thank David K for kind help and assistance.
[AGENT 1257863] @414684 That's great to hear Suzie. We'll be sure to pass this on. ^BT","[1257864, 1257863]"
case_1262751,train_retrieval,11,long_5-8,week_2017-10-23,6,False,information_provided,False,2017-10-26 11:03:34+00:00,415747,conv_1262751,@VirginTrains I’ve just spent £10 on your WiFi and it’s absolutely terrible. What a disgrace. Much much slower than a 3G connection!,"Type: information_provided. Outcome: agent_answered_unconfirmed. Brand agent turns: 3. Signals seen: information_provided, clarification_requested. Evidence: [tweet 1263182, information_provided] ""I see, might be worth a call to the support team on 0330 088 1271 about this""","[CUSTOMER 1262751] @VirginTrains I’ve just spent £10 on your WiFi and it’s absolutely terrible. What a disgrace. Much much slower than a 3G connection!
[AGENT 1262752] @415747 Hi Stephen. What service are you travelling on?^BT
[CUSTOMER 1262748] @VirginTrains You can’t charge £10 for this!!!!! https://t.co/Nt5Fft9CLZ
[AGENT 1262747] @415747 Which service are you on today, Stephen? ^MW
[CUSTOMER 1262753] @VirginTrains The 12.40 from Euston to Manchester Piccadilly
[AGENT 1263182] @415747 I see, might be worth a call to the support team on 0330 088 1271 about this ^MW","[1262751, 1262752, 1262748, 1262747, 1262753, 1263182]"
case_1267900,train_retrieval,-1,short_1-2,week_2017-10-23,2,False,compensation,False,2017-10-26 13:12:27+00:00,131604,conv_1267900,Well done @VirginTrains https://t.co/xfeCidICHR,"Type: compensation. Outcome: agent_answered_unconfirmed. Brand agent turns: 1. Signals seen: compensation. Evidence: [tweet 1267899, compensation] ""All credit goes to @120576.""","[CUSTOMER 1267900] Well done @VirginTrains https://t.co/xfeCidICHR
[AGENT 1267899] @131604 All credit goes to @120576. Great idea guys! ❤️ ^MW","[1267900, 1267899]"
case_1282617,train_retrieval,-3,medium_3-4,week_2017-10-23,4,True,escalated,False,2017-10-26 17:37:39+00:00,175822,conv_1282617,@VirginTrains Thomas cook,"Type: escalated. Outcome: customer_confirmed. Brand agent turns: 2. Signals seen: escalated, self_service, clarification_requested. Evidence: [tweet 1282614, escalated] ""This can be escalated further with Customer Relations via the online complaints link - https://t.co/defVVyp5ZM""","[AGENT 1282617] @175822 Where did you book the tickets? ^MM
[CUSTOMER 1282616] @VirginTrains Thomas cook
[AGENT 1282614] @175822 This can be escalated further with Customer Relations via the online complaints link - https://t.co/defVVyp5ZM ^MM
[CUSTOMER 1282615] @VirginTrains Done, thank you .","[1282617, 1282616, 1282614, 1282615]"
case_1290658,train_retrieval,0,short_1-2,week_2017-10-23,2,False,self_service,False,2017-10-26 20:18:34+00:00,135630,conv_1290658,That feeling of happiness when you remember you’ve got an Uglies left over from @VirginTrains https://t.co/HHpnZkAudc,"Type: self_service. Outcome: redirected_to_channel. Brand agent turns: 1. Signals seen: self_service. Evidence: [tweet 1290657, self_service] ""😂😂😂 ^MM https://t.co/xN4p7nYwRL""","[CUSTOMER 1290658] That feeling of happiness when you remember you’ve got an Uglies left over from @VirginTrains https://t.co/HHpnZkAudc
[AGENT 1290657] @135630 😂😂😂 ^MM https://t.co/xN4p7nYwRL","[1290658, 1290657]"
case_1320750,train_retrieval,7,long_5-8,week_2017-10-23,5,False,unresolved,False,2017-10-27 09:00:08+00:00,428380,conv_1320750,@VirginTrains Feel like we're playing 'how long can you ignore me' game with your customer support reg a claim.  So far no help for 3 weeks,"Type: unresolved. Outcome: customer_followup_unanswered. Brand agent turns: 2. Signals seen: clarification_requested, other. Evidence: [tweet 1320746, other] ""Could we take this reference number please?""","[CUSTOMER 1320750] @VirginTrains Feel like we're playing 'how long can you ignore me' game with your customer support reg a claim. So far no help for 3 weeks
[AGENT 1320749] @428380 Have you received any VT reference (beginning ""VT-"")? ^CB
[CUSTOMER 1320748] @VirginTrains @120576 Oh yes. Got auto thing followed by request of paper ticket scan (used mobile app) &amp; then lots of silence.
[AGENT 1320746] @428380 @120576 Could we take this reference number please? ^CB
[CUSTOMER 1320747] @VirginTrains @120576 First time attempt VTN-171010BBGC","[1320750, 1320749, 1320748, 1320746, 1320747]"
case_1324089,train_retrieval,8,short_1-2,week_2017-10-23,1,False,unresolved,False,2017-10-27 11:36:10+00:00,426736,conv_1324085,@VirginTrains Combination of incident this morning now this and still not in London @115793 @VirginTrains #commutingsucks,Brand never replied in the public thread (outcome: no_response).,[CUSTOMER 1324089] @VirginTrains Combination of incident this morning now this and still not in London @115793 @VirginTrains #commutingsucks,[1324089]
case_1327336,dev_calibration,1,short_1-2,week_2017-10-23,1,False,unresolved,False,2017-10-27 12:02:42+00:00,429688,conv_1327335,@359517 @VirginTrains Can't get into Manchester Piccadilly either Helen because all the trains are backed up.,Brand never replied in the public thread (outcome: no_response).,[CUSTOMER 1327336] @359517 @VirginTrains Can't get into Manchester Piccadilly either Helen because all the trains are backed up.,[1327336]
case_1330493,train_retrieval,3,medium_3-4,week_2017-10-23,4,False,unresolved,False,2017-10-27 12:27:16+00:00,430393,conv_1330493,Avoid the @virgintrains route from Manchester to London. Suspensions due incident I understand. incorrectly rerouted and had to pay #delays,"Type: unresolved. Outcome: customer_followup_unanswered. Brand agent turns: 1. Signals seen: clarification_requested. Evidence: [tweet 1330490, clarification_requested] ""You shouldn't have had to pay, where was that from?""","[CUSTOMER 1330493] Avoid the @virgintrains route from Manchester to London. Suspensions due incident I understand. incorrectly rerouted and had to pay #delays
[AGENT 1330490] @430393 You shouldn't have had to pay, where was that from? ^PA
[CUSTOMER 1330492] @VirginTrains Leeds train refused us. XC to Birmingham said had to pay.
[CUSTOMER 1330491] @VirginTrains From Manchester Picc","[1330493, 1330490, 1330492, 1330491]"
case_1332177,train_retrieval,0,medium_3-4,week_2017-10-23,3,False,redirected_to_other_operator,False,2017-10-27 13:05:01+00:00,430780,conv_1332177,@VirginTrains @VirginTrains please sort it out before I melt into a puddle with my M&amp;Ms,"Type: redirected_to_other_operator. Outcome: agent_answered_unconfirmed. Brand agent turns: 1. Signals seen: redirected_to_other_operator. Evidence: [tweet 1332175, redirected_to_other_operator] ""Sounds like you're travelling with @120576""","[CUSTOMER 1332177] @VirginTrains @VirginTrains please sort it out before I melt into a puddle with my M&amp;Ms
[AGENT 1332175] @430780 Sounds like you're travelling with @120576 ^MM
[OTHER-AGENT 1332176] @VirginTrains @430780 Hi Izzy, this is actually one for @121428 ^MS","[1332177, 1332175, 1332176]"
case_799111,train_retrieval,1,medium_3-4,week_2017-10-23,4,False,clarification_requested,False,2017-10-27 14:32:36+00:00,310491,conv_799111,@VirginTrains is the train sat on platform 13 from London Euston to Manchester leaving soon?,"Type: clarification_requested. Outcome: agent_awaiting_customer. Brand agent turns: 2. Signals seen: clarification_requested. Evidence: [tweet 799109, clarification_requested] ""Hi Charlotte, we're awaiting further updates on the departure of this service, are you onboard yet?""; [tweet 799112, clarification_requested] ""Sorry Charlotte, can you confirm what service your on?""","[CUSTOMER 799111] @VirginTrains is the train sat on platform 13 from London Euston to Manchester leaving soon?
[AGENT 799109] @310491 Hi Charlotte, we're awaiting further updates on the departure of this service, are you onboard yet? ^HP
[CUSTOMER 799110] @VirginTrains @VirginTrains Yes, what time is it due to arrive at Macclesfield?
[AGENT 799112] @310491 Sorry Charlotte, can you confirm what service your on? ^BT","[799111, 799109, 799110, 799112]"
case_1337589,train_retrieval,9,long_5-8,week_2017-10-23,8,False,unresolved,False,2017-10-27 14:39:12+00:00,431992,conv_1337595,"@nationalrailenq Can advise on alternative route from London to Macclesfield, please?","Brand never replied in the public thread (outcome: redirected_to_channel). Another operator's account replied, but the brand did not.","[CUSTOMER 1337589] @nationalrailenq Can advise on alternative route from London to Macclesfield, please?
[OTHER-AGENT 1337587] @431992 Hi Victoria, there is ticket acceptance via Marylebone &amp; Birmingham Moor St: https://t.co/uP7x0O19TJ
[CUSTOMER 1337588] @nationalrailenq There doesn't seem to be trains from Moor St to Macclesfield. Do you think it's best to just get the delayed train from Euston?
[OTHER-AGENT 1337590] @431992 Trains don't run Moor St - Macclesfield. You would need to go from Moor Street to New Street station to continue.
[CUSTOMER 1337591] @nationalrailenq Is it feasible to get on the delayed train at Euston? Because that takes over twice as long
[OTHER-AGENT 1337592] @431992 You can, trains on this route may be delayed by up to 90 minutes or cancelled because of the disruption.
[CUSTOMER 1337593] @nationalrailenq Can we travel from St Pancras to Sheffield to Stockport to Macclesfield? This link said so but just want to check https://t.co/i4wpDsSFrw
[OTHER-AGENT 1337594] @431992 No, this document is from engineering work earlier this year. Ticket acceptance for this disruption is here: https://t.co/uP7x0O19TJ","[1337589, 1337587, 1337588, 1337590, 1337591, 1337592, 1337593, 1337594]"
case_1344932,train_retrieval,2,medium_3-4,week_2017-10-23,3,False,unresolved,False,2017-10-27 16:26:47+00:00,299473,conv_1344932,@VirginTrains any chance you guys could provide some stops Berkhamsted to MK on your already delayed services to clear some passengers EUS?,"Type: unresolved. Outcome: customer_followup_unanswered. Brand agent turns: 1. Signals seen: clarification_requested. Evidence: [tweet 1344930, clarification_requested] ""Hi Rob, which service are you travelling on?""","[CUSTOMER 1344932] @VirginTrains any chance you guys could provide some stops Berkhamsted to MK on your already delayed services to clear some passengers EUS?
[AGENT 1344930] @299473 Hi Rob, which service are you travelling on? ^HP
[CUSTOMER 1344931] @VirginTrains Not on any, waiting at EUS in the vain hope LM start to run something soon.","[1344932, 1344930, 1344931]"
case_1344907,train_retrieval,1,medium_3-4,week_2017-10-23,3,False,compensation,False,2017-10-27 16:33:23+00:00,318585,conv_1344907,"16.47 train from Liverpool set off at 17.29. Hot, crowded, dirty, late. Do we congratulate @virgintrains? It's quite a feat. #virgintrains","Type: compensation. Outcome: redirected_to_channel. Brand agent turns: 2. Signals seen: compensation, self_service, feedback_acknowledged. Evidence: [tweet 1344906, compensation] ""You can claim for delay repay here https://t.co/vW1tTPEKa5""","[CUSTOMER 1344907] 16.47 train from Liverpool set off at 17.29. Hot, crowded, dirty, late. Do we congratulate @virgintrains? It's quite a feat. #virgintrains
[AGENT 1344908] @318585 Sorry for this experience today. We will be sure to pass your comments on.
[AGENT 1344906] @318585 You can claim for delay repay here https://t.co/vW1tTPEKa5 ^BT","[1344907, 1344908, 1344906]"
case_1349589,dev_calibration,8,long_5-8,week_2017-10-23,7,True,clarification_requested,True,2017-10-27 17:30:08+00:00,434715,conv_1349589,"@VirginTrains hi, I have a travel emergency Run-Eus on Monday. Can I DM you to discuss?","Type: clarification_requested. Outcome: customer_confirmed. Brand agent turns: 2. Signals seen: redirected_to_dm, clarification_requested. Evidence: [tweet 1349586, redirected_to_dm] ""Yes, we are experiencing a high volume of Tweets and DM's so please bear with us, we will respond.""; [tweet 1349590, clarification_requested] ""Could you send this again?""","[CUSTOMER 1349589] @VirginTrains hi, I have a travel emergency Run-Eus on Monday. Can I DM you to discuss?
[AGENT 1349586] @434715 Yes, we are experiencing a high volume of Tweets and DM's so please bear with us, we will respond. ^BT
[CUSTOMER 1349587] @VirginTrains Thanks for the response Ive dm’d you.
[CUSTOMER 1349588] @VirginTrains Hi, I sent you a dm 13hrs ago that you said you would respond too. It’s very urgent regarding travel on Monday.
[AGENT 1349590] @434715 We received an extremely high volume of messages over the last 24 hours. Apologies if this was missed. Could you send this again?
[CUSTOMER 1349592] @VirginTrains Thanks. Sending now
[CUSTOMER 1349591] @VirginTrains Sent. Thank you.","[1349589, 1349586, 1349587, 1349588, 1349590, 1349592, 1349591]"
case_1353838,train_retrieval,1,medium_3-4,week_2017-10-23,4,False,redirected_to_dm,True,2017-10-27 18:02:56+00:00,435713,conv_1353838,@VirginTrains your train manager on the 16:55 Mcr-Lon needs to learn some customer service skills,"Type: redirected_to_dm. Outcome: redirected_to_channel. Brand agent turns: 2. Signals seen: redirected_to_dm, self_service, other. Evidence: [tweet 1353839, redirected_to_dm] ""Please drop us a message via the link below.""","[CUSTOMER 1353838] @VirginTrains your train manager on the 16:55 Mcr-Lon needs to learn some customer service skills
[AGENT 1353836] @435713 Not great to hear, Chris, is there anything we can help with? ^HP
[CUSTOMER 1353837] @VirginTrains Pls follow so I can DM
[AGENT 1353839] @435713 Please drop us a message via the link below. Thanks ^HP https://t.co/hhfk9c3ylv","[1353838, 1353836, 1353837, 1353839]"
case_1295245,train_retrieval,1,very_long_9+,week_2017-10-23,10,True,information_provided,False,2017-10-27 20:17:58+00:00,422789,conv_1295245,@VirginTrains my 2110 train wad cancelled from birmingham new street. Was rejected at moor street too. How will you help me?,"Type: information_provided. Outcome: agent_closed. Brand agent turns: 5. Signals seen: information_provided, clarification_requested, other. Evidence: [tweet 1295240, information_provided] ""Sorry to hear that. You will be able to use your ticket tomorrow as we have acceptance in place due to today's disruption""; [tweet 1295239, information_provided] ""No problem, apologies again for the inconvenience caused today""","[CUSTOMER 1295245] @VirginTrains my 2110 train wad cancelled from birmingham new street. Was rejected at moor street too. How will you help me?
[AGENT 1295244] @422789 Where are you travelling to? ^BT
[CUSTOMER 1295243] @VirginTrains London euston
[AGENT 1295242] @422789 Which station are you at now please? ^HP
[CUSTOMER 1295241] @VirginTrains I left as there was no train getting me to London at a decent hour. I now have to find a ticket for tomorrow
[AGENT 1295240] @422789 Sorry to hear that. You will be able to use your ticket tomorrow as we have acceptance in place due to today's disruption ^HP
[CUSTOMER 1295238] @VirginTrains I can use my ticket at any time?
[AGENT 1295236] @422789 Any time today or tomorrow. ^BT
[CUSTOMER 1295237] @VirginTrains Great. Thank you!
[AGENT 1295239] @422789 No problem, apologies again for the inconvenience caused today ^HP","[1295245, 1295244, 1295243, 1295242, 1295241, 1295240, 1295238, 1295236, 1295237, 1295239]"
case_1295259,dev_calibration,2,long_5-8,week_2017-10-23,6,True,compensation,False,2017-10-27 20:44:52+00:00,422791,conv_1295259,@VirginTrains please explain why you are failing to deliver your transportation from London from Euston. 2100 canceled 2140 delayed I need to get back to Manchester,"Type: compensation. Outcome: customer_confirmed. Brand agent turns: 2. Signals seen: compensation, self_service, information_provided. Evidence: [tweet 1295253, compensation] ""You can claim delay repay here https://t.co/GrECwUXkUN""","[CUSTOMER 1295259] @VirginTrains please explain why you are failing to deliver your transportation from London from Euston. 2100 canceled 2140 delayed I need to get back to Manchester
[AGENT 1295257] @422791 This is due to an incident earlier today Adam. 21:40 is currently stood at the platform awaiting departure. ^BT
[CUSTOMER 1295255] @VirginTrains Thanks That’s great! I’m on the train but doesn’t take into account the inconvenience it’s caused me
[CUSTOMER 1295258] @VirginTrains Nor was there an a apology
[AGENT 1295253] @422791 Please accept our apologies in this Adam. You can claim delay repay here https://t.co/GrECwUXkUN ^BT
[CUSTOMER 1295254] @VirginTrains Thanks for your reply","[1295259, 1295257, 1295255, 1295258, 1295253, 1295254]"
case_1364964,train_retrieval,10,long_5-8,week_2017-10-23,6,True,escalated,False,2017-10-27 21:22:56+00:00,429670,conv_1364964,@VirginTrains was told by yourselves (BT) that ticket EUS-LIV will be valid 2moro but I didn't collect. Will station staff be able to help?,"Type: escalated. Outcome: customer_confirmed. Brand agent turns: 3. Signals seen: escalated, information_provided. Evidence: [tweet 1364962, escalated] ""need to look into this further for you if you have any issues collecting from the machine tomorrow""","[CUSTOMER 1364964] @VirginTrains was told by yourselves (BT) that ticket EUS-LIV will be valid 2moro but I didn't collect. Will station staff be able to help?
[AGENT 1364967] @429670 1/2 Hi Mark, they will be but if you've not collected your tickets today then we would advise speaking to staff, as they'll
[AGENT 1364962] @429670 2/2 need to look into this further for you if you have any issues collecting from the machine tomorrow ^HP
[CUSTOMER 1364963] @VirginTrains So the machine might still work?
[AGENT 1364965] @429670 It might not let you print them as the tickets will have expired, but you'd be best to speak to staff if this is the case ^HP
[CUSTOMER 1364966] @VirginTrains Ok thanks for your help.","[1364964, 1364967, 1364962, 1364963, 1364965, 1364966]"
case_1387826,train_retrieval,5,very_long_9+,week_2017-10-23,12,False,self_service,False,2017-10-28 10:07:24+00:00,442907,conv_1387826,Worst over crowding on a train I’ve ever seen! Sort it out @VirginTrains,"Type: self_service. Outcome: agent_answered_unconfirmed. Brand agent turns: 6. Signals seen: self_service, information_provided, clarification_requested, other. Evidence: [tweet 1387822, self_service] ""please get in touch through our website: https://t.co/DrlftRhrKv""","[CUSTOMER 1387826] Worst over crowding on a train I’ve ever seen! Sort it out @VirginTrains
[AGENT 1387824] @442907 Which service are you on today? ^CB
[CUSTOMER 1387817] @VirginTrains Crewe to Liverpool lime street 10:47. People asked to get off to get on the Liverpool South Park way train!! No space at all.
[CUSTOMER 1387825] @VirginTrains Look at that! https://t.co/Do4jKvf3KF
[AGENT 1387815] @442907 This service is full as there are no other local services in operation from Crewe today ^CB
[CUSTOMER 1387816] @VirginTrains No trains lads? https://t.co/SIUkiVy2CA
[AGENT 1387818] @442907 No trains from Crewe to Liverpool ^CB
[CUSTOMER 1387819] @VirginTrains Lads????
[AGENT 1387820] @442907 Is there anything further we cna help you with Scott? ^CB
[CUSTOMER 1387821] @VirginTrains Yeah free travel next time for fact you said there isn’t any trains when there clearly was and the fact the train was massively oversold!
[AGENT 1387822] @442907 2/2 please get in touch through our website: https://t.co/DrlftRhrKv ^CB
[AGENT 1387823] @442907 As I say there were no local services in operation between Crewe and Liverpool. If you're unhappy with your experience 1/2","[1387826, 1387824, 1387817, 1387825, 1387815, 1387816, 1387818, 1387819, 1387820, 1387821, 1387822, 1387823]"
case_1390398,train_retrieval,10,long_5-8,week_2017-10-23,5,False,refund,False,2017-10-28 11:31:36+00:00,443408,conv_1390398,"@VirginTrains Hi, im traveling tomoz  and I've realised I'm without my railcard. I've managed to get a photo of it sent to me.Will it be ok?","Type: refund. Outcome: agent_answered_unconfirmed. Brand agent turns: 3. Signals seen: refund, information_provided, clarification_requested. Evidence: [tweet 1390399, refund] ""You'd be asked to purchase a new ticket which you can have refunded at a later date 1/2""; [tweet 1390395, refund] ""You'd be ok to purchase these on the train, and staff can advise on the refund process""","[CUSTOMER 1390398] @VirginTrains Hi, im traveling tomoz and I've realised I'm without my railcard. I've managed to get a photo of it sent to me.Will it be ok?
[AGENT 1390399] @443408 This wouldn't be accepted I'm afraid. You'd be asked to purchase a new ticket which you can have refunded at a later date 1/2
[AGENT 1390397] @443408 2/2 at one of our ticket offices if you can provide the original and excess fare and Railcard ^CB
[CUSTOMER 1390396] @VirginTrains @VirginTrains ok. Should I buy new tickets in a ticket office? Or will I be ok buying on the train?
[AGENT 1390395] @443408 You'd be ok to purchase these on the train, and staff can advise on the refund process ^CB","[1390398, 1390399, 1390397, 1390396, 1390395]"
case_1390797,train_retrieval,8,short_1-2,week_2017-10-23,2,False,other,False,2017-10-28 11:57:00+00:00,443497,conv_1390797,On route to London for the @443498 Dinner Dance on @VirginTrains  @57845,"Type: other. Outcome: agent_answered_unconfirmed. Brand agent turns: 1. Signals seen: other. Evidence: [tweet 1390795, other] ""Welcome onboard!""","[CUSTOMER 1390797] On route to London for the @443498 Dinner Dance on @VirginTrains @57845
[AGENT 1390795] @443497 @443498 @57845 Welcome onboard! ^CB","[1390797, 1390795]"
case_1391109,train_retrieval,4,medium_3-4,week_2017-10-23,3,True,information_provided,False,2017-10-28 11:59:18+00:00,370965,conv_1391109,So myself and @443554 are on the @VirginTrains service to #Manchester in #firstclass,"Type: information_provided. Outcome: customer_confirmed. Brand agent turns: 1. Signals seen: information_provided. Evidence: [tweet 1391106, information_provided] ""Oooh very nice! Welcome onboard both!""","[CUSTOMER 1391109] So myself and @443554 are on the @VirginTrains service to #Manchester in #firstclass
[AGENT 1391106] @370965 @443554 Oooh very nice! Welcome onboard both! ^CB
[CUSTOMER 1391107] @VirginTrains @443554 Thank you 😊 we are very comfortable and happy right now.","[1391109, 1391106, 1391107]"
case_1391674,train_retrieval,9,long_5-8,week_2017-10-23,6,False,redirected_to_other_operator,False,2017-10-28 12:23:57+00:00,443672,conv_1391674,"@120576 Hello, can my off-peak single from Manchester to Glasgow be used on the 13.15 tomorrow? Thanks!","Type: redirected_to_other_operator. Outcome: customer_followup_unanswered. Brand agent turns: 1. Signals seen: redirected_to_other_operator. Evidence: [tweet 1391669, redirected_to_other_operator] ""I can't see a direct 13:15 service.""","[CUSTOMER 1391674] @120576 Hello, can my off-peak single from Manchester to Glasgow be used on the 13.15 tomorrow? Thanks!
[OTHER-AGENT 1391673] @443672 This'll be one to ask @VirginTrains Niamh, but I believe all peak restrictions are lifted on weekends. ^MS
[CUSTOMER 1391672] @120576 @VirginTrains Aw ok, thanks
[AGENT 1391669] @443672 @120576 I can't see a direct 13:15 service. @242596 manage those and should be able to confirm ^CB
[CUSTOMER 1391670] @VirginTrains @120576 @242596 The website says there's one leaving Manchester at 13.15 getting in to Glasgow at 16.28.
[CUSTOMER 1391671] @VirginTrains @120576 @242596 Hi, anyone got any light to shed on whether this train exists and whether I can use an off-peak?","[1391674, 1391673, 1391672, 1391669, 1391670, 1391671]"
case_1392143,train_retrieval,0,medium_3-4,week_2017-10-23,3,True,other,False,2017-10-28 12:46:45+00:00,443787,conv_1392143,"Never booking with @VirginTrains again, full of heartless monsters.","Type: other. Outcome: customer_confirmed. Brand agent turns: 1. Signals seen: other. Evidence: [tweet 1392141, other] ""Is there anything I can help with?""","[CUSTOMER 1392143] Never booking with @VirginTrains again, full of heartless monsters.
[AGENT 1392141] @443787 Is there anything I can help with? ^CB
[CUSTOMER 1392142] @VirginTrains It’s fine, I solved my problem. Thanks anyway","[1392143, 1392141, 1392142]"
case_1393088,dev_calibration,0,medium_3-4,week_2017-10-23,3,True,feedback_acknowledged,False,2017-10-28 13:26:51+00:00,444002,conv_1393088,"One of your staff put the milk in my tea first @VirginTrains, sort it out","Type: feedback_acknowledged. Outcome: customer_confirmed. Brand agent turns: 1. Signals seen: feedback_acknowledged. Evidence: [tweet 1393086, feedback_acknowledged] ""We'll be sure to pass this feedback on, not sure I'd be too happy about this either!""","[CUSTOMER 1393088] One of your staff put the milk in my tea first @VirginTrains, sort it out
[AGENT 1393086] @444002 Oh no! We'll be sure to pass this feedback on, not sure I'd be too happy about this either! ^BT
[CUSTOMER 1393087] @VirginTrains Cheers BT this is something that means a lot to me! Other than that it's been a quality service","[1393088, 1393086, 1393087]"
case_2416199,train_retrieval,6,medium_3-4,week_2017-10-23,3,False,redirected_to_other_operator,False,2017-10-29 09:10:13+00:00,694429,conv_2416199,Typical. Reserve a seat on the @VirginTrains 08:58 from York but the D carriage is full to brim and my seats taken. Sort it out.,"Type: redirected_to_other_operator. Outcome: customer_followup_unanswered. Brand agent turns: 1. Signals seen: redirected_to_other_operator. Evidence: [tweet 2416197, redirected_to_other_operator] ""If you speak with @120576 they may be able to assist""","[CUSTOMER 2416199] Typical. Reserve a seat on the @VirginTrains 08:58 from York but the D carriage is full to brim and my seats taken. Sort it out.
[AGENT 2416197] @694429 If you speak with @120576 they may be able to assist ^CB
[CUSTOMER 2416198] @VirginTrains @120576 Tried looking for them, but what's the point when rest of carriages are full too.","[2416199, 2416197, 2416198]"
case_2403071,train_retrieval,-1,medium_3-4,week_2017-10-23,3,False,unresolved,False,2017-10-29 09:13:01+00:00,136974,conv_2403067,@VirginTrains Morning CB,"Type: unresolved. Outcome: customer_followup_unanswered. Brand agent turns: 1. Signals seen: other. Evidence: [tweet 2416181, other] ""Ello ello ello""","[CUSTOMER 2403071] @VirginTrains Morning CB
[AGENT 2416181] @136974 Ello ello ello ^CB
[CUSTOMER 2416182] @VirginTrains Hows u today CB","[2403071, 2416181, 2416182]"
case_2419066,train_retrieval,10,very_long_9+,week_2017-10-23,18,False,troubleshooting,False,2017-10-29 12:01:27+00:00,695003,conv_2419066,Trying to book advance @VirginTrains tkts for Jan using @28950 25% discount. Says ‘outside permitted dates’. Why???,"Type: troubleshooting. Outcome: agent_answered_unconfirmed. Brand agent turns: 8. Signals seen: troubleshooting, self_service, information_provided, clarification_requested. Evidence: [tweet 2419077, troubleshooting] ""Please head to your internet browser settings and remove the cookies then try in a new browser""","[CUSTOMER 2419066] Trying to book advance @VirginTrains tkts for Jan using @28950 25% discount. Says ‘outside permitted dates’. Why???
[AGENT 2419064] @695003 @28950 What date are you looking to travel, Mike? Not all of the Advance fares have been released for January ^CB
[CUSTOMER 2419065] @VirginTrains @28950 Carlisle to Euston Fri 12 / rtn Sun 14. Euston to Carlisle Fri 19 / rtn Sun 21.
[AGENT 2419067] @695003 @28950 The only date there not currently available is 21/01. The other three have had Advance tickets released ^CB
[CUSTOMER 2419068] @VirginTrains @28950 I know, I’ve checked. When I try to book using Carlisle Living card I get this message, highlighted orange. It’s exasperating. https://t.co/JIt1sHPS3S
[AGENT 2419069] @695003 @28950 The tickets for 21st January will be available from 6th November so I would advise trying then ^CB
[CUSTOMER 2419070] @VirginTrains @28950 The issue is that I can’t book adv tkts on other 3 dates using Carlisle Living membership card to get 25% discount. I ask again, Why???
[AGENT 2419071] @695003 @28950 Are you booking them all at the same time or on separate bookings? ^CB
[CUSTOMER 2419073] @VirginTrains @28950 Starting to go through it all again, only to get this: https://t.co/4653osh3eV
[AGENT 2419077] @695003 @28950 Please head to your internet browser settings and remove the cookies then try in a new browser ^CB
[CUSTOMER 2419072] @VirginTrains @28950 Have tried booking weekend of 12-14 as singles &amp; as return. Get same message whichever way I try https://t.co/S26iwYLDze
[AGENT 2419074] @695003 Unfortunately I'm unable to advise further on this. Our LiveChat team may be able to assist: https://t.co/Icuu8Jj5Rb ^CB
[CUSTOMER 2419076] @VirginTrains Thank you for trying. I don’t hold you responsible for the confusing mess that is Virgin’s ticketing system.
[CUSTOMER 2419075] @VirginTrains Online chat advised that I can’t use Carlisle Living card to book online, but can use to buy tickets at station. Then instantly terminated
[CUSTOMER 2433770] @698406 @VirginTrains @28950 Yes it’s looking that way. Only bought card in July! Or maybe we can’t use it to travel on Fridays or Sundays. Hopeless either way.
[AGENT 2433768] @695003 @698406 @28950 Hi Mike, you may find this link helpful https://t.co/JcUaY52XAJ
[CUSTOMER 2433769] @VirginTrains @698406 @28950 Or maybe not ... https://t.co/BvddXxyN7E
[AGENT 2433771] @695003 We'll feed this back to our retail and sponsorship teams further ^CB","[2419066, 2419064, 2419065, 2419067, 2419068, 2419069, 2419070, 2419071, 2419073, 2419077, 2419072, 2419074, 2419076, 2419075, 2433770, 2433768, 2433769, 2433771]"
case_2436944,train_retrieval,6,short_1-2,week_2017-10-23,2,False,compensation,False,2017-10-29 15:16:54+00:00,699093,conv_2436944,"Standing all the way 14.55 Macc-Euston, next to the toilet. Packed so full I can’t get to my reservation. Not happy @VirginTrains https://t.co/1OzHm8JRqR","Type: compensation. Outcome: redirected_to_channel. Brand agent turns: 1. Signals seen: compensation, self_service. Evidence: [tweet 2436943, compensation] ""So sorry to see that, please claim for not getting your seat here - https://t.co/05Mh5lM0DS""","[CUSTOMER 2436944] Standing all the way 14.55 Macc-Euston, next to the toilet. Packed so full I can’t get to my reservation. Not happy @VirginTrains https://t.co/1OzHm8JRqR
[AGENT 2436943] @699093 So sorry to see that, please claim for not getting your seat here - https://t.co/05Mh5lM0DS ^MW","[2436944, 2436943]"
case_2450656,train_retrieval,4,long_5-8,week_2017-10-23,5,False,other,False,2017-10-29 16:38:41+00:00,702320,conv_2450656,Treated myself to a first class ticket home. Not sure it's been worth it for a paper cup of lukewarm tea... @120576,"Type: other. Outcome: agent_answered_unconfirmed. Brand agent turns: 1. Signals seen: other. Evidence: [tweet 2450651, other] ""Phew, sandwiches save anything!""","[CUSTOMER 2450656] Treated myself to a first class ticket home. Not sure it's been worth it for a paper cup of lukewarm tea... @120576
[OTHER-AGENT 2450655] @702320 Hi Emma, which service are you travelling on today? ^JC
[CUSTOMER 2450654] @120576 Just realised I'd confused my coasts, I'm on the other side!
[OTHER-AGENT 2450652] @702320 Are you travelling with @VirginTrains today? ^JC
[AGENT 2450651] @120576 @702320 Phew, sandwiches save anything! ^MW","[2450656, 2450655, 2450654, 2450652, 2450651]"
case_2453010,train_retrieval,6,medium_3-4,week_2017-10-23,3,True,other,False,2017-10-29 18:18:53+00:00,702795,conv_2453010,"Dear @VirginTrains, your reservation system is panic-inducing. Does just ‘reserved’ mean from origin, so if no one gets on there ok to sit?","Type: other. Outcome: customer_confirmed. Brand agent turns: 1. Signals seen: other. Evidence: [tweet 2453008, other] ""Exactly correct""","[CUSTOMER 2453010] Dear @VirginTrains, your reservation system is panic-inducing. Does just ‘reserved’ mean from origin, so if no one gets on there ok to sit?
[AGENT 2453008] @702795 Exactly correct ^MW
[CUSTOMER 2453009] @VirginTrains Ah. Would be more calming for everyone if you put ‘from...’ on them all though, just sayin’. Thanks for reply!","[2453010, 2453008, 2453009]"
case_2453340,train_retrieval,7,long_5-8,week_2017-10-23,5,True,information_provided,False,2017-10-29 18:37:14+00:00,702869,conv_2453340,DYING of thirst on @VirginTrains but can't buy any water as their card machine isn't working. Great.,"Type: information_provided. Outcome: customer_confirmed. Brand agent turns: 2. Signals seen: information_provided. Evidence: [tweet 2453338, information_provided] ""Sorry to hear that, the team will do their best to get this working en route""; [tweet 2453341, information_provided] ""Nope but they will still try and get this reset en route""","[CUSTOMER 2453340] DYING of thirst on @VirginTrains but can't buy any water as their card machine isn't working. Great.
[AGENT 2453338] @702869 Sorry to hear that, the team will do their best to get this working en route ^MW
[CUSTOMER 2453339] @VirginTrains Do you even know which route I'm on 👀
[AGENT 2453341] @702869 Nope but they will still try and get this reset en route ^MW
[CUSTOMER 2453342] @VirginTrains They don't seem right arsed tbh. But Cheers.","[2453340, 2453338, 2453339, 2453341, 2453342]"
case_2466509,train_retrieval,3,short_1-2,week_2017-10-23,2,False,clarification_requested,False,2017-10-29 20:20:58+00:00,698398,conv_2466509,@VirginTrains...they claim your compensation is emailed to you then make it complicated to get &amp; don’t work hoping you both bother..,"Type: clarification_requested. Outcome: agent_awaiting_customer. Brand agent turns: 1. Signals seen: clarification_requested. Evidence: [tweet 2466508, clarification_requested] ""When were you delayed?""","[CUSTOMER 2466509] @VirginTrains...they claim your compensation is emailed to you then make it complicated to get &amp; don’t work hoping you both bother..
[AGENT 2466508] @698398 When were you delayed? ^MW","[2466509, 2466508]"
case_2512922,train_retrieval,10,medium_3-4,week_2017-10-30,3,False,troubleshooting,False,2017-10-30 06:31:45+00:00,716167,conv_2512922,@VirginTrains £245 for a one way economy ticket to London? How can you even justify these prices #RipOff,"Type: troubleshooting. Outcome: customer_followup_unanswered. Brand agent turns: 1. Signals seen: troubleshooting, self_service, clarification_requested. Evidence: [tweet 2512920, troubleshooting] ""Have you tried searching using our Best Fare Finder for Advance fares?""","[CUSTOMER 2512922] @VirginTrains £245 for a one way economy ticket to London? How can you even justify these prices #RipOff
[AGENT 2512920] @716167 Have you tried searching using our Best Fare Finder for Advance fares? Details at https://t.co/L2c1hj5Mpa
[CUSTOMER 2512921] @VirginTrains Impossible if you have an emergency and need to travel. Don’t know how you justify these ridiculous amounts","[2512922, 2512920, 2512921]"
case_2514746,dev_calibration,4,medium_3-4,week_2017-10-30,4,False,feedback_acknowledged,False,2017-10-30 08:24:30+00:00,494426,conv_2514746,@VirginTrains I don’t know what’s happened on the west coast first class catering options these past 12 months. It’s not good anymore,"Type: feedback_acknowledged. Outcome: agent_answered_unconfirmed. Brand agent turns: 2. Signals seen: feedback_acknowledged, other. Evidence: [tweet 2514747, feedback_acknowledged] ""We'll certainly pass on your comments""","[CUSTOMER 2514746] @VirginTrains I don’t know what’s happened on the west coast first class catering options these past 12 months. It’s not good anymore
[AGENT 2514744] @494426 Sorry to hear you feel that way, Sophia. Is there anything in particular you're unhappy with? ^CB
[CUSTOMER 2514745] @VirginTrains Repetitive sandwich/ wrap options. Very limited availability of the full range mid day and the quality of the products aren’t as good lately
[AGENT 2514747] @494426 We'll certainly pass on your comments ^CB","[2514746, 2514744, 2514745, 2514747]"
case_2515075,train_retrieval,10,short_1-2,week_2017-10-30,2,False,feedback_acknowledged,False,2017-10-30 08:47:09+00:00,716508,conv_2515075,@VirginTrains once again pls tell barrier staff at new st that people would not queue for barrier if their ticket worked!,"Type: feedback_acknowledged. Outcome: agent_answered_unconfirmed. Brand agent turns: 1. Signals seen: feedback_acknowledged. Evidence: [tweet 2515074, feedback_acknowledged] ""We'll pass on your comments""","[CUSTOMER 2515075] @VirginTrains once again pls tell barrier staff at new st that people would not queue for barrier if their ticket worked!
[AGENT 2515074] @716508 We'll pass on your comments ^CB","[2515075, 2515074]"
case_2524514,train_retrieval,7,medium_3-4,week_2017-10-30,3,False,redirected_to_dm,True,2017-10-30 08:59:55+00:00,718886,conv_2524514,"@VirginTrains Hi! I got an email saying I can get 30% off but haven’t received a code, nor is it showing on the @122649 app?","Type: redirected_to_dm. Outcome: customer_followup_unanswered. Brand agent turns: 1. Signals seen: redirected_to_dm, self_service, clarification_requested. Evidence: [tweet 2524512, redirected_to_dm] ""Could you DM a screen grab of this please?""","[CUSTOMER 2524514] @VirginTrains Hi! I got an email saying I can get 30% off but haven’t received a code, nor is it showing on the @122649 app?
[AGENT 2524512] @718886 @122649 Could you DM a screen grab of this please? ^CB https://t.co/hhfk9c3ylv
[CUSTOMER 2524513] @VirginTrains @122649 No worries, PM sent 🙂","[2524514, 2524512, 2524513]"
case_2530055,train_retrieval,9,long_5-8,week_2017-10-30,5,False,unresolved,False,2017-10-30 09:42:40+00:00,720242,conv_2530055,@VirginTrains 8.38 to London 45 mins late. 8.57 to London terribly overcrowed. Cases in the doorway &amp; people standing.... https://t.co/olXMecDCjw,"Type: unresolved. Outcome: customer_followup_unanswered. Brand agent turns: 2. Signals seen: clarification_requested. Evidence: [tweet 2530056, clarification_requested] ""Have you managed to find a seat, Janet?""","[CUSTOMER 2530055] @VirginTrains 8.38 to London 45 mins late. 8.57 to London terribly overcrowed. Cases in the doorway &amp; people standing.... https://t.co/olXMecDCjw
[AGENT 2530053] @720242 Which service to London is this? ^CB
[CUSTOMER 2530054] @VirginTrains From Lancaster.. the 8.57 to London Euston..
[AGENT 2530056] @720242 Have you managed to find a seat, Janet? ^LC
[CUSTOMER 2530526] @VirginTrains Only just..! We spend alot of money on this service travelling into London every week needing to work while travelling but not today obviously..","[2530055, 2530053, 2530054, 2530056, 2530526]"
case_2531480,train_retrieval,1,very_long_9+,week_2017-10-30,9,True,information_provided,False,2017-10-30 11:06:12+00:00,699005,conv_2531480,@VirginTrains @VirginTrains why are the late trains to Wolves from Euston scheduled to tak 6 or 7 hours tonight? #confused,"Type: information_provided. Outcome: customer_confirmed. Brand agent turns: 4. Signals seen: information_provided, clarification_requested. Evidence: [tweet 2531472, information_provided] ""There aren't any direct services to Wolverhampton from Euston after 21:43. Anything after that time would require changes""; [tweet 2531475, information_provided] ""This is due to overnight engineering works""; [tweet 2531477, information_provided] ""Just this week. Back to normal service on Friday""","[CUSTOMER 2531480] @VirginTrains @VirginTrains why are the late trains to Wolves from Euston scheduled to tak 6 or 7 hours tonight? #confused
[AGENT 2531479] @699005 Which service/s are you looking at? ^CB
[CUSTOMER 2531474] @VirginTrains 22.30 or 23.30
[AGENT 2531472] @699005 There aren't any direct services to Wolverhampton from Euston after 21:43. Anything after that time would require changes ^CB
[CUSTOMER 2531473] @VirginTrains Since when?
[AGENT 2531475] @699005 This is due to overnight engineering works ^CB
[CUSTOMER 2531476] @VirginTrains Thanks! That’s buggered up my plans for today then. How long are they on for?
[AGENT 2531477] @699005 Just this week. Back to normal service on Friday ^CB
[CUSTOMER 2531478] @VirginTrains Thanks","[2531480, 2531479, 2531474, 2531472, 2531473, 2531475, 2531476, 2531477, 2531478]"
case_2530039,train_retrieval,6,short_1-2,week_2017-10-30,1,False,unresolved,False,2017-10-30 12:15:41+00:00,382140,conv_2530040,@VirginTrains @720237 Apart from the left luggage facility across from the top of platform 13? That might work..,Brand never replied in the public thread (outcome: no_response).,[CUSTOMER 2530039] @VirginTrains @720237 Apart from the left luggage facility across from the top of platform 13? That might work..,[2530039]
case_2533665,train_retrieval,0,short_1-2,week_2017-10-30,2,False,information_provided,False,2017-10-30 12:56:51+00:00,228461,conv_2533665,@VirginTrains Just seen the new pendalino at Carlisle.... looking good! Now need an excuse to get on one 😂😂😂,"Type: information_provided. Outcome: agent_answered_unconfirmed. Brand agent turns: 1. Signals seen: information_provided. Evidence: [tweet 2533664, information_provided] ""Glad you like the new look! You'll have to get onboard soon Karena 😀""","[CUSTOMER 2533665] @VirginTrains Just seen the new pendalino at Carlisle.... looking good! Now need an excuse to get on one 😂😂😂
[AGENT 2533664] @228461 Glad you like the new look! You'll have to get onboard soon Karena 😀 ^CB","[2533665, 2533664]"
case_2550795,dev_calibration,7,medium_3-4,week_2017-10-30,4,False,self_service,True,2017-10-30 15:01:31+00:00,307297,conv_2550795,"@VirginTrains Hi, I emailed your managing director a couple wks ago. Told a response within 5 working days. Still waiting for a reply?","Type: self_service. Outcome: agent_answered_unconfirmed. Brand agent turns: 2. Signals seen: redirected_to_dm, self_service, clarification_requested, other. Evidence: [tweet 2550794, redirected_to_dm] ""Do you have a VT reference number to DM us please?""; [tweet 2550794, self_service] ""^MW https://t.co/hhfk9c3ylv""","[CUSTOMER 2550795] @VirginTrains Hi, I emailed your managing director a couple wks ago. Told a response within 5 working days. Still waiting for a reply?
[AGENT 2550794] @307297 Do you have a VT reference number to DM us please? ^MW https://t.co/hhfk9c3ylv
[CUSTOMER 2550793] @VirginTrains Message sent
[AGENT 2550792] @307297 Thanks Gavin ^MW","[2550795, 2550794, 2550793, 2550792]"
case_2570280,train_retrieval,11,long_5-8,week_2017-10-30,6,False,information_provided,False,2017-10-30 16:47:55+00:00,728948,conv_2570280,@VirginTrains just been charged twice for your wifi! Please can you sort this out?!,"Type: information_provided. Outcome: agent_answered_unconfirmed. Brand agent turns: 3. Signals seen: information_provided, clarification_requested. Evidence: [tweet 2570278, information_provided] ""Which service are you on, Grace""; [tweet 2570283, information_provided] ""It would be worth speaking with the Support team on 0330 088 1271, Grace""","[CUSTOMER 2570280] @VirginTrains just been charged twice for your wifi! Please can you sort this out?!
[AGENT 2570278] @728948 Which service are you on, Grace ^MW
[CUSTOMER 2570279] @VirginTrains Train 390039 Birmingham New Street to London Euston
[AGENT 2570281] @728948 I see, and did you speak to the team about this when they charged you twice? ^MW
[CUSTOMER 2570282] @VirginTrains I'm on the train now, do you want me to tell someone?
[AGENT 2570283] @728948 It would be worth speaking with the Support team on 0330 088 1271, Grace ^MW","[2570280, 2570278, 2570279, 2570281, 2570282, 2570283]"
case_2570541,train_retrieval,2,long_5-8,week_2017-10-30,5,True,compensation,False,2017-10-30 17:09:55+00:00,729002,conv_2570541,@virgintrains blocked from boarding 19:33 Lime Street to Euston on 28/10. Sent on an adventure 1st by coach then via Birmingham. 3 hrs delay,"Type: compensation. Outcome: customer_confirmed. Brand agent turns: 2. Signals seen: compensation, self_service. Evidence: [tweet 2570539, compensation] ""Please claim for the Delay here - https://t.co/cZj2DV3488""; [tweet 2570542, compensation] ""You can do the claim for all passengers 😃""","[CUSTOMER 2570541] @virgintrains blocked from boarding 19:33 Lime Street to Euston on 28/10. Sent on an adventure 1st by coach then via Birmingham. 3 hrs delay
[AGENT 2570539] @729002 Sorry to hear that. Please claim for the Delay here - https://t.co/cZj2DV3488 ^MW
[CUSTOMER 2570540] @VirginTrains can the person who booked them do it for all 3 passengers on the same booking or do we need to do it separately?
[AGENT 2570542] @729002 You can do the claim for all passengers 😃 ^MW
[CUSTOMER 2570543] @VirginTrains cheers","[2570541, 2570539, 2570540, 2570542, 2570543]"
case_2592707,train_retrieval,8,short_1-2,week_2017-10-30,1,False,unresolved,False,2017-10-30 20:17:11+00:00,700220,conv_2592708,@VirginTrains @734260 Don't forget the lounge at Euston!😉,Brand never replied in the public thread (outcome: no_response).,[CUSTOMER 2592707] @VirginTrains @734260 Don't forget the lounge at Euston!😉,[2592707]
case_2673288,train_retrieval,10,long_5-8,week_2017-10-30,6,False,clarification_requested,False,2017-10-31 11:50:37+00:00,191614,conv_2673288,@VirginTrains bought ticket for manc to ldn AGES ago. How do i know if I can get any train or just the specific one?,"Type: clarification_requested. Outcome: agent_answered_unconfirmed. Brand agent turns: 3. Signals seen: clarification_requested, other. Evidence: [tweet 2673286, clarification_requested] ""Hi Kelly, what type of ticket did you purchase please?""; [tweet 2673289, clarification_requested] ""Did you book online?""","[CUSTOMER 2673288] @VirginTrains bought ticket for manc to ldn AGES ago. How do i know if I can get any train or just the specific one?
[AGENT 2673286] @191614 Hi Kelly, what type of ticket did you purchase please? ^HP
[CUSTOMER 2673287] @VirginTrains how do I know
[AGENT 2673289] @191614 It should say on your ticket. Did you book online? If so, can you send us your booking reference number please? ^HP
[CUSTOMER 2673290] @VirginTrains yeah online - ill dm you now
[AGENT 2673291] @191614 Thanks Kelly ^HP","[2673288, 2673286, 2673287, 2673289, 2673290, 2673291]"
case_2674316,train_retrieval,4,short_1-2,week_2017-10-30,2,False,clarification_requested,False,2017-10-31 12:29:39+00:00,748116,conv_2674316,"@VirginTrains in the first class lounge at Euston, very nice! Flapjacks are 👍👍😀","Type: clarification_requested. Outcome: agent_awaiting_customer. Brand agent turns: 1. Signals seen: clarification_requested. Evidence: [tweet 2674315, clarification_requested] ""Brilliant to hear Stephen, did you save me one?""","[CUSTOMER 2674316] @VirginTrains in the first class lounge at Euston, very nice! Flapjacks are 👍👍😀
[AGENT 2674315] @748116 Brilliant to hear Stephen, did you save me one? ^MW","[2674316, 2674315]"
case_2676194,train_retrieval,2,medium_3-4,week_2017-10-30,4,False,information_provided,True,2017-10-31 13:27:16+00:00,235242,conv_2676194,So after being for two hours in getting home on Friday @VirginTrains has decided we were only 19 mins late #lyingbastards,"Type: information_provided. Outcome: agent_answered_unconfirmed. Brand agent turns: 2. Signals seen: redirected_to_dm, information_provided, clarification_requested. Evidence: [tweet 2676193, redirected_to_dm] ""How do you mean, do you have a VT reference number to DM us maybe?""; [tweet 2676191, information_provided] ""I see, the team will pick this up and reply asap then, Amy""","[CUSTOMER 2676194] So after being for two hours in getting home on Friday @VirginTrains has decided we were only 19 mins late #lyingbastards
[AGENT 2676193] @235242 How do you mean, do you have a VT reference number to DM us maybe? ^MW
[CUSTOMER 2676192] @VirginTrains I've responded to the email I've been sent by the customer relations team detailing why we were delayed by significantly more than 19 mins
[AGENT 2676191] @235242 I see, the team will pick this up and reply asap then, Amy ^MW","[2676194, 2676193, 2676192, 2676191]"
case_2676199,train_retrieval,0,long_5-8,week_2017-10-30,5,True,self_service,False,2017-10-31 13:28:37+00:00,148097,conv_2676199,@VirginTrains ... I hope the menu will be changed. Any chance of a warm baguette or cheese toastie 🍟,"Type: self_service. Outcome: customer_confirmed. Brand agent turns: 2. Signals seen: self_service, clarification_requested. Evidence: [tweet 2676195, self_service] ""I see, you can see the menu choices here - https://t.co/PpVDkIsAXu""","[CUSTOMER 2676199] @VirginTrains ... I hope the menu will be changed. Any chance of a warm baguette or cheese toastie 🍟
[AGENT 2676198] @148097 Which service will you be on, Charmi? ^MW
[CUSTOMER 2676197] @VirginTrains 1208 ex Carlisle, change at Crewe for Euston
[AGENT 2676195] @148097 I see, you can see the menu choices here - https://t.co/PpVDkIsAXu ^MW
[CUSTOMER 2676196] @VirginTrains Thanks, I guess it was the time I travelled, I got the afternoon choice, maybe I will get the brunch on Friday :)","[2676199, 2676198, 2676197, 2676195, 2676196]"
case_29100,train_retrieval,0,short_1-2,week_2017-10-30,2,False,escalated,False,2017-11-01 11:11:48+00:00,122406,conv_29100,"If @VirginTrains offer you this as an alternative to a hot meal refuse it, disgusting burrito full of grease. Another cost cutting exercise https://t.co/vxCb0RwEtV","Type: escalated. Outcome: agent_awaiting_customer. Brand agent turns: 1. Signals seen: escalated, clarification_requested. Evidence: [tweet 29099, escalated] ""Did you report this to staff if you were unhappy?""","[CUSTOMER 29100] If @VirginTrains offer you this as an alternative to a hot meal refuse it, disgusting burrito full of grease. Another cost cutting exercise https://t.co/vxCb0RwEtV
[AGENT 29099] @122406 Did you report this to staff if you were unhappy? ^PA","[29100, 29099]"
case_2513327,train_retrieval,-3,medium_3-4,week_2017-10-30,4,False,unresolved,False,2017-11-01 12:13:43+00:00,327946,conv_2513327,@VirginTrains Booking travel for next year - off peak. Less than 24 weeks away. Nothing showing up yellow to get the discount.,"Type: unresolved. Outcome: customer_followup_unanswered. Brand agent turns: 2. Signals seen: clarification_requested. Evidence: [tweet 2513324, clarification_requested] ""It has to be Advance tickets that you're booking, which service are you booking?""","[AGENT 2513327] @327946 How do you mean David? Can you please elaborate. ^PA
[CUSTOMER 2513326] @VirginTrains Booking travel for next year - off peak. Less than 24 weeks away. Nothing showing up yellow to get the discount.
[AGENT 2513324] @327946 It has to be Advance tickets that you're booking, which service are you booking? ^PA
[CUSTOMER 2513325] @VirginTrains Will DM you","[2513327, 2513326, 2513324, 2513325]"
case_42885,dev_calibration,7,very_long_9+,week_2017-10-30,10,True,self_service,True,2017-11-01 15:57:19+00:00,125499,conv_42885,"Dear @VirginTrains . Waited half hour for ""online chat"" with one of your reps. Finally connected then cut off mid frustrating conversation","Type: self_service. Outcome: customer_confirmed. Brand agent turns: 4. Signals seen: redirected_to_dm, self_service, information_provided, clarification_requested, other. Evidence: [tweet 43954, redirected_to_dm] ""If you DM us your booking reference, we can resend the E-Ticket to you ^MM https://t.co/hhfk9c3ylv""; [tweet 43954, self_service] ""If you DM us your booking reference, we can resend the E-Ticket to you ^MM https://t.co/hhfk9c3ylv""; [tweet 43949, self_service] ""We'll find out from our App Team and get back to you, Dave""","[CUSTOMER 42885] Dear @VirginTrains . Waited half hour for ""online chat"" with one of your reps. Finally connected then cut off mid frustrating conversation
[CUSTOMER 42886] @VirginTrains if you wd explain how to see e-tickets in your updated ""app"" I'd appreciate it.It worked before update. Couldn't get your chap to understand
[AGENT 42883] @125499 Sorry for your experience, Dave. Anything we can help with at all? ^MM
[CUSTOMER 42884] @VirginTrains Yup. How do I see/use e-tickets with your updated ""app""? Used to work. Now apparently doesn't.
[AGENT 43954] @125499 If you DM us your booking reference, we can resend the E-Ticket to you ^MM https://t.co/hhfk9c3ylv
[CUSTOMER 43953] @VirginTrains That isn't the issue. I'm asking how to see the virtual ticket in your ""app"" ... like I used to be able to do before update.
[AGENT 43952] @125499 They should appear in the my ticket section ^MM
[CUSTOMER 43951] @VirginTrains A list of bookings appears but no virtual tickets
[AGENT 43949] @125499 We'll find out from our App Team and get back to you, Dave ^MM
[CUSTOMER 43950] @VirginTrains Thanks","[42885, 42886, 42883, 42884, 43954, 43953, 43952, 43951, 43949, 43950]"
case_46055,train_retrieval,0,medium_3-4,week_2017-10-30,4,False,escalated,False,2017-11-01 16:29:43+00:00,126214,conv_46055,"Dear @VirginTrains, just a quick message. From Maddie x https://t.co/3JeE7AGaei","Type: escalated. Outcome: redirected_to_channel. Brand agent turns: 2. Signals seen: escalated, self_service, clarification_requested. Evidence: [tweet 46052, escalated] ""If you'd like to escalate further via https://t.co/ImLLpgJb0O""","[CUSTOMER 46055] Dear @VirginTrains, just a quick message. From Maddie x https://t.co/3JeE7AGaei
[AGENT 46054] @126214 Sorry for your experience, Maddie. Which service were you travelling on? ^MM
[CUSTOMER 46053] @VirginTrains 12:35pm Chester to Euston
[AGENT 46052] @126214 Thanks for the additional information, Maddie. If you'd like to escalate further via https://t.co/ImLLpgJb0O ^MM","[46055, 46054, 46053, 46052]"
case_55586,train_retrieval,7,short_1-2,week_2017-10-30,2,True,information_provided,False,2017-11-01 19:09:16+00:00,128605,conv_55586,Massive massive thanks to @VirginTrains Natalie for rescuing my @128606 tickets... That’s customer service :),"Type: information_provided. Outcome: agent_closed. Brand agent turns: 1. Signals seen: information_provided. Evidence: [tweet 55585, information_provided] ""Glad to hear it, Jez! Enjoy 😃""","[CUSTOMER 55586] Massive massive thanks to @VirginTrains Natalie for rescuing my @128606 tickets... That’s customer service :)
[AGENT 55585] @128605 @128606 Glad to hear it, Jez! Enjoy 😃 ^MM","[55586, 55585]"
case_1438845,train_retrieval,10,short_1-2,week_2017-10-30,2,False,unresolved,False,2017-11-02 13:07:20+00:00,227471,conv_1438850,"@VirginTrains @LondonMidland @385919 you can get the next available service regardless of whether or not it is a ""through ticket"" or a combination of tickets.",Brand never replied in the public thread (outcome: no_response).,"[CUSTOMER 1438845] @VirginTrains @LondonMidland @385919 you can get the next available service regardless of whether or not it is a ""through ticket"" or a combination of tickets.
[CUSTOMER 1438847] @LondonMidland @385919 @VirginTrains there is no need to ask; the customer definitely can get the next available service. And is entitled to delay repay for whole journey.","[1438845, 1438847]"
case_1450590,train_retrieval,7,medium_3-4,week_2017-10-30,3,True,self_service,False,2017-11-02 17:00:25+00:00,456606,conv_1450590,"@VirginTrains I need info on complaint procedure,  nephew was treated disgracefully by conductor last night","Type: self_service. Outcome: customer_confirmed. Brand agent turns: 1. Signals seen: self_service. Evidence: [tweet 1450588, self_service] ""If they wish to make a complaint regarding this they'll need to contact through our website: https://t.co/LwnpUSNEHu""","[CUSTOMER 1450590] @VirginTrains I need info on complaint procedure, nephew was treated disgracefully by conductor last night
[AGENT 1450588] @456606 If they wish to make a complaint regarding this they'll need to contact through our website: https://t.co/LwnpUSNEHu ^CB
[CUSTOMER 1450589] @VirginTrains Thanks for that certainly will make a complaint. Disgusting treatment by staff.","[1450590, 1450588, 1450589]"
case_2021964,train_retrieval,0,short_1-2,week_2017-10-30,2,True,other,False,2017-11-02 18:26:42+00:00,597993,conv_2021964,@VirginTrains  after a full day of meetings u can’t beat mushroom stroganoff and a G&amp;T cheers first class https://t.co/RfEymtzFib,"Type: other. Outcome: agent_closed. Brand agent turns: 1. Signals seen: other. Evidence: [tweet 2021963, other] ""Enjoy, Elaine :)""","[CUSTOMER 2021964] @VirginTrains after a full day of meetings u can’t beat mushroom stroganoff and a G&amp;T cheers first class https://t.co/RfEymtzFib
[AGENT 2021963] @597993 Enjoy, Elaine :) ^LC","[2021964, 2021963]"
case_1458456,train_retrieval,6,short_1-2,week_2017-10-30,2,False,redirected_to_dm,True,2017-11-02 20:33:04+00:00,359360,conv_1458456,"@VirginTrains Hi, are there any seats left to reserve for tomorrow on the 19:44 TAM - MAN ?","Type: redirected_to_dm. Outcome: redirected_to_dm. Brand agent turns: 1. Signals seen: redirected_to_dm, self_service. Evidence: [tweet 1458455, redirected_to_dm] ""If you could DM your booking reference we can see what's available ^CB https://t.co/hhfk9c3ylv""","[CUSTOMER 1458456] @VirginTrains Hi, are there any seats left to reserve for tomorrow on the 19:44 TAM - MAN ?
[AGENT 1458455] @359360 There are. If you could DM your booking reference we can see what's available ^CB https://t.co/hhfk9c3ylv","[1458456, 1458455]"
case_1141407,train_retrieval,-3,short_1-2,week_2017-10-30,2,False,redirected_to_other_operator,False,2017-11-03 08:03:44+00:00,388675,conv_1141410,@VirginTrains @120576 I did as you suggested - wrote back but had zero response from anyone. What should I do now?,"Type: redirected_to_other_operator. Outcome: agent_answered_unconfirmed. Brand agent turns: 1. Signals seen: redirected_to_other_operator. Evidence: [tweet 1141411, redirected_to_other_operator] ""Sorry to hear that, we'll pass this over to @120576 for you""","[CUSTOMER 1141407] @VirginTrains @120576 I did as you suggested - wrote back but had zero response from anyone. What should I do now?
[AGENT 1141411] @388675 @120576 Sorry to hear that, we'll pass this over to @120576 for you ^HP","[1141407, 1141411]"
case_1495428,dev_calibration,-1,short_1-2,week_2017-10-30,2,False,other,False,2017-11-03 11:40:09+00:00,467220,conv_1495428,Great job @VirginTrains https://t.co/z9TIZwfYRE,"Type: other. Outcome: agent_answered_unconfirmed. Brand agent turns: 1. Signals seen: other. Evidence: [tweet 1495427, other] ""Thanks Tracey 😊""","[CUSTOMER 1495428] Great job @VirginTrains https://t.co/z9TIZwfYRE
[AGENT 1495427] @467220 Thanks Tracey 😊 ^HP","[1495428, 1495427]"
case_1496981,train_retrieval,11,short_1-2,week_2017-10-30,2,False,refund,False,2017-11-03 12:02:40+00:00,467552,conv_1496981,"@VirginTrains I paid money for your WiFi and only managed to load one email in half an hour, can I have a refund please?","Type: refund. Outcome: agent_answered_unconfirmed. Brand agent turns: 1. Signals seen: refund, compensation. Evidence: [tweet 1496980, refund] ""You can claim a refund by contacting __email__""","[CUSTOMER 1496981] @VirginTrains I paid money for your WiFi and only managed to load one email in half an hour, can I have a refund please?
[AGENT 1496980] @467552 Really sorry you had issues with the onboard Wi-Fi, Frances. You can claim a refund by contacting __email__","[1496981, 1496980]"
case_1506008,train_retrieval,6,long_5-8,week_2017-10-30,5,False,information_provided,False,2017-11-03 16:16:06+00:00,469520,conv_1506008,@123241 @VirginTrains have I done something to upset you? Have we fallen out? Literally EVERY ‘window seat’ I book looks like this. https://t.co/hbtvNsJXFe,"Type: information_provided. Outcome: agent_answered_unconfirmed. Brand agent turns: 2. Signals seen: information_provided, clarification_requested. Evidence: [tweet 1506002, information_provided] ""Oh right, we'll make @120576 aware of this for you too""","[CUSTOMER 1506008] @123241 @VirginTrains have I done something to upset you? Have we fallen out? Literally EVERY ‘window seat’ I book looks like this. https://t.co/hbtvNsJXFe
[AGENT 1506007] @469520 @123241 Which exact service are you on, Hayden? ^MW
[CUSTOMER 1506004] @VirginTrains @123241 The 16:25 from Newcastle - Coach C seat 39. I personally blame the train line 🙄
[AGENT 1506002] @469520 @123241 Oh right, we'll make @120576 aware of this for you too ^MW
[OTHER-AGENT 1506003] @VirginTrains @469520 @123241 Apologies Hayden - we try to match customers with their seat preferences but we can't always guarantee this. ^KM","[1506008, 1506007, 1506004, 1506002, 1506003]"
case_1494546,train_retrieval,-1,medium_3-4,week_2017-10-30,3,False,unresolved,False,2017-11-03 16:27:02+00:00,338232,conv_1494539,@VirginTrains Can I?,"Type: unresolved. Outcome: customer_followup_unanswered. Brand agent turns: 1. Signals seen: other. Evidence: [tweet 1506010, other] ""Not sure about that 🤔""","[CUSTOMER 1494546] @VirginTrains Can I?
[AGENT 1506010] @338232 Not sure about that 🤔 ^MW
[CUSTOMER 1506011] @VirginTrains 😅😝","[1494546, 1506010, 1506011]"
case_1511303,train_retrieval,9,very_long_9+,week_2017-10-30,14,False,self_service,True,2017-11-03 17:03:40+00:00,470779,conv_1511303,"@VirginTrains on the 16:57 from birmingham to Manchester, drug taking is acceptable?","Type: self_service. Outcome: agent_awaiting_customer. Brand agent turns: 6. Signals seen: redirected_to_dm, self_service, information_provided, clarification_requested. Evidence: [tweet 1511298, redirected_to_dm] ""Sorry to see that, could you DM us please?""; [tweet 1511298, self_service] ""^MW https://t.co/hhfk9c3ylv""; [tweet 1511297, redirected_to_dm] ""We will reply to your DM's""","[CUSTOMER 1511303] @VirginTrains on the 16:57 from birmingham to Manchester, drug taking is acceptable?
[AGENT 1511302] @470779 Definitely not, have you spoken to the onboard team about this? ^MW
[CUSTOMER 1511301] @VirginTrains train is to packed to get anyone.. in the door way between 1st class..
[CUSTOMER 1511300] @VirginTrains https://t.co/sK8VakaUrY
[AGENT 1511298] @470779 Sorry to see that, could you DM us please? ^MW https://t.co/hhfk9c3ylv
[CUSTOMER 1511299] @VirginTrains have done
[CUSTOMER 1511296] @VirginTrains in Wolverhampton now, are you going to sort these two out?
[AGENT 1511297] @470779 We will reply to your DM's ^MW
[CUSTOMER 1511292] So it looks like @VirginTrains would rather dispatch a train on time rather than sort out someone that looks very ill on drugs.. https://t.co/jVuAnrar9S
[AGENT 1511290] @470779 As advised we'll get a message to the Train Manager, Brooke. Alternatively you can speak to the staff onboard ^MM
[CUSTOMER 1511291] @VirginTrains it’s standing room only!!
[AGENT 1511293] @470779 It appears you're actually on a @121428 ^MM
[CUSTOMER 1511294] @VirginTrains @121428 I still pay virgin £300 a month for a ticket
[AGENT 1511295] @470779 @121428 How do you mean, we don't operate that train, Brooke? ^MW","[1511303, 1511302, 1511301, 1511300, 1511298, 1511299, 1511296, 1511297, 1511292, 1511290, 1511291, 1511293, 1511294, 1511295]"
case_1522139,train_retrieval,5,very_long_9+,week_2017-10-30,11,False,information_provided,True,2017-11-03 19:43:21+00:00,473047,conv_1522139,Hi @virgintrains is it company policy to leave a family including a 6 year old child without a train home and then not refund their costs?,"Type: information_provided. Outcome: customer_followup_unanswered. Brand agent turns: 5. Signals seen: redirected_to_dm, information_provided, clarification_requested. Evidence: [tweet 1522136, redirected_to_dm] ""Could you DM us please?""; [tweet 1522134, redirected_to_dm] ""Just replied to your DM sorry""; [tweet 1522132, redirected_to_dm] ""Could you reply to the DM, I asked for the journey details and your email address if you can DM us""; [tweet 1522129, information_provided] ""Ok, no worries, just get back to us there when you can""","[CUSTOMER 1522139] Hi @virgintrains is it company policy to leave a family including a 6 year old child without a train home and then not refund their costs?
[AGENT 1522138] @473047 What's happened? ^MW
[CUSTOMER 1522137] @VirginTrains I’ve been in touch via twitter x2 now,Facebook, delay repay, your contact form and getting rather annoyed having to explain myself each time
[AGENT 1522136] @473047 Could you DM us please? ^MW
[CUSTOMER 1522135] @VirginTrains Hi MW. I have done, did you receive them? Thanks
[AGENT 1522134] @473047 Just replied to your DM sorry ^MW
[CUSTOMER 1522133] @VirginTrains Ok now I’m confused. No reply on my DM
[AGENT 1522132] @473047 Could you reply to the DM, I asked for the journey details and your email address if you can DM us ^MW
[CUSTOMER 1522131] @VirginTrains Aah ok, there’s a time delay between tweeting and DMing
[AGENT 1522129] @473047 Ok, no worries, just get back to us there when you can ^MW
[CUSTOMER 1522130] @VirginTrains I did 10 mins ago! Twitter is on a go slow","[1522139, 1522138, 1522137, 1522136, 1522135, 1522134, 1522133, 1522132, 1522131, 1522129, 1522130]"
case_1534582,train_retrieval,5,long_5-8,week_2017-10-30,5,False,clarification_requested,False,2017-11-03 23:39:19+00:00,475898,conv_1534582,. @VirginTrains you’ve got cockroaches on your train,"Type: clarification_requested. Outcome: agent_awaiting_customer. Brand agent turns: 2. Signals seen: clarification_requested. Evidence: [tweet 1534581, clarification_requested] ""Which service is this please, James?""; [tweet 1534578, clarification_requested] ""Which coach was this & have you told the on-board team?""","[CUSTOMER 1534582] . @VirginTrains you’ve got cockroaches on your train
[AGENT 1534581] @475898 Which service is this please, James? ^PH
[CUSTOMER 1534580] @VirginTrains https://t.co/igoPUX6qX5
[CUSTOMER 1534579] @VirginTrains 9:45 from Wolverhampton to Euston
[AGENT 1534578] @475898 Thanks for this, James. We'll get this investigated straight away. Which coach was this &amp; have you told the on-board team? ^PH","[1534582, 1534581, 1534580, 1534579, 1534578]"
case_1562145,train_retrieval,4,short_1-2,week_2017-10-30,2,True,feedback_acknowledged,False,2017-11-04 09:38:42+00:00,482531,conv_1562145,@VirginTrains - had a great experience on yesterday’s 1643 from EUS to New St. Your 1st class hostess was very attentive in Coach E.,"Type: feedback_acknowledged. Outcome: agent_closed. Brand agent turns: 1. Signals seen: feedback_acknowledged. Evidence: [tweet 1562144, feedback_acknowledged] ""That's great to hear 😊 We'll be sure to pass this on for you, thanks so much for getting in touch""","[CUSTOMER 1562145] @VirginTrains - had a great experience on yesterday’s 1643 from EUS to New St. Your 1st class hostess was very attentive in Coach E.
[AGENT 1562144] @482531 That's great to hear 😊 We'll be sure to pass this on for you, thanks so much for getting in touch ^HP","[1562145, 1562144]"
case_1555764,train_retrieval,11,long_5-8,week_2017-10-30,6,True,self_service,False,2017-11-04 12:11:08+00:00,481091,conv_1555764,@VirginTrains is there the option to upgrade to WiFi that actually works - 11:04 Stockport to Euston.Your normal one isn’t working&amp;no1 2ask🤞,"Type: self_service. Outcome: agent_closed. Brand agent turns: 3. Signals seen: self_service, information_provided, other. Evidence: [tweet 1555765, self_service] ""Ah ok, apologies Emily, please can you try the following link: https://t.co/1JEOSVPtGN this should take you through to login""","[CUSTOMER 1555764] @VirginTrains is there the option to upgrade to WiFi that actually works - 11:04 Stockport to Euston.Your normal one isn’t working&amp;no1 2ask🤞
[AGENT 1555762] @481091 Hi Emily, sorry you're having problems with the Wi-Fi. Is the issue with connection or speed? ^HP
[CUSTOMER 1555763] @VirginTrains Hi, thanks for quick reply - Both unfortunately.laptop says connected, bt pages not loading.Haven’t had a login screen pop up either
[AGENT 1555765] @481091 Ah ok, apologies Emily, please can you try the following link: https://t.co/1JEOSVPtGN this should take you through to login ^HP
[CUSTOMER 1555766] @VirginTrains Thank you. All connected up. 😀
[AGENT 1555767] @481091 Great to hear, Emily! Have a good journey 😀 ^HP","[1555764, 1555762, 1555763, 1555765, 1555766, 1555767]"
case_1572582,train_retrieval,10,long_5-8,week_2017-10-30,5,True,feedback_acknowledged,False,2017-11-04 13:52:36+00:00,484771,conv_1572582,Thank you to @120576 ticket checker Catriona at platform 5 for helping myself and partner with app issues regarding tickets 😘,"Type: feedback_acknowledged. Outcome: customer_confirmed. Brand agent turns: 1. Signals seen: feedback_acknowledged. Evidence: [tweet 1572578, feedback_acknowledged] ""We'll be sure to pass your comments on to Catriona, Dabs 😊 Have a great weekend""","[CUSTOMER 1572582] Thank you to @120576 ticket checker Catriona at platform 5 for helping myself and partner with app issues regarding tickets 😘
[CUSTOMER 1572581] @120576 This is the 13:43 service from EUS to Glasgow
[OTHER-AGENT 1572580] @484771 That sounds like an @VirginTrains service, but they'll be happy to hear about it! ^JW
[AGENT 1572578] @120576 @484771 Thanks guys! We'll be sure to pass your comments on to Catriona, Dabs 😊 Have a great weekend ^HP
[CUSTOMER 1572579] @VirginTrains @120576 Oh sorry for tagging wrong one, but thanks again. She went over and beyond, and saved a disaster for us so thank you again 😀","[1572582, 1572581, 1572580, 1572578, 1572579]"
case_1569063,train_retrieval,5,long_5-8,week_2017-10-30,5,True,clarification_requested,False,2017-11-04 16:37:36+00:00,484052,conv_1569063,"Great start to the honeymoon @VirginTrains. Half the train didn’t turn up, no carriage numbers told just wait it’ll be fine 1/2","Type: clarification_requested. Outcome: agent_closed. Brand agent turns: 2. Signals seen: clarification_requested, other. Evidence: [tweet 1569059, clarification_requested] ""Which service are you travelling on, Nick?""","[CUSTOMER 1569063] Great start to the honeymoon @VirginTrains. Half the train didn’t turn up, no carriage numbers told just wait it’ll be fine 1/2
[CUSTOMER 1569061] @VirginTrains Then the train goes to leave. Absolute shambles! 2/2
[AGENT 1569059] @484052 Which service are you travelling on, Nick? ^MM
[CUSTOMER 1569060] @VirginTrains 16:30 Birmingham to London Euston, the very kind staff at the shop are trying to sort something out
[AGENT 1569062] @484052 Glad to hear it, Nick ^MM","[1569063, 1569061, 1569059, 1569060, 1569062]"
case_1585816,train_retrieval,1,long_5-8,week_2017-10-30,6,True,redirected_to_dm,True,2017-11-04 17:04:50+00:00,487903,conv_1585816,"@VirginTrains @121428 I am travelling from Plymouth to Glasgow via Birmingham on Monday, how can I book my bike onto each train?","Type: redirected_to_dm. Outcome: customer_confirmed. Brand agent turns: 1. Signals seen: redirected_to_dm, self_service, clarification_requested. Evidence: [tweet 1585810, redirected_to_dm] ""Can you send us a DM, Andy ^MM https://t.co/hhfk9c3ylv""","[CUSTOMER 1585816] @VirginTrains @121428 I am travelling from Plymouth to Glasgow via Birmingham on Monday, how can I book my bike onto each train?
[OTHER-AGENT 1585815] @487903 @VirginTrains Hi Andy, if you let us know your journey details we'll look into this for you. ^RS
[CUSTOMER 1585814] @121428 @VirginTrains 0925 Plymouth-Birmingham new st arr 1256 depart 1315 to Glasgow central
[OTHER-AGENT 1585812] @487903 @VirginTrains We're only able to book on our services here, please contact @VirginTrains regarding cycle reservations on their trains. Your res attached: https://t.co/78f8SQNe7Y
[AGENT 1585810] @121428 @487903 Can you send us a DM, Andy ^MM https://t.co/hhfk9c3ylv
[CUSTOMER 1585811] @VirginTrains @121428 DM sent thanks","[1585816, 1585815, 1585814, 1585812, 1585810, 1585811]"
case_1586486,train_retrieval,4,short_1-2,week_2017-10-30,2,True,information_provided,False,2017-11-04 17:51:48+00:00,488070,conv_1586486,@VirginTrains great journey from London 16.33 to Liverpool this evening. Steward in first class was just that. #lookedafter #fab #1stagain,"Type: information_provided. Outcome: agent_closed. Brand agent turns: 1. Signals seen: information_provided. Evidence: [tweet 1586485, information_provided] ""Glad to hear it, Sara. We hope to see you onboard again soon""","[CUSTOMER 1586486] @VirginTrains great journey from London 16.33 to Liverpool this evening. Steward in first class was just that. #lookedafter #fab #1stagain
[AGENT 1586485] @488070 Glad to hear it, Sara. We hope to see you onboard again soon ^MM","[1586486, 1586485]"
case_1594737,train_retrieval,9,medium_3-4,week_2017-10-30,3,False,unresolved,False,2017-11-04 21:13:21+00:00,219177,conv_1594737,"@VirginTrains Good Evening, does the 07.17 Preston-London Euston on Saturday 25th November call at Birmingham International?","Type: unresolved. Outcome: customer_followup_unanswered. Brand agent turns: 1. Signals seen: other. Evidence: [tweet 1594735, other] ""It doesn't I'm afraid, Steve""","[CUSTOMER 1594737] @VirginTrains Good Evening, does the 07.17 Preston-London Euston on Saturday 25th November call at Birmingham International?
[AGENT 1594735] @219177 It doesn't I'm afraid, Steve ^MM
[CUSTOMER 1594736] @VirginTrains Well that's the service it has booked me on to get to Birmingham New Street. Just thought I could stay on the train to International.","[1594737, 1594735, 1594736]"
case_1609377,train_retrieval,3,very_long_9+,week_2017-10-30,10,False,compensation,True,2017-11-05 10:18:15+00:00,494109,conv_1609377,@VirginTrains Sent a delay repay claim on 29/9/17. heard nothing since. Help please? email response attached __email__ https://t.co/XGkU0NAhFC,"Type: compensation. Outcome: agent_answered_unconfirmed. Brand agent turns: 5. Signals seen: compensation, redirected_to_dm, escalated, self_service, information_provided, clarification_requested. Evidence: [tweet 1609375, redirected_to_dm] ""Could you DM us with a VT reference number?""; [tweet 1609378, compensation] ""Hi Donal, this should be within the email you received after submitting your claim""; [tweet 1609380, redirected_to_dm] ""Could you DM your email address?""; [tweet 1609383, redirected_to_dm] ""Please could you DM so we can look into this, Donal https://t.co/hhfk9bLWWV""","[CUSTOMER 1609377] @VirginTrains Sent a delay repay claim on 29/9/17. heard nothing since. Help please? email response attached __email__ https://t.co/XGkU0NAhFC
[AGENT 1609375] @494109 Could you DM us with a VT reference number? ^PA
[CUSTOMER 1609376] @VirginTrains @VirginTrains you asked for a VT number from me. Where would I find this?
[AGENT 1609378] @494109 Hi Donal, this should be within the email you received after submitting your claim ^HP
[CUSTOMER 1609379] @VirginTrains The only email I seem to receive was the one I attached originally to this conversation. Does my email address not help track my claim?
[AGENT 1609380] @494109 Could you DM your email address? ^LC
[CUSTOMER 1609381] @VirginTrains This was in my original DM: __email__. Thanks.
[AGENT 1609383] @494109 Please could you DM so we can look into this, Donal https://t.co/hhfk9bLWWV
[CUSTOMER 1609382] @VirginTrains Sure. But What do you want me to say beyond what I’ve already provided?
[AGENT 1609384] @494109 So we can look into the case and respond without the character limit ^LC","[1609377, 1609375, 1609376, 1609378, 1609379, 1609380, 1609381, 1609383, 1609382, 1609384]"
case_720400,train_retrieval,9,very_long_9+,week_2017-10-30,19,False,compensation,False,2017-11-05 10:51:11+00:00,292420,conv_720400,@VirginTrains please can you advise why the 10:38 from Liverpool to Euston is still sitting at Lime Street? How long until we leave?,"Type: compensation. Outcome: customer_followup_unanswered. Brand agent turns: 8. Signals seen: compensation, self_service, information_provided, clarification_requested, other. Evidence: [tweet 720392, compensation] ""You can claim via __email__""","[CUSTOMER 720400] @VirginTrains please can you advise why the 10:38 from Liverpool to Euston is still sitting at Lime Street? How long until we leave?
[AGENT 720399] @292420 Apologies Peter, this is due to a signalling failure I'm afraid but we hope to have you on the move asap ^HP
[CUSTOMER 720398] @VirginTrains How do I get the cost of my ticket back thanks
[AGENT 720395] @292420 If you haven't travelled then it's via point of purchase otherwise it's https://t.co/k6CXblMZYQ ^PA
[CUSTOMER 720394] @VirginTrains How do I get a refund for the useless WIFI one just paid £5 to use?
[CUSTOMER 720397] @VirginTrains And the plug socket in my table doesn’t work
[CUSTOMER 720396] @VirginTrains This is pathetic, 40 minute delays, no WiFi even though I’ve paid £5 and now I can’t charge my phone
[AGENT 720410] @292420 1/2 Hi Peter, sorry to hear this. Please speak to staff as they should be able to reset the sockets for you.
[AGENT 720401] @292420 2/2 Have you been able to connect to the Wi-Fi at all? ^HP
[AGENT 720392] @292420 You can claim via __email__ ^PA
[CUSTOMER 720403] @VirginTrains Connected and every time I open bt sports it freezes
[CUSTOMER 720402] @VirginTrains And I’ve tried other streams and the same happens, either freezes or won’t open
[AGENT 720404] @292420 We don't support streaming Peter. ^PA
[CUSTOMER 720405] @VirginTrains Then maybe that should be made clear. Also as I have the BT Sports App that should work properly and it doesn’t as the WiFi is so poor
[AGENT 720406] @292420 We do when you purchase it ^PA https://t.co/vdg7SXkTgB
[CUSTOMER 720407] @VirginTrains That never appeared! Also why advertise BEAM “stream hundreds of hours of TV episodes &amp; Movies for free”
[AGENT 720408] @292420 Sorry to hear that Peter. You can watch movies and TV shows via our BEAM app, as this works on a separate network to our wifi
[CUSTOMER 720409] @VirginTrains Ok then let me use that network and I might be able to watch the second half 👍
[CUSTOMER 720393] @VirginTrains Please advise as to why they will not refund this? I am more than disappointed with your service and there’s so far.","[720400, 720399, 720398, 720395, 720394, 720397, 720396, 720410, 720401, 720392, 720403, 720402, 720404, 720405, 720406, 720407, 720408, 720409, 720393]"
case_1611338,train_retrieval,2,short_1-2,week_2017-10-30,2,False,clarification_requested,False,2017-11-05 10:52:56+00:00,494557,conv_1611338,@VirginTrains hi! Any news on the 10:37 Wilmslow - Euston? Xxx,"Type: clarification_requested. Outcome: agent_awaiting_customer. Brand agent turns: 1. Signals seen: clarification_requested. Evidence: [tweet 1611337, clarification_requested] ""Apologies for the delay in getting back to you, are you onboard now?""","[CUSTOMER 1611338] @VirginTrains hi! Any news on the 10:37 Wilmslow - Euston? Xxx
[AGENT 1611337] @494557 Apologies for the delay in getting back to you, are you onboard now? ^HP","[1611338, 1611337]"
case_1612179,train_retrieval,6,long_5-8,week_2017-10-30,8,True,information_provided,True,2017-11-05 11:30:40+00:00,256520,conv_1612179,@VirginTrains hi I needed to reserve a seat for my open return back to London Euston,"Type: information_provided. Outcome: agent_closed. Brand agent turns: 4. Signals seen: redirected_to_dm, information_provided, clarification_requested. Evidence: [tweet 1612177, redirected_to_dm] ""Hi Aleena, could you drop us a message with details of the service and we'll take a look?""; [tweet 1612184, information_provided] ""Ahh good to hear Aleena, enjoy your journey""","[CUSTOMER 1612179] @VirginTrains hi I needed to reserve a seat for my open return back to London Euston
[AGENT 1612177] @256520 Hi Aleena, could you drop us a message with details of the service and we'll take a look? Thanks ^HP
[CUSTOMER 1612178] @VirginTrains Hi I have just waiting on a reply back!
[AGENT 1612180] @256520 When are you travelling? ^PA
[CUSTOMER 1612181] @VirginTrains Today for the 12:47 from liverpool life e street
[AGENT 1612182] @256520 Apologies Aleena, reservations had already closed for this service I'm afraid. Are you onboard now? ^HP
[CUSTOMER 1612183] @VirginTrains Yes, all food thanks
[AGENT 1612184] @256520 Ahh good to hear Aleena, enjoy your journey ^HP","[1612179, 1612177, 1612178, 1612180, 1612181, 1612182, 1612183, 1612184]"
case_1614090,dev_calibration,9,short_1-2,week_2017-10-30,2,False,redirected_to_other_operator,False,2017-11-05 12:24:53+00:00,495128,conv_1614090,"@VirginTrains Hi, any advice on getting to Glasgow? I was booked on the 12:28 from Euston","Type: redirected_to_other_operator. Outcome: agent_answered_unconfirmed. Brand agent turns: 1. Signals seen: redirected_to_other_operator. Evidence: [tweet 1614089, redirected_to_other_operator] ""You can travel via @120576 to Edinburgh then @124107 service to Glasgow.""","[CUSTOMER 1614090] @VirginTrains Hi, any advice on getting to Glasgow? I was booked on the 12:28 from Euston
[AGENT 1614089] @495128 You can travel via @120576 to Edinburgh then @124107 service to Glasgow. ^PA","[1614090, 1614089]"
case_1614371,train_retrieval,6,medium_3-4,week_2017-10-30,3,True,redirected_to_other_operator,False,2017-11-05 12:39:12+00:00,495188,conv_1614371,@VirginTrains standing for 3 hours WITH reserved tickets but apparently coach doesn't exist! This is awful service! https://t.co/0DbsTjomUt,"Type: redirected_to_other_operator. Outcome: customer_confirmed. Brand agent turns: 1. Signals seen: redirected_to_other_operator. Evidence: [tweet 1614369, redirected_to_other_operator] ""You'll need to speak with @120576 as it's their service.""","[CUSTOMER 1614371] @VirginTrains standing for 3 hours WITH reserved tickets but apparently coach doesn't exist! This is awful service! https://t.co/0DbsTjomUt
[AGENT 1614369] @495188 You'll need to speak with @120576 as it's their service. ^PA
[CUSTOMER 1614370] @VirginTrains @120576 Ok thanks","[1614371, 1614369, 1614370]"
case_1615079,train_retrieval,10,long_5-8,week_2017-10-30,6,False,refund,True,2017-11-05 13:09:19+00:00,495377,conv_1615079,@VirginTrains utter disaster today. Haven't made EUS\MAN single (cancelled) so will not be returning (also single ticket). Refund for both?,"Type: refund. Outcome: redirected_to_dm. Brand agent turns: 3. Signals seen: refund, compensation, redirected_to_dm, troubleshooting, self_service, clarification_requested. Evidence: [tweet 1615077, refund] ""You can claim a refund here: https://t.co/ZLng1sajAS""; [tweet 1615082, redirected_to_dm] ""Could you DM us please?""","[CUSTOMER 1615079] @VirginTrains utter disaster today. Haven't made EUS\MAN single (cancelled) so will not be returning (also single ticket). Refund for both?
[AGENT 1615077] @495377 Hi Tony, really sorry for the inconvenience caused to you. You can claim a refund here: https://t.co/ZLng1sajAS ^HP
[CUSTOMER 1615078] @VirginTrains Filled in the form and the Submit button doesn't work. Is this a deliberate way of putting people off refunds? Or just ineptitude?
[AGENT 1615080] @495377 Have you tried from another device, Toby? ^MM
[CUSTOMER 1615081] @VirginTrains Yes. Three. An Android, Mac and Windows, none of which worked.
[AGENT 1615082] @495377 What happens when you attempt to submit the form, Tony? Could you DM us please? ^KS https://t.co/hhfk9c3ylv","[1615079, 1615077, 1615078, 1615080, 1615081, 1615082]"
case_1617046,train_retrieval,7,long_5-8,week_2017-10-30,7,True,redirected_to_other_operator,False,2017-11-05 14:10:02+00:00,495859,conv_1617046,Don't think much to your replacement bus service @VirginTrains no buses available. Gonna miss my connection! #Sortitout,"Type: redirected_to_other_operator. Outcome: agent_closed. Brand agent turns: 2. Signals seen: redirected_to_other_operator, clarification_requested. Evidence: [tweet 1617047, redirected_to_other_operator] ""Thnaks Hollie, it sounds like you're travelling with our friends @120576 so we'll pass this over for you""","[CUSTOMER 1617046] Don't think much to your replacement bus service @VirginTrains no buses available. Gonna miss my connection! #Sortitout
[AGENT 1617044] @495859 Sorry to hear this Hollie, where are you travelling from/to? ^HP
[CUSTOMER 1617045] @VirginTrains Peterborough to Newark. Stage coach staff are trying to deal with it but no virgin staff to be seen?
[AGENT 1617047] @495859 Thnaks Hollie, it sounds like you're travelling with our friends @120576 so we'll pass this over for you ^HP
[OTHER-AGENT 1617048] @VirginTrains @495859 Sorry to hear this Hollie - are there any Virgin staff in the station who could assist with this? ^KM
[CUSTOMER 1617049] @120576 @VirginTrains Problem solved now. An addition stop added on Edinburgh train to get us straight to Doncaster so saved us a change at Newark! #callthatawin
[OTHER-AGENT 1617050] @495859 @VirginTrains Glad to hear. ^KM","[1617046, 1617044, 1617045, 1617047, 1617048, 1617049, 1617050]"
case_1647934,train_retrieval,9,long_5-8,week_2017-10-30,8,False,redirected_to_other_operator,False,2017-11-05 15:37:17+00:00,503465,conv_1647934,@213768 @122155 @VirginTrains can someone advise what we need to do please. Was suppose to be going London Euston - Northampton.,"Type: redirected_to_other_operator. Outcome: customer_followup_unanswered. Brand agent turns: 2. Signals seen: redirected_to_other_operator, clarification_requested. Evidence: [tweet 1647927, redirected_to_other_operator] ""Have you been able to speak to @122155 about alternatve travel options at all?""","[CUSTOMER 1647934] @213768 @122155 @VirginTrains can someone advise what we need to do please. Was suppose to be going London Euston - Northampton.
[CUSTOMER 1647933] @213768 @122155 @VirginTrains thanks for the reply guys, nice to see you all care about the people contributing to your wages!
[AGENT 1647932] @503465 @213768 @122155 Apologies, we've received a high number of tweets tonight and are doing our best to respond asap. Which service/s were you due to travel on?
[CUSTOMER 1647929] @VirginTrains @213768 @122155 booked with you to travel for today on the east mindlands London Euston - Northampton @ 16:34 but was sent to London St Pancreas (1/2)
[CUSTOMER 1647931] @VirginTrains @213768 @122155 after encountering very unhelpful and rude staff we managed to find a train (@ 6pm) to get us to Wellingborough (NOT Northampton) (2/3)
[AGENT 1647927] @503465 @213768 @122155 Have you been able to speak to @122155 about alternatve travel options at all? ^KS
[CUSTOMER 2017191] @VirginTrains @213768 @122155 which we then had to get a bus back to Northampton Station for around 19:30! Extremely unhappy &amp; will be contacting management (3/3).
[CUSTOMER 1647928] @VirginTrains @213768 @122155 told us to wait @ London Euston as our train would be fine (which it obviously wasn’t). The staff @ both stations were very rude &amp; unhelpful","[1647934, 1647933, 1647932, 1647929, 1647931, 1647927, 2017191, 1647928]"
case_1622973,dev_calibration,1,short_1-2,week_2017-10-30,2,False,compensation,False,2017-11-05 16:58:54+00:00,497197,conv_1622973,"@VirginTrains Hi, is there any issues other than at MK? My friend has been kicked off the train at Crewe heading to Lime St.","Type: compensation. Outcome: redirected_to_channel. Brand agent turns: 1. Signals seen: compensation, self_service. Evidence: [tweet 1622972, compensation] ""Please claim via our Delay Repay form here - https://t.co/pNsJUVoOrs""","[CUSTOMER 1622973] @VirginTrains Hi, is there any issues other than at MK? My friend has been kicked off the train at Crewe heading to Lime St.
[AGENT 1622972] @497197 Service will be on the move again shortly. Please claim via our Delay Repay form here - https://t.co/pNsJUVoOrs ^MM","[1622973, 1622972]"
case_1622937,train_retrieval,5,medium_3-4,week_2017-10-30,3,False,information_provided,False,2017-11-05 17:15:14+00:00,257903,conv_1622937,"@VirginTrains no updates, nobody can find a train manager on delayed 14:47. Any update have maximum 3 hours milk  for baby with allergies","Type: information_provided. Outcome: customer_followup_unanswered. Brand agent turns: 1. Signals seen: information_provided. Evidence: [tweet 1622935, information_provided] ""They should be in Coach C, they can advise.""","[CUSTOMER 1622937] @VirginTrains no updates, nobody can find a train manager on delayed 14:47. Any update have maximum 3 hours milk for baby with allergies
[AGENT 1622935] @257903 They should be in Coach C, they can advise. ^PA
[CUSTOMER 1622936] @VirginTrains You would think that! The 4 times I have been with the baby in my arms, fought my way in shop queue to find this! https://t.co/PwHsVChhIy","[1622937, 1622935, 1622936]"
case_1638994,train_retrieval,9,short_1-2,week_2017-10-30,2,False,clarification_requested,False,2017-11-05 18:50:17+00:00,501167,conv_1638994,@VirginTrains hi is the 20.21 going to be on time? If not can I travel first thing? Need to be in London by 11pm.,"Type: clarification_requested. Outcome: agent_awaiting_customer. Brand agent turns: 1. Signals seen: clarification_requested. Evidence: [tweet 1638993, clarification_requested] ""Hi Hannah, where are you travelling from?""","[CUSTOMER 1638994] @VirginTrains hi is the 20.21 going to be on time? If not can I travel first thing? Need to be in London by 11pm.
[AGENT 1638993] @501167 Hi Hannah, where are you travelling from? ^HP","[1638994, 1638993]"
case_1639531,train_retrieval,1,medium_3-4,week_2017-10-30,3,False,information_provided,False,2017-11-05 18:58:35+00:00,501305,conv_1639531,@VirginTrains will I be able to get from London Euston to Manchester tonight? I have a ticket for an off peak train.,"Type: information_provided. Outcome: agent_answered_unconfirmed. Brand agent turns: 1. Signals seen: information_provided. Evidence: [tweet 1639529, information_provided] ""Hi Caoimhe, services are slowly getting back on the move so please speak to station staff who can assist further""","[CUSTOMER 1639531] @VirginTrains will I be able to get from London Euston to Manchester tonight? I have a ticket for an off peak train.
[CUSTOMER 1639530] @VirginTrains and it expires tonight. Really need to get back to manchester tonight, I have a seminar at 9am and attendance is graded
[AGENT 1639529] @501305 Hi Caoimhe, services are slowly getting back on the move so please speak to station staff who can assist further ^HP","[1639531, 1639530, 1639529]"
case_1184894,train_retrieval,1,medium_3-4,week_2017-10-30,3,False,redirected_to_dm,True,2017-11-05 20:14:16+00:00,244087,conv_1184831,"@VirginTrains We’re not leaving Manchsster, lines seemed blocked and 1st class only has standing space. Can I use my ticket on a train tomorrow morning?","Type: redirected_to_dm. Outcome: customer_followup_unanswered. Brand agent turns: 1. Signals seen: redirected_to_dm, clarification_requested. Evidence: [tweet 1633345, redirected_to_dm] ""Could you DM us please, Ethan?""","[CUSTOMER 1184894] @VirginTrains We’re not leaving Manchsster, lines seemed blocked and 1st class only has standing space. Can I use my ticket on a train tomorrow morning?
[AGENT 1633345] @244087 Could you DM us please, Ethan? ^KS
[CUSTOMER 1633346] @VirginTrains Manchester Piccadilly announcer has just said tickets can be used tomorrow morning?","[1184894, 1633345, 1633346]"
case_1329587,train_retrieval,1,medium_3-4,week_2017-10-30,3,False,refund,False,2017-11-05 20:39:56+00:00,430227,conv_1329587,Still waiting on a reply and still waiting for my train to pull into Euston @virgintrains 😂💅🏻 https://t.co/HuQIEnATjX,"Type: refund. Outcome: redirected_to_channel. Brand agent turns: 2. Signals seen: refund, compensation, self_service. Evidence: [tweet 1329586, refund] ""It'll be a full refund if you're over an hour late ^KS 2/2""","[CUSTOMER 1329587] Still waiting on a reply and still waiting for my train to pull into Euston @virgintrains 😂💅🏻 https://t.co/HuQIEnATjX
[AGENT 1329586] @430227 It'll be a full refund if you're over an hour late ^KS 2/2
[AGENT 1329588] @430227 Hi Katie, you will be able to claim delay repay compensation here https://t.co/qGAVFFgZTm. 1/2","[1329587, 1329586, 1329588]"
case_1636035,train_retrieval,2,medium_3-4,week_2017-10-30,3,False,unresolved,False,2017-11-05 21:15:59+00:00,500421,conv_1636035,@VirginTrains 3 hours from Cov to Euston whaaaaat is goin on. Still not there. Pls update,"Type: unresolved. Outcome: customer_followup_unanswered. Brand agent turns: 1. Signals seen: clarification_requested. Evidence: [tweet 1636033, clarification_requested] ""Which service are you on?""","[CUSTOMER 1636035] @VirginTrains 3 hours from Cov to Euston whaaaaat is goin on. Still not there. Pls update
[AGENT 1636033] @500421 Apologies, Scott. Which service are you on? ^KS
[CUSTOMER 1636034] @VirginTrains The Long one","[1636035, 1636033, 1636034]"
case_1329598,train_retrieval,10,very_long_9+,week_2017-10-30,9,False,self_service,True,2017-11-05 21:35:58+00:00,430234,conv_1184831,@VirginTrains hi i have an off-peak open return ticket and tried traveling today. Can I use this tomorrow?,"Type: self_service. Outcome: agent_answered_unconfirmed. Brand agent turns: 3. Signals seen: redirected_to_dm, self_service, information_provided, clarification_requested. Evidence: [tweet 1329618, redirected_to_dm] ""Could you DM us please?""; [tweet 1329618, self_service] ""^KS https://t.co/hhfk9c3ylv""","[CUSTOMER 1329598] @VirginTrains hi i have an off-peak open return ticket and tried traveling today. Can I use this tomorrow?
[CUSTOMER 1329611] @259255 @VirginTrains i had the same problem
[AGENT 1329616] @430234 Yes, you will be able to use today's ticket to travel tomorrow ^KS
[CUSTOMER 1329617] @VirginTrains will it work for any time train tomorrow including peak times?
[AGENT 1329618] @430234 Could you DM us please? ^KS https://t.co/hhfk9c3ylv
[CUSTOMER 1329621] @VirginTrains ok i have
[CUSTOMER 1329620] @VirginTrains am i going to get a reply back?
[CUSTOMER 1329615] @259255 @VirginTrains like they were saying all trains cancelled so ......
[AGENT 1329622] @430234 You will be able to travel tomorrow morning, trains are expected to be busier than usual ^KS","[1329598, 1329611, 1329616, 1329617, 1329618, 1329621, 1329620, 1329615, 1329622]"
case_1641000,train_retrieval,1,medium_3-4,week_2017-10-30,3,False,other,False,2017-11-05 22:32:24+00:00,501671,conv_1641000,@VirginTrains On the v v v delayed 19.47 from Lvpool to Euston. Train manager is super busy. Pls pass on my thanks 1/2,"Type: other. Outcome: agent_answered_unconfirmed. Brand agent turns: 1. Signals seen: other. Evidence: [tweet 1640998, other] ""Thanks for your comments, Phil""","[CUSTOMER 1641000] @VirginTrains On the v v v delayed 19.47 from Lvpool to Euston. Train manager is super busy. Pls pass on my thanks 1/2
[CUSTOMER 1640999] @VirginTrains as he came all the way from Ldn to get our train moving. He is doing a stellar job in bad circumstances.
[AGENT 1640998] @501671 Thanks for your comments, Phil ^MM","[1641000, 1640999, 1640998]"
case_1651313,train_retrieval,0,short_1-2,week_2017-11-06,2,False,compensation,False,2017-11-06 07:10:13+00:00,409240,conv_1651311,@504309 @VirginTrains It deffo hasn’t has it! You’re just arsed about a free brekky or some leg room,"Type: compensation. Outcome: redirected_to_channel. Brand agent turns: 1. Signals seen: compensation, self_service. Evidence: [tweet 1651314, compensation] ""You can claim for the delay here, Gayle https://t.co/OCWVjGsKGC""","[CUSTOMER 1651313] @504309 @VirginTrains It deffo hasn’t has it! You’re just arsed about a free brekky or some leg room
[AGENT 1651314] @409240 You can claim for the delay here, Gayle https://t.co/OCWVjGsKGC ^LC","[1651313, 1651314]"
case_1661608,train_retrieval,6,medium_3-4,week_2017-11-06,3,False,escalated,False,2017-11-06 08:38:57+00:00,506780,conv_1661608,@VirginTrains Reserved 1st and no seats available. Booked carriage doesn’t exist so have paid 89 quid one way to stand to London - not on :(,"Type: escalated. Outcome: redirected_to_channel. Brand agent turns: 2. Signals seen: escalated, self_service. Evidence: [tweet 1661609, escalated] ""This can be escalated further with Customer Relations via""","[CUSTOMER 1661608] @VirginTrains Reserved 1st and no seats available. Booked carriage doesn’t exist so have paid 89 quid one way to stand to London - not on :(
[AGENT 1661609] @506780 1/2 Sorry to hear about your experience while travelling with us today, Jason. This can be escalated further with Customer Relations via
[AGENT 1661607] @506780 2/2 the online complaints link - https://t.co/t20UbyOCSn ^MM","[1661608, 1661609, 1661607]"
case_1674278,train_retrieval,5,medium_3-4,week_2017-11-06,4,False,self_service,True,2017-11-06 13:45:41+00:00,509433,conv_1674278,@VirginTrains please private message me regarding yesterday's problems with trains.,"Type: self_service. Outcome: agent_answered_unconfirmed. Brand agent turns: 2. Signals seen: redirected_to_dm, self_service, other. Evidence: [tweet 1674277, redirected_to_dm] ""You can DM us here Jessica ^LC https://t.co/hhfk9c3ylv""; [tweet 1674277, self_service] ""You can DM us here Jessica ^LC https://t.co/hhfk9c3ylv""","[CUSTOMER 1674278] @VirginTrains please private message me regarding yesterday's problems with trains.
[AGENT 1674277] @509433 You can DM us here Jessica ^LC https://t.co/hhfk9c3ylv
[CUSTOMER 1674276] @VirginTrains Yes I've already DM'ed you yesterday no reply.
[AGENT 1674275] @509433 2 moment's, Jessica ^LC","[1674278, 1674277, 1674276, 1674275]"
case_1677221,train_retrieval,4,long_5-8,week_2017-11-06,7,False,account_action,True,2017-11-06 14:53:05+00:00,510173,conv_1677221,@VirginTrains will first class tickets still be honoured today too?,"Type: account_action. Outcome: redirected_to_dm. Brand agent turns: 3. Signals seen: account_action, redirected_to_dm, clarification_requested, other. Evidence: [tweet 1677224, account_action] ""Thanks John, we've reserved a seat for you.""; [tweet 1677224, redirected_to_dm] ""Can you please DM us with your surname and we'll send you confirmation of this?""","[CUSTOMER 1677221] @VirginTrains will first class tickets still be honoured today too?
[AGENT 1677218] @510173 They will be John :) ^HP
[CUSTOMER 1677220] @VirginTrains Thanks for the speedy reply, Is there a way I can reboot my seat?
[AGENT 1677222] @510173 No problem, John, we can certainly take a look for you. Which service are you planning to travel on please? ^HP
[CUSTOMER 1677219] @VirginTrains The 18.23 from Rugby to London Euston :)
[CUSTOMER 1677223] @VirginTrains That's the closest to the time I was supposed to travel yesterday :)
[AGENT 1677224] @510173 Thanks John, we've reserved a seat for you. Can you please DM us with your surname and we'll send you confirmation of this?","[1677221, 1677218, 1677220, 1677222, 1677219, 1677223, 1677224]"
case_1683909,train_retrieval,3,short_1-2,week_2017-11-06,2,True,information_provided,False,2017-11-06 16:53:01+00:00,511769,conv_1683909,Thanks @VirginTrains for such a quick delay repayment email. I didn’t have to do anything! Brilliant.#refunds #speedy #CustomerService,"Type: information_provided. Outcome: agent_closed. Brand agent turns: 1. Signals seen: information_provided. Evidence: [tweet 1683908, information_provided] ""Great to hear this has been resolved quickly for you, Martin :)""","[CUSTOMER 1683909] Thanks @VirginTrains for such a quick delay repayment email. I didn’t have to do anything! Brilliant.#refunds #speedy #CustomerService
[AGENT 1683908] @511769 Great to hear this has been resolved quickly for you, Martin :) ^HP","[1683909, 1683908]"
case_1694202,train_retrieval,3,short_1-2,week_2017-11-06,2,True,information_provided,False,2017-11-06 19:34:26+00:00,514096,conv_1694202,@VirginTrains thanks for the automatic delay repay for the delayed train to Liverpool on Nov 3rd 😊#cheekybonus #greatservice,"Type: information_provided. Outcome: agent_closed. Brand agent turns: 1. Signals seen: information_provided. Evidence: [tweet 1694201, information_provided] ""Glad to hear this has been sorted quickly for you, Dave 😊""","[CUSTOMER 1694202] @VirginTrains thanks for the automatic delay repay for the delayed train to Liverpool on Nov 3rd 😊#cheekybonus #greatservice
[AGENT 1694201] @514096 Glad to hear this has been sorted quickly for you, Dave 😊 ^HP","[1694202, 1694201]"
case_1687216,train_retrieval,8,short_1-2,week_2017-11-06,2,True,feedback_acknowledged,False,2017-11-06 19:39:53+00:00,512392,conv_1687216,A great seamless journey from MK to Glasgow; all clean and tidy @VirginTrains,"Type: feedback_acknowledged. Outcome: agent_closed. Brand agent turns: 1. Signals seen: feedback_acknowledged. Evidence: [tweet 1687215, feedback_acknowledged] ""Thanks for your feedback 😊""","[CUSTOMER 1687216] A great seamless journey from MK to Glasgow; all clean and tidy @VirginTrains
[AGENT 1687215] @512392 Great to hear, Eleanor! Thanks for your feedback 😊 ^HP","[1687216, 1687215]"
case_1700165,train_retrieval,5,long_5-8,week_2017-11-06,8,True,troubleshooting,False,2017-11-06 21:04:58+00:00,515573,conv_1700165,"@VirginTrains Thought trains were to stop people using their cars? 318 quid for a ticket to London, or 40 quid in petrol... hmmm!!","Type: troubleshooting. Outcome: agent_closed. Brand agent turns: 4. Signals seen: troubleshooting, self_service, information_provided, clarification_requested. Evidence: [tweet 1700158, troubleshooting] ""Have you tried our Best Fare Finder?""","[CUSTOMER 1700165] @VirginTrains Thought trains were to stop people using their cars? 318 quid for a ticket to London, or 40 quid in petrol... hmmm!!
[AGENT 1700164] @515573 Hi there, which journey are you looking to travel on please? ^HP
[CUSTOMER 1700160] @VirginTrains Warrington bank quay to euston. Pretty extortionate tbf
[AGENT 1700158] @515573 Have you tried our Best Fare Finder? https://t.co/TT7QH7eVeF ^HP
[CUSTOMER 1700159] @VirginTrains I haven't. Says a lot about the train prices that I'd rather pollute and save money. #maketrainsaffordable
[AGENT 1700161] @515573 Our Best Fare Finder shows our cheapest available Advance fares, so it may be worth having a look at if you can ^HP
[CUSTOMER 1700162] @VirginTrains I need to make the journey tomorrow and short notice.
[AGENT 1700163] @515573 If you need to travel at short notice and don't know your time, then you'd need an Off Peak or Anytime ticket. ^PA","[1700165, 1700164, 1700160, 1700158, 1700159, 1700161, 1700162, 1700163]"
case_1701369,train_retrieval,11,very_long_9+,week_2017-11-06,12,True,refund,False,2017-11-06 21:15:41+00:00,515858,conv_1701369,@VirginTrains ey up.I have just purchased WiFi on L’pool-L’don service and it isn’t working. Any chance of a refund? #FirstWorldProblem #3G,"Type: refund. Outcome: customer_confirmed. Brand agent turns: 4. Signals seen: refund, compensation, feedback_acknowledged, information_provided, clarification_requested. Evidence: [tweet 1701376, refund] ""Please contact __email__ in order to claim a refund for your Wi-Fi pass""","[CUSTOMER 1701369] @VirginTrains ey up.I have just purchased WiFi on L’pool-L’don service and it isn’t working. Any chance of a refund? #FirstWorldProblem #3G
[AGENT 1701366] @515858 Hi Michael, have you been able to connect to the network at all? ^HP
[CUSTOMER 1701368] @VirginTrains It worked a little bit before but now it just buffers. It’s only a fiver but I’d expect it to work quite well for that.
[CUSTOMER 1701367] @VirginTrains I was hoping to catch tonight’s #CoronationStreet but my dreams were shattered.
[AGENT 1701370] @515858 Apologies Michael, I'm afraid our Wi-Fi is unable to support streaming. Sorry for the inconvenience caused ^HP
[CUSTOMER 1701371] @VirginTrains Couldn’t they have said that in big bold letters before I bought it though?
[CUSTOMER 1701372] @VirginTrains I’m just worried that by the time I see Corrie elsewhere my friend who also watches it will have ruined it for me by telling me what happens
[AGENT 1701373] @515858 Apologies Michael, this is in our T&amp;Cs but we'll pass your comments on. Warn your friend not to give away any spoilers! ^HP
[CUSTOMER 1701375] @VirginTrains Well the WiFi hasn’t worked for much else either, not even to talk on this so is there a chance of a refund?
[CUSTOMER 1701374] @VirginTrains As you can see I’m using my own data https://t.co/dalhsXIsJJ
[AGENT 1701376] @515858 Please contact __email__ in order to claim a refund for your Wi-Fi pass ^HP
[CUSTOMER 1701377] @VirginTrains Thank you","[1701369, 1701366, 1701368, 1701367, 1701370, 1701371, 1701372, 1701373, 1701375, 1701374, 1701376, 1701377]"
case_1704169,train_retrieval,8,short_1-2,week_2017-11-06,2,False,troubleshooting,False,2017-11-06 21:56:50+00:00,516572,conv_1704169,"@VirginTrains 😲 £95 return to London from Glasgow, however flying is only £58 ... i know who i have to choose this time😣","Type: troubleshooting. Outcome: redirected_to_channel. Brand agent turns: 1. Signals seen: troubleshooting, self_service, clarification_requested. Evidence: [tweet 1704168, troubleshooting] ""Hi Tracie, have you tried our Best Fare Finder?""","[CUSTOMER 1704169] @VirginTrains 😲 £95 return to London from Glasgow, however flying is only £58 ... i know who i have to choose this time😣
[AGENT 1704168] @516572 Hi Tracie, have you tried our Best Fare Finder? This shows our cheapest available Advance fares: https://t.co/wIFmA8ya3I ^HP","[1704169, 1704168]"
case_1721822,train_retrieval,11,medium_3-4,week_2017-11-06,3,True,troubleshooting,False,2017-11-07 08:11:09+00:00,521028,conv_1721822,Help us out @VirginTrains please. Wi-fi is not coming to those who wait as per your advert!,"Type: troubleshooting. Outcome: customer_confirmed. Brand agent turns: 1. Signals seen: troubleshooting, self_service. Evidence: [tweet 1721820, troubleshooting] ""Have you tried disconnecting from the WiFi, reconnecting and typing https://t.co/1JEOSVPtGN into your browser's URL bar?""","[CUSTOMER 1721822] Help us out @VirginTrains please. Wi-fi is not coming to those who wait as per your advert!
[AGENT 1721820] @521028 Have you tried disconnecting from the WiFi, reconnecting and typing https://t.co/1JEOSVPtGN into your browser's URL bar? ^BT
[CUSTOMER 1721821] @VirginTrains Sorted. Thankyou","[1721822, 1721820, 1721821]"
case_1738441,train_retrieval,7,short_1-2,week_2017-11-06,2,False,compensation,False,2017-11-07 10:31:28+00:00,450537,conv_1738441,"@VirginTrains VT-171017-0926
21 days since my complaint. Am I likely to receive a response today?","Type: compensation. Outcome: agent_answered_unconfirmed. Brand agent turns: 1. Signals seen: compensation. Evidence: [tweet 1738439, compensation] ""The claim is currently sitting with one of the team and they will be in touch ASAP.""","[CUSTOMER 1738441] @VirginTrains VT-171017-0926 21 days since my complaint. Am I likely to receive a response today?
[AGENT 1738439] @450537 Hi Jonathan, this can take up to 28 days. The claim is currently sitting with one of the team and they will be in touch ASAP. ^BT","[1738441, 1738439]"
case_1728091,train_retrieval,7,very_long_9+,week_2017-11-06,9,False,compensation,True,2017-11-07 10:43:39+00:00,522547,conv_1728091,@VirginTrains it's so hard to get in touch with an actual person! I've been in the live chat que for 45 minutes 😤#Frustrating,"Type: compensation. Outcome: redirected_to_dm. Brand agent turns: 4. Signals seen: compensation, redirected_to_dm, self_service, information_provided, other. Evidence: [tweet 1728083, compensation] ""We recommend you apply for delay repay here https://t.co/alpaEi1aea as there was major disruption on Sunday""; [tweet 1728089, redirected_to_dm] ""We can of course check if a case has already been set up, if you could DM us your email address?""","[CUSTOMER 1728091] @VirginTrains it's so hard to get in touch with an actual person! I've been in the live chat que for 45 minutes 😤#Frustrating
[AGENT 1728090] @522547 Is there anything we can help with here? ^BT
[CUSTOMER 1728085] @VirginTrains I was delayed massively (90min each way) on Sunday.I fit the criteria for automatic delay repay but have had no email.
[AGENT 1728083] @522547 Hi Sara. We recommend you apply for delay repay here https://t.co/alpaEi1aea as there was major disruption on Sunday^BT
[CUSTOMER 1728084] @VirginTrains Will I get my refund in 3 working days, the same as automatic delay repay by using this form?
[AGENT 1728086] @522547 This can take up to 28 days however the team do aim to be in contact within 14. ^BT
[CUSTOMER 1728087] @VirginTrains Not great service. Why should I wait 10-18 days longer if I qualify?If you advertise automatic delay repay then you should uphold it (1of2)
[CUSTOMER 1728088] @VirginTrains for all customers who qualify.Especially after major disruption.its not the customers fault if you can't meet the demand (2of2)
[AGENT 1728089] @522547 We can of course check if a case has already been set up, if you could DM us your email address? ^BT https://t.co/hhfk9c3ylv","[1728091, 1728090, 1728085, 1728083, 1728084, 1728086, 1728087, 1728088, 1728089]"
case_1631499,train_retrieval,-3,short_1-2,week_2017-11-06,2,False,compensation,False,2017-11-07 10:54:44+00:00,499305,conv_1631500,@VirginTrains Not your fault but inconvenient nevertheless. When should I expect delyrepay to be refunded? I booked through your website.,"Type: compensation. Outcome: redirected_to_channel. Brand agent turns: 1. Signals seen: compensation, self_service. Evidence: [tweet 1631501, compensation] ""As there was major disruption we do recommend you applying for delay repay here https://t.co/9iBMeQMQoI""","[CUSTOMER 1631499] @VirginTrains Not your fault but inconvenient nevertheless. When should I expect delyrepay to be refunded? I booked through your website.
[AGENT 1631501] @499305 As there was major disruption we do recommend you applying for delay repay here https://t.co/9iBMeQMQoI ^BT","[1631499, 1631501]"
case_1731292,dev_calibration,2,medium_3-4,week_2017-11-06,3,False,feedback_acknowledged,False,2017-11-07 11:56:59+00:00,523098,conv_1731292,@VirginTrains Hi delayed on Sunday from Euston Station and given these leaflets. A small spelling mistake :) https://t.co/FkGv8OMAkC,"Type: feedback_acknowledged. Outcome: customer_followup_unanswered. Brand agent turns: 1. Signals seen: feedback_acknowledged. Evidence: [tweet 1731290, feedback_acknowledged] ""Thank you for making us aware Catherine, we will be sure to pass this on.""","[CUSTOMER 1731292] @VirginTrains Hi delayed on Sunday from Euston Station and given these leaflets. A small spelling mistake :) https://t.co/FkGv8OMAkC
[AGENT 1731290] @523098 Thank you for making us aware Catherine, we will be sure to pass this on. ^BT
[CUSTOMER 1731291] @VirginTrains :)","[1731292, 1731290, 1731291]"
case_424549,dev_calibration,3,long_5-8,week_2017-11-06,6,True,information_provided,True,2017-11-07 12:08:42+00:00,216044,conv_424549,"@VirginTrains I applied for a refund on the 28th, appreciate you must have a lot to process from the 27th but wondering when I'll hear back?","Type: information_provided. Outcome: customer_confirmed. Brand agent turns: 3. Signals seen: redirected_to_dm, information_provided, clarification_requested. Evidence: [tweet 424547, redirected_to_dm] ""If you DM us your email we can check if this has""; [tweet 424545, information_provided] ""been seen by one of the team yet.""","[CUSTOMER 424549] @VirginTrains I applied for a refund on the 28th, appreciate you must have a lot to process from the 27th but wondering when I'll hear back?
[AGENT 424548] @216044 Did you receive and automated email or a VT reference number?
[CUSTOMER 424546] @VirginTrains Yeah an automated acknowledgement on the 28th but no reference number and not had anything since
[AGENT 424547] @216044 It can take the team 28 days to get back to you. If you DM us your email we can check if this has
[AGENT 424545] @216044 been seen by one of the team yet. ^BT
[CUSTOMER 424550] @VirginTrains Ok thanks, will do","[424549, 424548, 424546, 424547, 424545, 424550]"
case_1732199,train_retrieval,10,long_5-8,week_2017-11-06,7,False,feedback_acknowledged,False,2017-11-07 12:36:48+00:00,523282,conv_1732199,The UX of a @VirginTrains ticket machine is so poor they have to provide a sticker with (badly spelled) instructions. https://t.co/DDwoem0Tiz,"Type: feedback_acknowledged. Outcome: agent_answered_unconfirmed. Brand agent turns: 3. Signals seen: feedback_acknowledged, information_provided, clarification_requested. Evidence: [tweet 1732200, feedback_acknowledged] ""Thanks for this Danny, we can get back to Euston regarding the sign and pass on feedback regarding the machine.""","[CUSTOMER 1732199] The UX of a @VirginTrains ticket machine is so poor they have to provide a sticker with (badly spelled) instructions. https://t.co/DDwoem0Tiz
[AGENT 1732196] @523282 What station is this at Danny? ^BT
[CUSTOMER 1732198] @VirginTrains Euston but issue isn't the station, it's the UI &amp; check out flow you have built (outsourced to some people who don't understand conversion)
[CUSTOMER 1732197] @VirginTrains Station staff shouldn't be chastised for trying to fix a system problem
[AGENT 1732200] @523282 Thanks for this Danny, we can get back to Euston regarding the sign and pass on feedback regarding the machine. ^BT
[CUSTOMER 1732201] @VirginTrains You don't get it. The sign should stay.
[AGENT 1732202] @523282 Yes I understand that, the comment about the sign was in regards to the spelling Danny. ^BT","[1732199, 1732196, 1732198, 1732197, 1732200, 1732201, 1732202]"
case_1739971,train_retrieval,1,medium_3-4,week_2017-11-06,4,False,information_provided,True,2017-11-07 16:46:26+00:00,525050,conv_1739971,"Couldn’t book my bike on the train online or phone so drove to station to book for tomorrow. Come on @VirginTrains, it’s 2017! #cycling","Type: information_provided. Outcome: agent_answered_unconfirmed. Brand agent turns: 2. Signals seen: redirected_to_dm, information_provided. Evidence: [tweet 1739970, redirected_to_dm] ""Please drop us a message next time as we can do this here for you 😊""; [tweet 1739968, information_provided] ""Apologies about that, Rachael. We're online 24/7 here so can always help in future :)""","[CUSTOMER 1739971] Couldn’t book my bike on the train online or phone so drove to station to book for tomorrow. Come on @VirginTrains, it’s 2017! #cycling
[AGENT 1739970] @525050 Sorry to hear that, Rachael. Please drop us a message next time as we can do this here for you 😊 ^HP
[CUSTOMER 1739969] @VirginTrains Thanks, I will. Nobody answered the phone either :( .
[AGENT 1739968] @525050 Apologies about that, Rachael. We're online 24/7 here so can always help in future :) ^HP","[1739971, 1739970, 1739969, 1739968]"
case_1759113,train_retrieval,3,short_1-2,week_2017-11-06,1,False,unresolved,False,2017-11-07 17:32:50+00:00,525464,conv_1759114,@VirginTrains @138294 Pity same can't be said for other trains - no communication as per usual. Oh well refunds all round again! Don't think I've ever paid yet!,Brand never replied in the public thread (outcome: no_response).,[CUSTOMER 1759113] @VirginTrains @138294 Pity same can't be said for other trains - no communication as per usual. Oh well refunds all round again! Don't think I've ever paid yet!,[1759113]
case_1754323,dev_calibration,9,short_1-2,week_2017-11-06,2,False,self_service,False,2017-11-07 19:12:46+00:00,528389,conv_1754323,@VirginTrains I’m due to travel on the 21.03 to Rugby. Do you think this service will run?,"Type: self_service. Outcome: redirected_to_channel. Brand agent turns: 1. Signals seen: self_service. Evidence: [tweet 1754322, self_service] ""This service is booked to run, Matt, but you can keep up to date here: https://t.co/GCUtJkIKj3""","[CUSTOMER 1754323] @VirginTrains I’m due to travel on the 21.03 to Rugby. Do you think this service will run?
[AGENT 1754322] @528389 This service is booked to run, Matt, but you can keep up to date here: https://t.co/GCUtJkIKj3 ^HP","[1754323, 1754322]"
case_1755340,train_retrieval,2,short_1-2,week_2017-11-06,1,False,unresolved,False,2017-11-07 19:42:53+00:00,528624,conv_1755341,@528623 @VirginTrains Poor you some poor person is dead and you are worried about a delay?,Brand never replied in the public thread (outcome: no_response).,[CUSTOMER 1755340] @528623 @VirginTrains Poor you some poor person is dead and you are worried about a delay?,[1755340]
case_1763262,train_retrieval,0,long_5-8,week_2017-11-06,8,False,self_service,True,2017-11-07 20:55:06+00:00,530487,conv_1763262,This lot tick #glutenfree &amp; #lactosefree boxes but fail on #highprotein @127472 @VirginTrains you need @530487 #startup https://t.co/6AiYBR1L9d,"Type: self_service. Outcome: agent_awaiting_customer. Brand agent turns: 5. Signals seen: redirected_to_dm, self_service, feedback_acknowledged, information_provided, clarification_requested, other. Evidence: [tweet 1765249, redirected_to_dm] ""Thanks guys, we'll drop you a DM 😀""; [tweet 1765250, redirected_to_dm] ""Apologies, we can't seem to be able to drop you a DM at the moment, could you drop us a quick message on the below link https://t.co/hhfk9c3ylv""; [tweet 1765250, self_service] ""Apologies, we can't seem to be able to drop you a DM at the moment, could you drop us a quick message on the below link https://t.co/hhfk9c3ylv""","[CUSTOMER 1763262] This lot tick #glutenfree &amp; #lactosefree boxes but fail on #highprotein @127472 @VirginTrains you need @530487 #startup https://t.co/6AiYBR1L9d
[AGENT 1763260] @530487 @127472 We'll certainly pass your comments on guys, are you a new brand? 😀 ^HP
[CUSTOMER 1763261] @VirginTrains @127472 Yep! Launch on 29th November. High Protein Deliciousness free from gluten, lactose and artificial stuff https://t.co/3F02M20IKY 👍
[AGENT 1763263] @530487 @127472 Nice! We'll keep an eye out for it! ^HP
[CUSTOMER 1765247] @VirginTrains @530959 @127472 Can you drop me the right address and I’ll get some sent out straight away! 👍
[AGENT 1765249] @530487 @530959 @127472 Thanks guys, we'll drop you a DM 😀 ^HP
[AGENT 1765250] @530487 1/2 Apologies, we can't seem to be able to drop you a DM at the moment, could you drop us a quick message on the below link https://t.co/hhfk9c3ylv
[AGENT 1765248] @530487 2/2 so we can send you a reply please? ^HP","[1763262, 1763260, 1763261, 1763263, 1765247, 1765249, 1765250, 1765248]"
case_1763914,train_retrieval,5,short_1-2,week_2017-11-06,2,True,feedback_acknowledged,False,2017-11-07 21:03:02+00:00,460396,conv_1763914,"@VirginTrains absolute pleasure to be delayed on your train, train manager was fabulous and could buy drinks and snacks and watch a movie!","Type: feedback_acknowledged. Outcome: agent_closed. Brand agent turns: 1. Signals seen: feedback_acknowledged. Evidence: [tweet 1763913, feedback_acknowledged] ""Thanks for your feedback, Sarah, we're glad to hear the delay wasn't too bad for you 😊 Hope you're back home soon!""","[CUSTOMER 1763914] @VirginTrains absolute pleasure to be delayed on your train, train manager was fabulous and could buy drinks and snacks and watch a movie!
[AGENT 1763913] @460396 Thanks for your feedback, Sarah, we're glad to hear the delay wasn't too bad for you 😊 Hope you're back home soon! ^HP","[1763914, 1763913]"
case_2106664,train_retrieval,2,short_1-2,week_2017-11-06,2,True,other,False,2017-11-08 09:11:51+00:00,246470,conv_2106664,On the way to Hall 10 at NEC Birmingham to support @83809 on their stand @83810 show speeding north on @virgintrains service.,"Type: other. Outcome: agent_closed. Brand agent turns: 1. Signals seen: other. Evidence: [tweet 2106663, other] ""Have a great day""","[CUSTOMER 2106664] On the way to Hall 10 at NEC Birmingham to support @83809 on their stand @83810 show speeding north on @virgintrains service.
[AGENT 2106663] @246470 @83809 @83810 Have a great day ^MW","[2106664, 2106663]"
case_2106631,train_retrieval,9,long_5-8,week_2017-11-06,5,True,redirected_to_dm,True,2017-11-08 09:35:38+00:00,132400,conv_2106631,"@VirginTrains can you tell me what 221114, 117 and 143 are upto today please?","Type: redirected_to_dm. Outcome: customer_confirmed. Brand agent turns: 2. Signals seen: redirected_to_dm, self_service, information_provided. Evidence: [tweet 2106627, redirected_to_dm] ""If you DM us I can send this across.^BT https://t.co/hhfk9c3ylv""","[CUSTOMER 2106631] @VirginTrains can you tell me what 221114, 117 and 143 are upto today please?
[AGENT 2106630] @132400 Not ours I'm afraid Jamie, would need to speak with @121428 regarding this. ^BT
[CUSTOMER 2106629] @VirginTrains @121428 Aren’t 221114 and 221117 yours?
[AGENT 2106627] @132400 @121428 Sorry Jamie! I was putting the wrong number in! If you DM us I can send this across.^BT https://t.co/hhfk9c3ylv
[CUSTOMER 2106628] @VirginTrains @121428 Thanks","[2106631, 2106630, 2106629, 2106627, 2106628]"
case_2095235,train_retrieval,0,short_1-2,week_2017-11-06,2,True,information_provided,False,2017-11-08 10:51:49+00:00,618991,conv_2095235,"En route @VirginTrains &amp; looking forward to attending #HOTY award @618992. Who’s won, answers on a twittercard😀","Type: information_provided. Outcome: agent_closed. Brand agent turns: 1. Signals seen: information_provided. Evidence: [tweet 2095234, information_provided] ""Hope you have a great journey, Justin!""","[CUSTOMER 2095235] En route @VirginTrains &amp; looking forward to attending #HOTY award @618992. Who’s won, answers on a twittercard😀
[AGENT 2095234] @618991 @618992 Hope you have a great journey, Justin! ^MW","[2095235, 2095234]"
case_2095226,train_retrieval,1,medium_3-4,week_2017-11-06,3,True,information_provided,False,2017-11-08 10:55:53+00:00,528626,conv_2095226,@VirginTrains my train from Liverpool to London was cancelled last night so will travel today on same ticket. Please confirm if the Merseyside strike action is effecting your trains today? I want to travel at 4pm-ish. Thanks,"Type: information_provided. Outcome: customer_confirmed. Brand agent turns: 1. Signals seen: information_provided. Evidence: [tweet 2095224, information_provided] ""You can travel today and the strikes won't affect our services""","[CUSTOMER 2095226] @VirginTrains my train from Liverpool to London was cancelled last night so will travel today on same ticket. Please confirm if the Merseyside strike action is effecting your trains today? I want to travel at 4pm-ish. Thanks
[AGENT 2095224] @528626 You can travel today and the strikes won't affect our services ^MW
[CUSTOMER 2095225] @VirginTrains Thank you","[2095226, 2095224, 2095225]"
case_2102604,dev_calibration,0,short_1-2,week_2017-11-06,2,False,redirected_to_dm,True,2017-11-08 11:04:48+00:00,618987,conv_2102604,"@virgintrains Ref: VT-290817-0132Dear Ms Rai,I am writing following 
our conversation on 29/08/2017.","Type: redirected_to_dm. Outcome: redirected_to_dm. Brand agent turns: 1. Signals seen: redirected_to_dm, self_service, clarification_requested. Evidence: [tweet 2102603, redirected_to_dm] ""Could you DM us and we'll take a look please?""","[CUSTOMER 2102604] @virgintrains Ref: VT-290817-0132Dear Ms Rai,I am writing following our conversation on 29/08/2017.
[AGENT 2102603] @618987 Could you DM us and we'll take a look please? ^MW https://t.co/hhfk9c3ylv","[2102604, 2102603]"
case_993126,train_retrieval,-3,short_1-2,week_2017-11-06,1,False,unresolved,False,2017-11-08 18:24:12+00:00,227471,conv_621724,"@267540 @VirginTrains Sadly VT do not state the position clear in their Passengers Charter, but all the passenger-focussed train companies, such as SWR do make it clear, see https://t.co/hkqKu4M5pd 

It's a national scheme, the same rules apply to Virgin, it's just Virgin do not like to make it clear. https://t.co/oca5ZEQbtf",Brand never replied in the public thread (outcome: no_response).,"[CUSTOMER 993126] @267540 @VirginTrains Sadly VT do not state the position clear in their Passengers Charter, but all the passenger-focussed train companies, such as SWR do make it clear, see https://t.co/hkqKu4M5pd It's a national scheme, the same rules apply to Virgin, it's just Virgin do not like to make it clear. https://t.co/oca5ZEQbtf",[993126]
case_2168740,train_retrieval,1,medium_3-4,week_2017-11-06,4,False,redirected_to_dm,True,2017-11-09 10:26:26+00:00,636299,conv_2168740,"@121513 @VirginTrains my southern connecting train is late, if i miss my booked virgin train from euston what do i do/is someone responsible for a new ticket? i cant get a different train to london as its an advance ticket","Type: redirected_to_dm. Outcome: redirected_to_dm. Brand agent turns: 2. Signals seen: redirected_to_dm, self_service, clarification_requested. Evidence: [tweet 2168737, redirected_to_dm] ""I see, could you DM a pic of the ticket please?""","[CUSTOMER 2168740] @121513 @VirginTrains my southern connecting train is late, if i miss my booked virgin train from euston what do i do/is someone responsible for a new ticket? i cant get a different train to london as its an advance ticket
[AGENT 2168739] @636299 @121513 Do you have a through ticket or separate singles? ^MW
[CUSTOMER 2168738] @VirginTrains @121513 one advance, though it might have been booked through trainline? everything is so complicated
[AGENT 2168737] @636299 @121513 I see, could you DM a pic of the ticket please? ^MW https://t.co/hhfk9c3ylv","[2168740, 2168739, 2168738, 2168737]"
case_2168703,train_retrieval,4,medium_3-4,week_2017-11-06,4,False,feedback_acknowledged,False,2017-11-09 10:52:35+00:00,636289,conv_2168703,Top drawer #vegan option in @VirginTrains 1st class. Cold toast that took nearly an hour to arrive...,"Type: feedback_acknowledged. Outcome: agent_answered_unconfirmed. Brand agent turns: 2. Signals seen: feedback_acknowledged, clarification_requested. Evidence: [tweet 2168700, feedback_acknowledged] ""We'll be sure to pass this on for you, Alan""","[CUSTOMER 2168703] Top drawer #vegan option in @VirginTrains 1st class. Cold toast that took nearly an hour to arrive...
[AGENT 2168702] @636289 Oh no, did you speak with the onboard team in regards to this? ^MW
[CUSTOMER 2168701] @VirginTrains It's done now so little point, but it's the 9.40 from London Euston to Crewe for reference. In addition, the poor and limited menu is not their decision.
[AGENT 2168700] @636289 We'll be sure to pass this on for you, Alan ^MW","[2168703, 2168702, 2168701, 2168700]"
case_2168654,train_retrieval,0,short_1-2,week_2017-11-06,2,False,self_service,False,2017-11-09 11:43:58+00:00,450809,conv_2168654,"Really disconcerting to have Will Ferrell chatting to you over the speaker in @VirginTrains toilet
 ""I can see you, but you can't see me"" 😳😂 https://t.co/57eWVC2e3F","Type: self_service. Outcome: redirected_to_channel. Brand agent turns: 1. Signals seen: self_service. Evidence: [tweet 2168653, self_service] ""He's actually trapped in a glass case of emotion ^CB https://t.co/RSzpYTVTui""","[CUSTOMER 2168654] Really disconcerting to have Will Ferrell chatting to you over the speaker in @VirginTrains toilet ""I can see you, but you can't see me"" 😳😂 https://t.co/57eWVC2e3F
[AGENT 2168653] @450809 He's actually trapped in a glass case of emotion ^CB https://t.co/RSzpYTVTui","[2168654, 2168653]"
case_2173825,train_retrieval,9,long_5-8,week_2017-11-06,7,False,refund,False,2017-11-09 14:34:01+00:00,637425,conv_2173825,@VirginTrains pretty revolting start to journey from Euston to Glasgow 14:30 😔 https://t.co/NrooARr74S,"Type: refund. Outcome: agent_awaiting_customer. Brand agent turns: 4. Signals seen: refund, information_provided, clarification_requested. Evidence: [tweet 2181207, refund] ""Unfortunately we wouldn't be able to offer a refund for this, but we will""","[CUSTOMER 2173825] @VirginTrains pretty revolting start to journey from Euston to Glasgow 14:30 😔 https://t.co/NrooARr74S
[AGENT 2173824] @637425 We're so sorry about this Alex, we'll be sure to let our Fleet team know about this. Apologies again, Alex :( ^HP
[CUSTOMER 2173823] @VirginTrains Thanks although doesn’t help those of us stuck on it! Also, it’s INHUMANLY hot on here- come on guys!
[AGENT 2173822] @637425 If you mention this to the onboard team, they may be able to adjust this for you ^MM
[CUSTOMER 2173826] @VirginTrains So now half the toilets are out of order &amp; the one I eventually found was revolting. This isn’t good enough #virgintrains , how do I apply for refund?
[AGENT 2181207] @637425 1/2 We're so sorry for your experience, Alex. Unfortunately we wouldn't be able to offer a refund for this, but we will
[AGENT 2181206] @637425 2/2 certainly make sure this is dealt with asap. Have you been able to speak to the onboard team about this at all? ^HP","[2173825, 2173824, 2173823, 2173822, 2173826, 2181207, 2181206]"
case_2181155,train_retrieval,5,long_5-8,week_2017-11-06,7,False,feedback_acknowledged,False,2017-11-09 16:14:38+00:00,639093,conv_2181155,"@VirginTrains in Lancaster today around 1:20pm I observed one of your colleagues , running around helping people with cases to get to their trains , excellant service , he needs huge praise !!!! #topbloke","Type: feedback_acknowledged. Outcome: customer_followup_unanswered. Brand agent turns: 3. Signals seen: feedback_acknowledged, clarification_requested. Evidence: [tweet 2181157, feedback_acknowledged] ""We'll be sure to pass this on for you 😊 Thanks for getting in touch""","[CUSTOMER 2181155] @VirginTrains in Lancaster today around 1:20pm I observed one of your colleagues , running around helping people with cases to get to their trains , excellant service , he needs huge praise !!!! #topbloke
[AGENT 2181152] @639093 This is lovely to hear, Geri! 😀 What a hero! Did you manage to catch their name at all? ^HP
[CUSTOMER 2181154] @VirginTrains No I was on platform 4 and he was on platform , 2 he helped an elderly couple in the lift and a lady who was on the wrong platform !! Helping with cases, was just great to see !!!
[CUSTOMER 2181153] @VirginTrains He is an hero :-)
[AGENT 2181157] @639093 Aww he sounds it! We'll be sure to pass this on for you 😊 Thanks for getting in touch ^HP
[AGENT 2181156] @639093 @146946 Hi Ian, was this your good self by any chance? Or do you know who this might have been? 😊 ^HP
[CUSTOMER 2181159] @VirginTrains @146946 Yes that's him !!! Ian I travel all over the uk and to see this today you really did make me smile , you didn't need to it however you are very observant and you knew when people needed help and you went straight to them no hesitation !!! We need more people like you !!!","[2181155, 2181152, 2181154, 2181153, 2181157, 2181156, 2181159]"
case_2181020,dev_calibration,7,very_long_9+,week_2017-11-06,10,False,self_service,False,2017-11-09 16:35:58+00:00,562659,conv_2181020,"@VirginTrains I cannot tell you how annoying it is to try to talk to someone about a existing complaint and constantly be referred to “live chat”, the link for which just directs me back to the start of the process.","Type: self_service. Outcome: redirected_to_channel. Brand agent turns: 5. Signals seen: self_service, information_provided, other. Evidence: [tweet 2181011, self_service] ""Please try this link - https://t.co/glDmZ9W8Pt""","[CUSTOMER 2181020] @VirginTrains I cannot tell you how annoying it is to try to talk to someone about a existing complaint and constantly be referred to “live chat”, the link for which just directs me back to the start of the process.
[AGENT 2181019] @562659 Not great to hear, Johnny, is there anything we can help with? ^HP
[CUSTOMER 2181017] @VirginTrains Not unless you can give me a phone number to talk to a real person (not an answer machine) or a link to the actual live chat where I can, you know, chat live.
[AGENT 2181018] @562659 1/2 Apologies Johnny, our Customer Resolutions team don't accept direct calls, however, you can leave a voicemail after the
[AGENT 2181016] @562659 2/2 recorded message and a member of the team will call you back ^HP
[CUSTOMER 2181015] @VirginTrains Yeah. I tried that a few weeks ago. Still waiting.
[CUSTOMER 2181014] @VirginTrains I mean, have you guys ever mystery shopped your own customer relations processes? I think you’d 😲😟😦😧😨😱
[AGENT 2181013] @562659 Really sorry for the inconvenience caused, Johnny, please do try Live Chat as the team are online until 18:15 this evening ^HP
[CUSTOMER 2181012] @VirginTrains This is what you get when you go to the live chat link: no live chat. Now, before giving useless advice, try the process yourself. https://t.co/op5Kl2cMRZ
[AGENT 2181011] @562659 We'll get this reported, Johnny. Please try this link - https://t.co/glDmZ9W8Pt ^MM","[2181020, 2181019, 2181017, 2181018, 2181016, 2181015, 2181014, 2181013, 2181012, 2181011]"
case_2181118,train_retrieval,3,medium_3-4,week_2017-11-06,3,False,self_service,False,2017-11-09 16:49:28+00:00,639088,conv_2181118,@VirginTrains I travelled from Carlisle to Birmingham 2 weekends ago. Delayed by an hour. Applied for delay repay. Still no response to my claim,"Type: self_service. Outcome: redirected_to_channel. Brand agent turns: 2. Signals seen: self_service, information_provided. Evidence: [tweet 2181116, self_service] ""Alternatively, you can speak to them directly here: https://t.co/m1nYMO67mZ""","[CUSTOMER 2181118] @VirginTrains I travelled from Carlisle to Birmingham 2 weekends ago. Delayed by an hour. Applied for delay repay. Still no response to my claim
[AGENT 2181120] @639088 1/2 Hi Lesley, our Customer Resolutions team usually aim to respond within 14 days, but this can take up to 28, so you
[AGENT 2181116] @639088 2/2 should hear back shortly. Alternatively, you can speak to them directly here: https://t.co/m1nYMO67mZ ^HP","[2181118, 2181120, 2181116]"
case_2188727,train_retrieval,5,very_long_9+,week_2017-11-06,9,False,feedback_acknowledged,False,2017-11-09 18:47:10+00:00,640860,conv_2188727,"@VirginTrains two weeks running I have been on the 17:15 train from New Street to Glasgow, and the H&amp;S issued on it are staggering! How can a train at full capacity where people cannot move down the aisles be safe? What happens in an accident? Not acceptable!","Type: feedback_acknowledged. Outcome: customer_followup_unanswered. Brand agent turns: 4. Signals seen: feedback_acknowledged, information_provided. Evidence: [tweet 2188725, feedback_acknowledged] ""Apologies for your experience, Ian, we'll be sure to pass your comments on to our Fleet team in regards to this""","[CUSTOMER 2188727] @VirginTrains two weeks running I have been on the 17:15 train from New Street to Glasgow, and the H&amp;S issued on it are staggering! How can a train at full capacity where people cannot move down the aisles be safe? What happens in an accident? Not acceptable!
[AGENT 2188725] @640860 Apologies for your experience, Ian, we'll be sure to pass your comments on to our Fleet team in regards to this ^HP
[CUSTOMER 2188726] @VirginTrains Well that fills all the passengers with comfort. Clearly is a case of sell as many tickets as possible and screw the safety concerns. Does nobody learn lessons from previous disasters on alternate transport? It’s a joke!
[CUSTOMER 2188722] @VirginTrains In addition to that I had a seat and couldn’t get near it due to the amount of passengers. Then your train manager is blaming the delay on a slow moving train ahead, not that it took 15 minutes to get everyone onboard at New Street!
[AGENT 2188724] @640860 1/3 Apologies Ian, we do only retail a certain number of tickets per service, however, passengers with open tickets are able to
[AGENT 2188723] @640860 2/3 travel on numerous services, which can make it difficult for us to anticipate passenger numbers for some services. We're
[AGENT 2188719] @640860 3/3 really sorry for your experience today ^HP
[CUSTOMER 2188721] @VirginTrains That clearly means there is an issue with ticketing options on your trains and as such needs addressing not just apologising for. If. See were fundamental issues in our business we simply cannot ignore them and issue apologies after. We have to address
[CUSTOMER 2188720] @VirginTrains And rectify them. Or is this the way Virgin now deals with their business issues??","[2188727, 2188725, 2188726, 2188722, 2188724, 2188723, 2188719, 2188721, 2188720]"
case_2202089,train_retrieval,8,long_5-8,week_2017-11-06,5,False,feedback_acknowledged,False,2017-11-09 20:33:53+00:00,643960,conv_2202089,just want to say thank you to  lovely crew members Jane and Graeme ... well looked after on @VirginTrains,"Type: feedback_acknowledged. Outcome: customer_followup_unanswered. Brand agent turns: 2. Signals seen: feedback_acknowledged, clarification_requested. Evidence: [tweet 2202085, feedback_acknowledged] ""We'll track them down and pass this on 😃""","[CUSTOMER 2202089] just want to say thank you to lovely crew members Jane and Graeme ... well looked after on @VirginTrains
[AGENT 2202088] @643960 Aww this is lovely to hear! Which service were you travelling on? ^HP
[CUSTOMER 2202087] @VirginTrains Glasgow ...
[AGENT 2202085] @643960 We'll track them down and pass this on 😃 ^MM
[CUSTOMER 2202086] @VirginTrains they deserve some employee bonus :)","[2202089, 2202088, 2202087, 2202085, 2202086]"
case_2202015,train_retrieval,6,medium_3-4,week_2017-11-06,4,False,escalated,False,2017-11-09 21:22:41+00:00,643944,conv_2202015,.@VirginTrains not been able 2 get 2 my reserved seat as the 20:45 to Wolves is rammed. Am currently sat in vestibule can something be done?,"Type: escalated. Outcome: redirected_to_channel. Brand agent turns: 2. Signals seen: escalated, self_service, information_provided. Evidence: [tweet 2202012, escalated] ""This can be escalated further with Customer Relations via the online complaints link - https://t.co/t20UbyOCSn""","[CUSTOMER 2202015] .@VirginTrains not been able 2 get 2 my reserved seat as the 20:45 to Wolves is rammed. Am currently sat in vestibule can something be done?
[AGENT 2202014] @643944 As you didn't have seats reserved, we'd advise speaking to the onboard team ^MM
[CUSTOMER 2202013] @VirginTrains Hi did have a seat reserved I just can’t get to it as the service before this was cancelled. Therefore resulting in overcrowding
[AGENT 2202012] @643944 Sorry to hear about your experience while travelling with us today, Rakhee. This can be escalated further with Customer Relations via the online complaints link - https://t.co/t20UbyOCSn ^MM","[2202015, 2202014, 2202013, 2202012]"
case_2224620,train_retrieval,5,very_long_9+,week_2017-11-06,10,False,information_provided,False,2017-11-10 09:12:39+00:00,649499,conv_2224620,"@VirginTrains @127472  When Virgin train service you're on runs out of rail replacement coaches, is late by 1.5 hours, then I get ”As our train running records indicate a delay of -2 minutes, I regret that I am unable to offer any compensation on this occasion."" WTF !","Type: information_provided. Outcome: customer_followup_unanswered. Brand agent turns: 2. Signals seen: information_provided, clarification_requested. Evidence: [tweet 2224614, information_provided] ""We'll make @120576 aware of this for you""","[CUSTOMER 2224620] @VirginTrains @127472 When Virgin train service you're on runs out of rail replacement coaches, is late by 1.5 hours, then I get ”As our train running records indicate a delay of -2 minutes, I regret that I am unable to offer any compensation on this occasion."" WTF !
[CUSTOMER 2224619] @VirginTrains @127472 See previous tweet, and suggest you contact the conductor to ask what happened....https://t.co/lfBuYlIJMW. I don't think your train records are correct for each passenger.
[AGENT 2224621] @649499 @127472 Which service are you on today? ^MW
[CUSTOMER 2224616] @VirginTrains @127472 Heres a picture to show the police trying to calm Spalding passengers who are left in the cold while our train is delayed. #StuckAtSpalding #CaseReference #VTN-171106CTVQ https://t.co/PHkLuHOQZK
[CUSTOMER 2224630] @VirginTrains @127472 Case Reference VTN-171106CTVQ
[AGENT 2224614] @649499 @127472 We'll make @120576 aware of this for you ^MW
[CUSTOMER 2224631] @VirginTrains @127472 Here's a suggestion: have the conductor fill in a delay record of what happened, not relying on automated train times. That way you have a (possible) way to check for conflicts, improve your service, and have customer service that Sucs (Superior Unexpected Customer Service)
[OTHER-AGENT 2224615] @VirginTrains @649499 @127472 Hi Paul, I'll get your claim looked into this morning. ^JC
[CUSTOMER 2224618] @120576 @VirginTrains @127472 The journey I paid for is not the journey I HAD to take. Wakefield-Newark(no more buses)-(countryside delay 1 hour)-Peterborough (via train ~18:38 )-Stevenage-Biggleswade(via taxi as you didn't get me to STV before connection at 9:47, arrived 9:50) - I make that 1hr 20mins delay
[CUSTOMER 2224617] @120576 @VirginTrains @127472 Customer Service team is great though: prompt courteous, and helpful. That's why I travel Virgin, mobile virgin, and credit card virgin.","[2224620, 2224619, 2224621, 2224616, 2224630, 2224614, 2224631, 2224615, 2224618, 2224617]"
case_2224561,train_retrieval,1,long_5-8,week_2017-11-06,6,False,compensation,False,2017-11-10 09:55:54+00:00,173543,conv_2224561,@VirginTrains train wasn’t displayed on the boards at Euston (9.40 to Crewe) - missed my train and now going to be half an hour late for an important meeting. Not happy.,"Type: compensation. Outcome: redirected_to_channel. Brand agent turns: 3. Signals seen: compensation, self_service, clarification_requested. Evidence: [tweet 2224564, compensation] ""I see, please claim for this delay here - https://t.co/R8sOczuSlZ""","[CUSTOMER 2224561] @VirginTrains train wasn’t displayed on the boards at Euston (9.40 to Crewe) - missed my train and now going to be half an hour late for an important meeting. Not happy.
[AGENT 2224559] @173543 Sorry to hear that, Elliot. Did you speak to any of the team at the station? ^MW
[CUSTOMER 2224560] @VirginTrains I did but they said it was displayed - I was running around like a headless chicken and couldn’t see it displayed anywhere! and the app didn’t have a platform either.
[AGENT 2224562] @173543 Oh no, have you been delayed onboard by more than 30 mins? ^MW
[CUSTOMER 2224563] @VirginTrains I wasn’t delayed - the train wasn’t displayed so I had to wait half hour for the next one as I missed it
[AGENT 2224564] @173543 I see, please claim for this delay here - https://t.co/R8sOczuSlZ ^MW","[2224561, 2224559, 2224560, 2224562, 2224563, 2224564]"
case_1162208,train_retrieval,-1,short_1-2,week_2017-11-06,2,False,other,False,2017-11-10 16:48:08+00:00,651414,conv_1162187,@VirginTrains Never lol,"Type: other. Outcome: agent_answered_unconfirmed. Brand agent turns: 1. Signals seen: other. Evidence: [tweet 2232687, other] ""Scrooge.""","[CUSTOMER 1162208] @VirginTrains Never lol
[AGENT 2232687] @651414 Scrooge. ^PA","[1162208, 2232687]"
case_2232500,train_retrieval,4,short_1-2,week_2017-11-06,2,False,other,False,2017-11-10 18:00:29+00:00,651374,conv_2232500,I used to get recognised by the staff at bars. Now I’m getting recognised by the @VirginTrains staff #helloagain,"Type: other. Outcome: agent_answered_unconfirmed. Brand agent turns: 1. Signals seen: other. Evidence: [tweet 2232499, other] ""👋""","[CUSTOMER 2232500] I used to get recognised by the staff at bars. Now I’m getting recognised by the @VirginTrains staff #helloagain
[AGENT 2232499] @651374 👋 ^PA","[2232500, 2232499]"
case_2249278,train_retrieval,8,short_1-2,week_2017-11-06,2,True,other,False,2017-11-10 20:52:36+00:00,655415,conv_2249278,Excellent customer service from @VirginTrains tonight at Birmingham international. Thank you,"Type: other. Outcome: agent_closed. Brand agent turns: 1. Signals seen: other. Evidence: [tweet 2249277, other] ""Good to hear.""","[CUSTOMER 2249278] Excellent customer service from @VirginTrains tonight at Birmingham international. Thank you
[AGENT 2249277] @655415 Good to hear. ^PA","[2249278, 2249277]"
case_2244294,train_retrieval,9,medium_3-4,week_2017-11-06,3,True,other,False,2017-11-10 23:08:06+00:00,132796,conv_2244294,@VirginTrains hi what set was 1023 Euston-Shrewsbury today? I got rear as 1142? Which was leading please?,"Type: other. Outcome: customer_confirmed. Brand agent turns: 1. Signals seen: other. Evidence: [tweet 2244292, other] ""221103""","[CUSTOMER 2244294] @VirginTrains hi what set was 1023 Euston-Shrewsbury today? I got rear as 1142? Which was leading please?
[AGENT 2244292] @132796 221103
[CUSTOMER 2244293] @VirginTrains Thanks.","[2244294, 2244292, 2244293]"
case_2267957,train_retrieval,7,long_5-8,week_2017-11-06,6,False,refund,False,2017-11-11 07:45:32+00:00,660042,conv_2267957,@VirginTrains once again you fail to deliver service. It's amazing how often you fail to don't what you promise Refund thnx 07:05 to London,"Type: refund. Outcome: redirected_to_channel. Brand agent turns: 3. Signals seen: refund, self_service, clarification_requested, other. Evidence: [tweet 2267952, refund] ""You can log a complaint regarding this here https://t.co/pTJPDoL6O2 if you were looking for a partial refund""","[CUSTOMER 2267957] @VirginTrains once again you fail to deliver service. It's amazing how often you fail to don't what you promise Refund thnx 07:05 to London
[AGENT 2267956] @660042 Could you explain further please? ^LC
[CUSTOMER 2267955] @VirginTrains 07:05 from Wolves to Euston First class service canceled and rude staff.
[AGENT 2267954] @660042 Have staff explained why this is? ^LC
[CUSTOMER 2267953] @VirginTrains Took them till after bham international despite boarding at wolves. They knew from there so why wait so long. You should be refunding.
[AGENT 2267952] @660042 You can log a complaint regarding this here https://t.co/pTJPDoL6O2 if you were looking for a partial refund ^LC","[2267957, 2267956, 2267955, 2267954, 2267953, 2267952]"
case_2267949,train_retrieval,4,medium_3-4,week_2017-11-06,4,False,refund,False,2017-11-11 07:51:36+00:00,660041,conv_2267949,First time first class on @VirginTrains and no in seat service 😔 talk about popping the bubble. I'm not in first class on return to experience it then either 😔😔😔.,"Type: refund. Outcome: redirected_to_channel. Brand agent turns: 2. Signals seen: refund, compensation, self_service, clarification_requested. Evidence: [tweet 2267946, refund] ""To claim a partial refund, use this link https://t.co/fhQjXUc6DR""","[CUSTOMER 2267949] First time first class on @VirginTrains and no in seat service 😔 talk about popping the bubble. I'm not in first class on return to experience it then either 😔😔😔.
[AGENT 2267948] @660041 Sorry to hear this, Chris. Which time service are you on today? ^LC
[CUSTOMER 2267947] @VirginTrains 7:40 Birmingham International to London Euston and the 18:03 from LDN Euston to Birmingham International rtn
[AGENT 2267946] @660041 Apologies for the lack of service on the 0740 service. To claim a partial refund, use this link https://t.co/fhQjXUc6DR ^LC","[2267949, 2267948, 2267947, 2267946]"
case_2181031,train_retrieval,-3,very_long_9+,week_2017-11-06,10,False,refund,True,2017-11-11 09:21:25+00:00,639074,conv_2181029,@VirginTrains I've had a refund for half the amount that I had paid. Why is this when my service was cancelled completely? https://t.co/voJcKOgKxO,"Type: refund. Outcome: customer_followup_unanswered. Brand agent turns: 5. Signals seen: refund, compensation, redirected_to_dm, clarification_requested, other. Evidence: [tweet 2181035, refund] ""If you still travel, your refund is based on the time delayed into your final station.""; [tweet 2181038, redirected_to_dm] ""If so can you DM us this please?""; [tweet 2181037, refund] ""As explained, a refund for an abandoned journey must be done on 03445565650""","[CUSTOMER 2181031] @VirginTrains I've had a refund for half the amount that I had paid. Why is this when my service was cancelled completely? https://t.co/voJcKOgKxO
[AGENT 2181033] @639074 How long were you delayed getting to your final station? ^LC
[CUSTOMER 2181040] @VirginTrains It was cancelled outright. my sister drove us instead. I didn't end up using the train service at all.
[AGENT 2181032] @639074 To claim for a cancelled service when you abandoned your journey is slightly different. You will need to call 03445565650
[CUSTOMER 2181034] @VirginTrains Why have you partially refunded me when it's evident the service was cancelled? It seems like I have to do all the work
[AGENT 2181035] @639074 If you still travel, your refund is based on the time delayed into your final station. Abandoned journey is a full refund ^LC
[CUSTOMER 2181036] @VirginTrains That's my point. I've had half not a full refund. I would like this rectified please.
[AGENT 2181038] @639074 Do you have a VT reference from where you claim for the cancelled service? If so can you DM us this please? ^BT
[AGENT 2181037] @639074 As explained, a refund for an abandoned journey must be done on 03445565650 ^LC
[CUSTOMER 2181039] @VirginTrains No help whatsoever. I understand sending the tickets back but I refuse to be out of pocket by sending recorded delivery and not being recompensed for that. It's wrong and genuinely taking advantage of people.","[2181031, 2181033, 2181040, 2181032, 2181034, 2181035, 2181036, 2181038, 2181037, 2181039]"
case_2267886,dev_calibration,3,medium_3-4,week_2017-11-06,3,True,redirected_to_dm,True,2017-11-11 09:37:28+00:00,660027,conv_2267886,@VirginTrains hi I have only been refunded for one ticket when I bought two. We was delayed going into Euston and out of Euston last Sunday.,"Type: redirected_to_dm. Outcome: customer_confirmed. Brand agent turns: 1. Signals seen: redirected_to_dm, self_service, clarification_requested. Evidence: [tweet 2267884, redirected_to_dm] ""Do you have your booking referance to DM us, Mark?""","[CUSTOMER 2267886] @VirginTrains hi I have only been refunded for one ticket when I bought two. We was delayed going into Euston and out of Euston last Sunday.
[AGENT 2267884] @660027 Do you have your booking referance to DM us, Mark? ^LC https://t.co/hhfk9c3ylv
[CUSTOMER 2267885] @VirginTrains Thanks I have sent you a DM.","[2267886, 2267884, 2267885]"
case_2271502,train_retrieval,0,short_1-2,week_2017-11-06,2,False,troubleshooting,False,2017-11-11 10:51:53+00:00,660859,conv_2271502,@VirginTrains toddler really wants to watch film on Beam but getting blank pages on every menu option. Any ideas? https://t.co/stXv2jWLsr,"Type: troubleshooting. Outcome: agent_awaiting_customer. Brand agent turns: 1. Signals seen: troubleshooting, self_service, clarification_requested. Evidence: [tweet 2271501, troubleshooting] ""Have you tried deleting the App and reinstalling?""","[CUSTOMER 2271502] @VirginTrains toddler really wants to watch film on Beam but getting blank pages on every menu option. Any ideas? https://t.co/stXv2jWLsr
[AGENT 2271501] @660859 Have you tried deleting the App and reinstalling? ^BT","[2271502, 2271501]"
case_2271384,train_retrieval,7,very_long_9+,week_2017-11-06,10,False,information_provided,False,2017-11-11 12:06:23+00:00,660833,conv_2271384,@VirginTrains unprinted ticket = unhelpful staff. Nothing you can do apparently = Bad customer service. Not a happy virgin customer. 😠,"Type: information_provided. Outcome: customer_followup_unanswered. Brand agent turns: 4. Signals seen: information_provided, clarification_requested, other. Evidence: [tweet 2271381, information_provided] ""Unfortunately Kerry, this would need to be printed before boarding the train otherwise staff can ask you to buy a new ticket to travel.""; [tweet 2271377, information_provided] ""This is correct Kerry, as you boarded the train without a ticket.""","[CUSTOMER 2271384] @VirginTrains unprinted ticket = unhelpful staff. Nothing you can do apparently = Bad customer service. Not a happy virgin customer. 😠
[AGENT 2271385] @660833 Hi Kerry, what type of ticket did you have to travel? ^BT
[CUSTOMER 2271383] @VirginTrains We have a reserve ticket from the trainline.
[AGENT 2271382] @660833 Was this a collection ticket? ^BT
[CUSTOMER 2271380] @VirginTrains Yes it was and one ticket, outbound, did not print.
[AGENT 2271381] @660833 Unfortunately Kerry, this would need to be printed before boarding the train otherwise staff can ask you to buy a new ticket to travel. ^BT
[CUSTOMER 2271379] @VirginTrains I have had to pay for another FULL PRICE ticket.😡
[AGENT 2271377] @660833 This is correct Kerry, as you boarded the train without a ticket. ^BT
[CUSTOMER 2271390] @VirginTrains We did print before boarding and one ticket did not print!!! Went to Euston for help and got spoke to like we were children. Suggest you train your staff that don’t like working Saturdays to have a better attitude with the customer.... #poorcustomerservice
[CUSTOMER 2271378] @VirginTrains I haven’t boarded yet. Maybe you should have tweeted an apology for the poor attitude at the counter, Euston, but no you haven’t. I will take these responses up with your CEO on Monday and don’t worry I have screen shots.","[2271384, 2271385, 2271383, 2271382, 2271380, 2271381, 2271379, 2271377, 2271390, 2271378]"
case_1845258,train_retrieval,5,very_long_9+,week_2017-11-06,10,False,redirected_to_other_operator,False,2017-11-12 17:56:25+00:00,444383,conv_1845258,@VirginTrains why am I on yet another train that seems like it’s been purposely double booked? People with children and seat reservations standing in the aisles. #shitservice #virgintrains,"Type: redirected_to_other_operator. Outcome: redirected_to_channel. Brand agent turns: 2. Signals seen: redirected_to_other_operator, clarification_requested. Evidence: [tweet 1845259, redirected_to_other_operator] ""They operate that service""","[CUSTOMER 1845258] @VirginTrains why am I on yet another train that seems like it’s been purposely double booked? People with children and seat reservations standing in the aisles. #shitservice #virgintrains
[AGENT 1845256] @444383 Which service are you on this evening, Mitch? ^CB
[CUSTOMER 1845257] @VirginTrains 15:58 from Newcastle to London KX
[AGENT 1845259] @444383 That's one for the @120576 team. They operate that service ^CB
[CUSTOMER 1845260] @VirginTrains @120576 ?
[OTHER-AGENT 1845261] @444383 @VirginTrains Apologies Mitch, our services can get very busy on weekends so we encourage booking reservations whenever possible. ^MS
[CUSTOMER 1845262] @120576 @VirginTrains Well with it being a Monday it would have been nice if you’d taken the time to read my tweet properly.
[OTHER-AGENT 1845263] @444383 @VirginTrains Apologies, did you have a reservation on this service? ^MS
[CUSTOMER 1845264] @120576 @VirginTrains Yes I did. As did many of the others standing in the aisles. Can you either DM me or get somebody to email me on __email__ please
[OTHER-AGENT 1845265] @444383 @VirginTrains Okay, then you can claim money back through our Seat Guarantee scheme here: https://t.co/6uw2Xh59Ys ^MS","[1845258, 1845256, 1845257, 1845259, 1845260, 1845261, 1845262, 1845263, 1845264, 1845265]"
case_2325646,train_retrieval,3,short_1-2,week_2017-11-13,2,True,information_provided,False,2017-11-13 13:25:45+00:00,454082,conv_2325646,Thank you to @VirginTrains for refunding my delayed train last week 😊 I am a student so this was very much appreciated #studentlife,"Type: information_provided. Outcome: agent_closed. Brand agent turns: 1. Signals seen: information_provided. Evidence: [tweet 2325645, information_provided] ""You're welcome, hope you don't face a delay again, Hannah!""","[CUSTOMER 2325646] Thank you to @VirginTrains for refunding my delayed train last week 😊 I am a student so this was very much appreciated #studentlife
[AGENT 2325645] @454082 You're welcome, hope you don't face a delay again, Hannah! ^MW","[2325646, 2325645]"
case_2348736,train_retrieval,1,short_1-2,week_2017-11-13,2,False,redirected_to_dm,True,2017-11-13 16:51:13+00:00,678962,conv_2348736,@VirginTrains hi can I book a bike on a train I’ve already booked please,"Type: redirected_to_dm. Outcome: redirected_to_dm. Brand agent turns: 1. Signals seen: redirected_to_dm. Evidence: [tweet 2348735, redirected_to_dm] ""If you could DM your booking reference we can take a look at this for you""","[CUSTOMER 2348736] @VirginTrains hi can I book a bike on a train I’ve already booked please
[AGENT 2348735] @678962 If you could DM your booking reference we can take a look at this for you ^CB","[2348736, 2348735]"
case_2351545,train_retrieval,5,long_5-8,week_2017-11-13,5,False,unresolved,False,2017-11-13 17:50:30+00:00,140909,conv_2351545,Will @VirginTrains run pendolinos to Blackpool rather than diesels when the line is electrified and the track/platforms remodelled? https://t.co/nPwh9IvjrE,"Type: unresolved. Outcome: customer_followup_unanswered. Brand agent turns: 2. Signals seen: other. Evidence: [tweet 2351541, other] ""We do expect to, Rob""","[CUSTOMER 2351545] Will @VirginTrains run pendolinos to Blackpool rather than diesels when the line is electrified and the track/platforms remodelled? https://t.co/nPwh9IvjrE
[AGENT 2351544] @140909 We hope so! ^CB
[CUSTOMER 2351543] @VirginTrains That's good, but why only 'hope'?
[AGENT 2351541] @140909 We do expect to, Rob ^CB
[CUSTOMER 2351542] @VirginTrains Ah, that's better, great!","[2351545, 2351544, 2351543, 2351541, 2351542]"
case_2354774,train_retrieval,2,short_1-2,week_2017-11-13,2,False,redirected_to_dm,True,2017-11-13 18:56:30+00:00,680329,conv_2354774,@VirginTrains still waiting back over a week now!,"Type: redirected_to_dm. Outcome: redirected_to_dm. Brand agent turns: 1. Signals seen: redirected_to_dm, clarification_requested. Evidence: [tweet 2354773, redirected_to_dm] ""Hi Georgina, could you DM us with further details on this please?""","[CUSTOMER 2354774] @VirginTrains still waiting back over a week now!
[AGENT 2354773] @680329 Hi Georgina, could you DM us with further details on this please? ^BT","[2354774, 2354773]"
case_2362544,train_retrieval,0,short_1-2,week_2017-11-13,2,True,information_provided,False,2017-11-13 21:12:31+00:00,153898,conv_2362544,@VirginTrains drunk the Ale on the Cider now https://t.co/rgxqn7GbD0,"Type: information_provided. Outcome: agent_closed. Brand agent turns: 1. Signals seen: information_provided. Evidence: [tweet 2362543, information_provided] ""Woo! Enjoy it responsibly of course 😉""","[CUSTOMER 2362544] @VirginTrains drunk the Ale on the Cider now https://t.co/rgxqn7GbD0
[AGENT 2362543] @153898 Woo! Enjoy it responsibly of course 😉 ^CB","[2362544, 2362543]"
case_2395389,train_retrieval,7,short_1-2,week_2017-11-13,2,True,refund,False,2017-11-14 12:03:52+00:00,405101,conv_2395389,"Fair play, @VirginTrains, this a good way of doing business. https://t.co/OrJoRCXcKj","Type: refund. Outcome: agent_closed. Brand agent turns: 1. Signals seen: refund. Evidence: [tweet 2395388, refund] ""Glad you got the money back.""","[CUSTOMER 2395389] Fair play, @VirginTrains, this a good way of doing business. https://t.co/OrJoRCXcKj
[AGENT 2395388] @405101 Glad you got the money back. ^PA","[2395389, 2395388]"
case_2395381,train_retrieval,11,long_5-8,week_2017-11-13,6,False,information_provided,True,2017-11-14 12:20:42+00:00,689582,conv_2395381,"@VirginTrains Terrible customer service. Over Charged me by £70 on a train ticket, Wifi doesn’t work and Screaming babies/ people watching Youtube on their phones out loud on the Quiet Carrieage. You’d expect more from them.","Type: information_provided. Outcome: agent_answered_unconfirmed. Brand agent turns: 3. Signals seen: redirected_to_dm, information_provided. Evidence: [tweet 2395380, redirected_to_dm] ""We have responded to your DM already regarding this.""; [tweet 2396791, information_provided] ""I'm sorry you feel that way, however as per the T&Cs of the ticket you held, if you miss the service as you did, you will be charged for a new ticket as you have been correctly.""; [tweet 2396789, information_provided] ""I see, sorry to hear that.""","[CUSTOMER 2395381] @VirginTrains Terrible customer service. Over Charged me by £70 on a train ticket, Wifi doesn’t work and Screaming babies/ people watching Youtube on their phones out loud on the Quiet Carrieage. You’d expect more from them.
[AGENT 2395380] @689582 We have responded to your DM already regarding this. ^PA
[CUSTOMER 2395382] @VirginTrains arite there’s no need to get wide about it, not my fault your ticket checkers are unexperienced and don’t know how to perform customer service?
[AGENT 2396791] @689582 I'm sorry you feel that way, however as per the T&amp;Cs of the ticket you held, if you miss the service as you did, you will be charged for a new ticket as you have been correctly. ^PA
[CUSTOMER 2396790] @VirginTrains It’s about the fact your ticket checker didn’t tell me how much the ticket was.
[AGENT 2396789] @689582 I see, sorry to hear that. ^PA","[2395381, 2395380, 2395382, 2396791, 2396790, 2396789]"
case_2397767,train_retrieval,2,medium_3-4,week_2017-11-13,3,False,clarification_requested,False,2017-11-14 13:02:03+00:00,690059,conv_2397767,@VirginTrains  I can't see an East Coast service from Inverness on 20 Nov. Why's that?,"Type: clarification_requested. Outcome: agent_answered_unconfirmed. Brand agent turns: 1. Signals seen: clarification_requested. Evidence: [tweet 2397765, clarification_requested] ""can you help?""","[CUSTOMER 2397767] @VirginTrains I can't see an East Coast service from Inverness on 20 Nov. Why's that?
[AGENT 2397765] @690059 @120576 can you help? ^PA
[OTHER-AGENT 2397766] @VirginTrains @690059 Apologies, engineering works mean the services will start from Perth Sandra. ^KM","[2397767, 2397765, 2397766]"
case_2403366,train_retrieval,2,long_5-8,week_2017-11-13,5,False,self_service,True,2017-11-14 13:58:44+00:00,691361,conv_2403366,5 minutes to get through then 10 minutes on hold trying to book bike on @virgintrains.  Gave up. There must be a better way.,"Type: self_service. Outcome: customer_followup_unanswered. Brand agent turns: 2. Signals seen: redirected_to_dm, self_service. Evidence: [tweet 2403363, redirected_to_dm] ""Can you DM us and we'll book you a bike if it's available.""; [tweet 2403361, self_service] ""^PA https://t.co/hhfk9c3ylv""","[CUSTOMER 2403366] 5 minutes to get through then 10 minutes on hold trying to book bike on @virgintrains. Gave up. There must be a better way.
[AGENT 2403363] @691361 Can you DM us and we'll book you a bike if it's available. ^PA
[CUSTOMER 2403362] @VirginTrains thanks. I spoke to someone who had to speak to someone else so put me on hold.
[AGENT 2403361] @691361 Sorry for that, we can get it sorted for you. ^PA https://t.co/hhfk9c3ylv
[CUSTOMER 2403370] @691363 @VirginTrains @126035 My experience different. Booked reservation via twitter, ticket office said can't print coupon. Show phone on train. Watch this space on Friday night.","[2403366, 2403363, 2403362, 2403361, 2403370]"
case_2404574,train_retrieval,11,short_1-2,week_2017-11-13,2,False,troubleshooting,False,2017-11-14 14:31:04+00:00,691640,conv_2404574,@VirginTrains I've paid for WiFi on 1400 GLA-LDN service and it is so intermittent as to be useless. #con,"Type: troubleshooting. Outcome: redirected_to_channel. Brand agent turns: 1. Signals seen: troubleshooting, self_service. Evidence: [tweet 2404573, troubleshooting] ""Apologies, Bryan, please could you try forgetting the network in your settings, reconnect & follow https://t.co/1JEOSVPtGN""","[CUSTOMER 2404574] @VirginTrains I've paid for WiFi on 1400 GLA-LDN service and it is so intermittent as to be useless. #con
[AGENT 2404573] @691640 Apologies, Bryan, please could you try forgetting the network in your settings, reconnect &amp; follow https://t.co/1JEOSVPtGN","[2404574, 2404573]"
case_2413903,train_retrieval,9,short_1-2,week_2017-11-13,1,False,unresolved,False,2017-11-14 17:22:35+00:00,243477,conv_2413899,"@166492 @VirginTrains The 16:40 service from Euston to Crewe is a Manchester Piccadilly service, and not a Chester service.",Brand never replied in the public thread (outcome: no_response).,"[CUSTOMER 2413903] @166492 @VirginTrains The 16:40 service from Euston to Crewe is a Manchester Piccadilly service, and not a Chester service.",[2413903]
case_370984,train_retrieval,0,long_5-8,week_2017-11-13,5,True,redirected_to_other_operator,False,2017-11-14 18:49:36+00:00,203849,conv_370984,Got to love a @VirginTrains breakdown. Worst service since Harry Kane’s corners in the Euros. https://t.co/oZtXXCpDYK,"Type: redirected_to_other_operator. Outcome: customer_confirmed. Brand agent turns: 2. Signals seen: redirected_to_other_operator, clarification_requested. Evidence: [tweet 370985, redirected_to_other_operator] ""Sounds like you're travelling with @120576 so we'll pass you over to them""","[CUSTOMER 370984] Got to love a @VirginTrains breakdown. Worst service since Harry Kane’s corners in the Euros. https://t.co/oZtXXCpDYK
[AGENT 370982] @203849 Which service are you on, Matthew? ^MM
[CUSTOMER 370983] @VirginTrains Leeds - London. Slowly progressing to the point where I’m pleasantly surprised / mildly astonished when you’re on time.
[AGENT 370985] @203849 Sounds like you're travelling with @120576 so we'll pass you over to them ^MM
[CUSTOMER 370986] @VirginTrains @120576 Cheers Matt Dawson!","[370984, 370982, 370983, 370985, 370986]"
case_2428906,train_retrieval,3,long_5-8,week_2017-11-13,7,True,redirected_to_other_operator,False,2017-11-14 20:12:19+00:00,300325,conv_2428906,@VirginTrains I applied for an online refund on advance single ticket from Leeds on London on Sunday as advised by phone and have received no confirmation - can you help?,"Type: redirected_to_other_operator. Outcome: customer_confirmed. Brand agent turns: 1. Signals seen: redirected_to_other_operator. Evidence: [tweet 2428904, redirected_to_other_operator] ""Sounds like you were travelling with @120576 so we'll pass you over to them""","[CUSTOMER 2428906] @VirginTrains I applied for an online refund on advance single ticket from Leeds on London on Sunday as advised by phone and have received no confirmation - can you help?
[AGENT 2428904] @300325 Sounds like you were travelling with @120576 so we'll pass you over to them ^MM
[CUSTOMER 2428905] @VirginTrains @120576 Yes please @120576
[OTHER-AGENT 2428907] @300325 @VirginTrains Did you apply for the refund over the phone, Emma? ^MS
[CUSTOMER 2428909] @120576 @VirginTrains No I was told I had to do it online as I booked online. I did that but had no confirmation since Saturday, should I have received something?
[OTHER-AGENT 2428910] @300325 @VirginTrains It can take around 10 working days to process the refund :) ^MS
[CUSTOMER 2428908] @120576 @VirginTrains Ah I see just wanted to check I had done everything correctly, thanks will wait to hear!","[2428906, 2428904, 2428905, 2428907, 2428909, 2428910, 2428908]"
case_2447874,dev_calibration,-3,short_1-2,week_2017-11-13,2,False,compensation,False,2017-11-15 02:12:13+00:00,701681,conv_2447881,@VirginTrains Still waiting....:.,"Type: compensation. Outcome: agent_awaiting_customer. Brand agent turns: 1. Signals seen: compensation, clarification_requested. Evidence: [tweet 2447873, compensation] ""Hi, Vicky, do you have a reference number at all for this claim?""","[CUSTOMER 2447874] @VirginTrains Still waiting....:.
[AGENT 2447873] @701681 Hi, Vicky, do you have a reference number at all for this claim? ^PH","[2447874, 2447873]"
case_2472312,dev_calibration,8,long_5-8,week_2017-11-13,6,False,information_provided,False,2017-11-15 12:06:20+00:00,707020,conv_2472312,Parliament here I come! A warm welcome on board @VirginTrains https://t.co/UPOrQTvMOC,"Type: information_provided. Outcome: agent_answered_unconfirmed. Brand agent turns: 3. Signals seen: information_provided, other. Evidence: [tweet 2472313, information_provided] ""Thanks so much Alfie, have a great day 😄""; [tweet 2475539, information_provided] ""Thanks for the clarification Alfie 🐾""","[CUSTOMER 2472312] Parliament here I come! A warm welcome on board @VirginTrains https://t.co/UPOrQTvMOC
[AGENT 2472309] @707020 Great picture, Alfie! Would you mind us sharing this across our social channels? 😊 ^HP
[CUSTOMER 2472310] @VirginTrains Share away!! 🚂🐾🚂
[AGENT 2472313] @707020 Thanks so much Alfie, have a great day 😄 ^HP
[CUSTOMER 2475540] @707672 @VirginTrains No, I’m on my blanket on a seat 🐾
[AGENT 2475539] @707020 @707672 Thanks for the clarification Alfie 🐾^MM","[2472312, 2472309, 2472310, 2472313, 2475540, 2475539]"
case_2473712,train_retrieval,4,short_1-2,week_2017-11-13,2,True,information_provided,False,2017-11-15 12:38:04+00:00,273024,conv_2473712,"Mushroom sub, buttered warm bread, and iced pepsi. @VirginTrains 1st class is really lovely on London journeys. @120576 are going to have a hard time beating it that's for sure! https://t.co/9hhvKnKEKn","Type: information_provided. Outcome: agent_closed. Brand agent turns: 1. Signals seen: information_provided. Evidence: [tweet 2473711, information_provided] ""We like the sound of this, Aimee! Have a great journey 😊""","[CUSTOMER 2473712] Mushroom sub, buttered warm bread, and iced pepsi. @VirginTrains 1st class is really lovely on London journeys. @120576 are going to have a hard time beating it that's for sure! https://t.co/9hhvKnKEKn
[AGENT 2473711] @273024 We like the sound of this, Aimee! Have a great journey 😊 ^HP","[2473712, 2473711]"
case_2475522,train_retrieval,10,long_5-8,week_2017-11-13,7,False,redirected_to_dm,True,2017-11-15 13:12:17+00:00,347236,conv_2475522,@VirginTrains is it possible to get copies of receipts for tickets purchased on your app?,"Type: redirected_to_dm. Outcome: redirected_to_dm. Brand agent turns: 3. Signals seen: redirected_to_dm, self_service, information_provided, clarification_requested, other. Evidence: [tweet 2475516, redirected_to_dm] ""Could you DM your email address please Matt?""","[CUSTOMER 2475522] @VirginTrains is it possible to get copies of receipts for tickets purchased on your app?
[AGENT 2475520] @347236 Hi Matt, we're not able to send receipts but you should get a booking confirmation email ^HP
[CUSTOMER 2475521] @VirginTrains It’s for a journey I have already completed.
[CUSTOMER 2475519] @VirginTrains I’ve deleted the receipt by mistake.
[AGENT 2475518] @347236 Ok Matt, can we please take your booking reference number? Thanks ^HP
[CUSTOMER 2475517] @VirginTrains I haven’t got that either I’m afraid. All I have is my expired tickets on my app
[AGENT 2475516] @347236 Could you DM your email address please Matt? We'll see if we can take a look ^CB https://t.co/hhfk9c3ylv","[2475522, 2475520, 2475521, 2475519, 2475518, 2475517, 2475516]"
case_2507026,train_retrieval,-3,short_1-2,week_2017-11-13,2,False,redirected_to_dm,True,2017-11-15 20:54:32+00:00,353261,conv_2507027,@VirginTrains @VirginTrains please can I have an update about this asap (ref VT-171017-1298). Complaint lodged 17/10/17. Apart from auto acknowledgement email I've not heard anything since. Thanks,"Type: redirected_to_dm. Outcome: redirected_to_dm. Brand agent turns: 1. Signals seen: redirected_to_dm. Evidence: [tweet 2507025, redirected_to_dm] ""Could you drop us a DM please, Ross""","[CUSTOMER 2507026] @VirginTrains @VirginTrains please can I have an update about this asap (ref VT-171017-1298). Complaint lodged 17/10/17. Apart from auto acknowledgement email I've not heard anything since. Thanks
[AGENT 2507025] @353261 Could you drop us a DM please, Ross ^MW","[2507026, 2507025]"
case_2540744,train_retrieval,8,short_1-2,week_2017-11-13,2,True,redirected_to_other_operator,False,2017-11-16 10:46:07+00:00,722473,conv_2540744,Kudos to the @VirginTrains staff at #Peterborough station. Witnessed two team members delivering great assistance to some elderly customers and being super friendly and accommodating 🌟,"Type: redirected_to_other_operator. Outcome: agent_closed. Brand agent turns: 1. Signals seen: redirected_to_other_operator. Evidence: [tweet 2540743, redirected_to_other_operator] ""Great to hear, Dairy 😀 We'll pass this over to our friends at @120576 for you 😊""","[CUSTOMER 2540744] Kudos to the @VirginTrains staff at #Peterborough station. Witnessed two team members delivering great assistance to some elderly customers and being super friendly and accommodating 🌟
[AGENT 2540743] @722473 Great to hear, Dairy 😀 We'll pass this over to our friends at @120576 for you 😊 ^HP","[2540744, 2540743]"
case_684441,train_retrieval,3,long_5-8,week_2017-11-13,7,False,compensation,True,2017-11-16 10:46:13+00:00,283350,conv_684441,30 days later and I am still waiting on compensation from the @VirginTrains delay and repay scheme...,"Type: compensation. Outcome: redirected_to_channel. Brand agent turns: 5. Signals seen: compensation, redirected_to_dm, self_service, information_provided, clarification_requested. Evidence: [tweet 684440, compensation] ""Sorry to hear this, Ally, do you have a VT reference number for your claim please?""; [tweet 684439, compensation] ""Thanks Ally, I can see a letter and cheque was sent out to you on 2nd November, including a cheque for compensation.""; [tweet 684438, redirected_to_dm] ""Could you please drop us a DM so we can send you some further info on this""","[CUSTOMER 684441] 30 days later and I am still waiting on compensation from the @VirginTrains delay and repay scheme...
[AGENT 684440] @283350 Sorry to hear this, Ally, do you have a VT reference number for your claim please? ^HP
[CUSTOMER 684436] @VirginTrains Yes, it's VT-101017-0662
[AGENT 684439] @283350 1/2 Thanks Ally, I can see a letter and cheque was sent out to you on 2nd November, including a cheque for compensation.
[AGENT 684438] @283350 2/2 Could you please drop us a DM so we can send you some further info on this ^HP
[AGENT 684437] @283350 1/2 Hi Ally, your case is currently with our Customer Resolutions team who are in the process of cancelling the cheque so the new one can be sent out. Once this has been cleared, the letter should be sent out to you.
[AGENT 684435] @283350 2/2 If you'd like to speak to our Customer Resolutions team directly, you can reach them on Live Chat here: https://t.co/YB2X8iaeb7 ^HP","[684441, 684440, 684436, 684439, 684438, 684437, 684435]"
case_2543121,train_retrieval,1,very_long_9+,week_2017-11-13,9,True,feedback_acknowledged,False,2017-11-16 12:41:24+00:00,723001,conv_2543121,"@VirginTrains my partner and i are going to miss our prebooked train due to delays on @117046 @132903 - had to wait 30 mins at cockfosters, disruption occurred after we left so no way of knowing beforehand and accounting for. will we be allowed on another train?","Type: feedback_acknowledged. Outcome: agent_closed. Brand agent turns: 5. Signals seen: feedback_acknowledged, information_provided, clarification_requested. Evidence: [tweet 2543114, feedback_acknowledged] ""No problem at all, we'll be sure to pass this on for you 😊""","[CUSTOMER 2543121] @VirginTrains my partner and i are going to miss our prebooked train due to delays on @117046 @132903 - had to wait 30 mins at cockfosters, disruption occurred after we left so no way of knowing beforehand and accounting for. will we be allowed on another train?
[AGENT 2543120] @723001 @117046 @132903 Hi there, sorry to hear this. What type of tickets do you have please? ^HP
[CUSTOMER 2543118] @VirginTrains @117046 @132903 advance single, hence the panic 😞
[AGENT 2543119] @723001 @117046 @132903 1/2 Ok, it may be possible that you'll need to purchase new tickets as these are Advance, however it
[AGENT 2543117] @723001 @117046 @132903 2/2 would be best to speak to station staff as they may be able to assist further with this ^HP
[CUSTOMER 2543113] @VirginTrains @117046 @132903 thanks for your help, we’ll keep our fingers crossed 🤞🏼
[AGENT 2543111] @723001 @117046 @132903 Hope this is sorted for you :) ^HP
[CUSTOMER 2543112] @VirginTrains @117046 @132903 all resolved!! please thank marika at euston for all her help xx
[AGENT 2543114] @723001 @117046 @132903 Great to hear! No problem at all, we'll be sure to pass this on for you 😊 ^HP","[2543121, 2543120, 2543118, 2543119, 2543117, 2543113, 2543111, 2543112, 2543114]"
case_2552739,train_retrieval,0,long_5-8,week_2017-11-13,5,True,information_provided,False,2017-11-16 15:04:57+00:00,122052,conv_2552740,@VirginTrains and you will still get @120576 queries haha!,"Type: information_provided. Outcome: customer_confirmed. Brand agent turns: 2. Signals seen: information_provided, other. Evidence: [tweet 2552738, information_provided] ""We don't mind Shaun! Can always pass them over.""","[CUSTOMER 2552739] @VirginTrains and you will still get @120576 queries haha!
[AGENT 2552738] @122052 @120576 We don't mind Shaun! Can always pass them over. ^BT
[CUSTOMER 2552737] @VirginTrains @120576 haha true! hope your loving the experience BT! :D
[AGENT 2552735] @122052 @120576 I am indeed Shaun 😄 ^BT
[CUSTOMER 2552736] @VirginTrains @120576 brilliant! :D you will have to do a Guards role next :P lol","[2552739, 2552738, 2552737, 2552735, 2552736]"
case_2554573,train_retrieval,1,short_1-2,week_2017-11-13,2,True,information_provided,False,2017-11-16 15:26:02+00:00,149116,conv_2554573,@VirginTrains once again excellent service on the 12.00 from Glasgow to London. I ❤️my train journeys!,"Type: information_provided. Outcome: agent_closed. Brand agent turns: 1. Signals seen: information_provided. Evidence: [tweet 2554572, information_provided] ""This is great to hear! We look forward to seeing you soon 😃""","[CUSTOMER 2554573] @VirginTrains once again excellent service on the 12.00 from Glasgow to London. I ❤️my train journeys!
[AGENT 2554572] @149116 This is great to hear! We look forward to seeing you soon 😃 ^BT","[2554573, 2554572]"
case_2561277,train_retrieval,0,medium_3-4,week_2017-11-13,3,False,unresolved,False,2017-11-16 17:51:37+00:00,726950,conv_2561277,"Oh @VirginTrains, my expectations have really been surpassed. Not only have I seen THE one and only @21045 in my carriage, but now @9703 has spoken to me in the toilet! Not my usual day at the office 👏😁 #awesome","Type: unresolved. Outcome: customer_followup_unanswered. Brand agent turns: 1. Signals seen: other. Evidence: [tweet 2561275, other] ""Did he stop you from making the mistake of leaving the toilet door unlocked? 😉""","[CUSTOMER 2561277] Oh @VirginTrains, my expectations have really been surpassed. Not only have I seen THE one and only @21045 in my carriage, but now @9703 has spoken to me in the toilet! Not my usual day at the office 👏😁 #awesome
[AGENT 2561275] @726950 @21045 Did he stop you from making the mistake of leaving the toilet door unlocked? 😉 ^BT
[CUSTOMER 2561276] @VirginTrains @21045 Certainly did! I took extra care not to '...flush my grandad away' as well 👏👏","[2561277, 2561275, 2561276]"
case_2565412,train_retrieval,-1,very_long_9+,week_2017-11-13,9,False,information_provided,False,2017-11-16 18:43:49+00:00,116421,conv_2565412,@VirginTrains Hi ^BT,"Type: information_provided. Outcome: customer_followup_unanswered. Brand agent turns: 4. Signals seen: information_provided, clarification_requested, other. Evidence: [tweet 2565409, information_provided] ""Great choice! Have a good night Becky!""","[CUSTOMER 2565412] @VirginTrains Hi ^BT
[AGENT 2565411] @116421 Hey Becky 😃 ^BT
[CUSTOMER 2565406] @VirginTrains Mum said it’s McD tonight!
[AGENT 2565404] @116421 Sorry Becky? It's what tonight? ^BT
[CUSTOMER 2565405] @VirginTrains https://t.co/eJRQklGsHp
[AGENT 2565407] @116421 Ahh I see! What are you having from there? ^BT
[CUSTOMER 2565408] @VirginTrains I’m going to have Beef and Cheese Feast
[AGENT 2565409] @116421 Great choice! Have a good night Becky! ^BT
[CUSTOMER 2565410] @VirginTrains That was beautiful!","[2565412, 2565411, 2565406, 2565404, 2565405, 2565407, 2565408, 2565409, 2565410]"
case_2574555,train_retrieval,10,medium_3-4,week_2017-11-13,3,False,redirected_to_dm,True,2017-11-16 20:14:50+00:00,320851,conv_2574555,"@VirginTrains booked tickets on the Trainline for the 1430 from EUS-CARLISLE, however only been given reservation for return leg. Is it possible to get a reservation sorted for the outbound journey, as it was carnage last time, standing the whole way. Thanks","Type: redirected_to_dm. Outcome: customer_followup_unanswered. Brand agent turns: 1. Signals seen: redirected_to_dm, escalated, clarification_requested. Evidence: [tweet 2574553, redirected_to_dm] ""Can you DM us your booking reference and we can look into this for you?""","[CUSTOMER 2574555] @VirginTrains booked tickets on the Trainline for the 1430 from EUS-CARLISLE, however only been given reservation for return leg. Is it possible to get a reservation sorted for the outbound journey, as it was carnage last time, standing the whole way. Thanks
[AGENT 2574553] @320851 Hi Duane. Can you DM us your booking reference and we can look into this for you? ^BT
[CUSTOMER 2574554] @VirginTrains Sending now.","[2574555, 2574553, 2574554]"
case_2581849,dev_calibration,7,very_long_9+,week_2017-11-13,11,False,compensation,True,2017-11-16 22:45:24+00:00,731728,conv_2581849,I just parked for 26 minutes and had to pay £5 - no staff around to sort this out. How do I get my £5 back @VirginTrains ? Mrs Grumpy in Wolverhampton https://t.co/HLuvufuQ6n,"Type: compensation. Outcome: redirected_to_dm. Brand agent turns: 7. Signals seen: compensation, redirected_to_dm, self_service, information_provided, other. Evidence: [tweet 2581850, compensation] ""Please claim via NCP Joanna""; [tweet 2581853, redirected_to_dm] ""Hi Joanna, please follow us & i'll DM you the phone number""","[CUSTOMER 2581849] I just parked for 26 minutes and had to pay £5 - no staff around to sort this out. How do I get my £5 back @VirginTrains ? Mrs Grumpy in Wolverhampton https://t.co/HLuvufuQ6n
[AGENT 2581847] @731728 Hi Joanna, there are still staff at Wolverhampton, platform 1, they'll take a look for you ^AN
[CUSTOMER 2581848] @VirginTrains I couldn't find any at the time. So I paid £5. I'd like that back please. #stillgrumpy
[AGENT 2581850] @731728 Please claim via NCP Joanna ^AN
[CUSTOMER 2581851] @VirginTrains So who do I contact at NCP? Some contact details would help #tiredandgrumpy
[CUSTOMER 2581852] @VirginTrains Sorry I should have said please. It's been a long day, and not the best
[AGENT 2581857] @731728 Joanna, please contact ourselves via https://t.co/cbJ24PP2E3 &amp; we'll see what can be done ^AN
[AGENT 2581856] @731728 Understand Joanna, thank you ^AN
[AGENT 2581855] @731728 Hi Joanna, NCP are available 24/7 via 07769 877 635 ^AN https://t.co/hhfk9bLWWV
[AGENT 2581854] @731728 https://t.co/hhfk9c3ylv
[AGENT 2581853] @731728 Hi Joanna, please follow us &amp; i'll DM you the phone number ^AN","[2581849, 2581847, 2581848, 2581850, 2581851, 2581852, 2581857, 2581856, 2581855, 2581854, 2581853]"
case_2600339,train_retrieval,6,medium_3-4,week_2017-11-13,4,False,clarification_requested,True,2017-11-17 06:45:42+00:00,736081,conv_2600339,@VirginTrains to say I'm unhappy that my booked seat 💺 has been messed up by you guys from Glasgow to London would be an understatement 😡,"Type: clarification_requested. Outcome: agent_answered_unconfirmed. Brand agent turns: 2. Signals seen: redirected_to_dm, clarification_requested, other. Evidence: [tweet 2600338, redirected_to_dm] ""Morning, can you please DM us & explain further?""; [tweet 2600338, clarification_requested] ""Morning, can you please DM us & explain further?""","[CUSTOMER 2600339] @VirginTrains to say I'm unhappy that my booked seat 💺 has been messed up by you guys from Glasgow to London would be an understatement 😡
[AGENT 2600338] @736081 Morning, can you please DM us &amp; explain further? ^AN
[CUSTOMER 2600337] @VirginTrains Not able to think you need to follow me to send a DM
[AGENT 2600336] @736081 Following you now ^AN","[2600339, 2600338, 2600337, 2600336]"
case_2601959,train_retrieval,11,medium_3-4,week_2017-11-13,3,False,other,False,2017-11-17 08:22:45+00:00,382089,conv_2601959,So @VirginTrains I’ve got free wi-fi coming up on my Virgin red app but can’t get a code as it’s sold out?? #goingtobealongjourney,"Type: other. Outcome: redirected_to_dm. Brand agent turns: 1. Signals seen: other. Evidence: [tweet 2601957, other] ""Maybe @122649 can assist?""","[CUSTOMER 2601959] So @VirginTrains I’ve got free wi-fi coming up on my Virgin red app but can’t get a code as it’s sold out?? #goingtobealongjourney
[AGENT 2601957] @382089 Maybe @122649 can assist? ^MW
[OTHER-AGENT 2601958] @VirginTrains @382089 Send us a DM! ^TC","[2601959, 2601957, 2601958]"
case_2605504,train_retrieval,5,medium_3-4,week_2017-11-13,4,False,escalated,False,2017-11-17 09:53:05+00:00,737186,conv_2605504,@VirginTrains must say a first time me and my partner have ever used your trains and we are far from impressed!!,"Type: escalated. Outcome: redirected_to_channel. Brand agent turns: 2. Signals seen: escalated, self_service, other. Evidence: [tweet 2605501, escalated] ""This can be escalated further with Customer Relations via the online complaints link - https://t.co/t20UbyOCSn""","[CUSTOMER 2605504] @VirginTrains must say a first time me and my partner have ever used your trains and we are far from impressed!!
[AGENT 2605503] @737186 Why's that, Sophie? ^MM
[CUSTOMER 2605502] @VirginTrains We have booked seats and got on the train to find someone sat in them and them showing as available not reserved with names on. Asked the 2 women to move and they refused when ticket man came round he didn’t care about where we was sat so Long as we had a ticket
[AGENT 2605501] @737186 Sorry for your experience, Sophie. This can be escalated further with Customer Relations via the online complaints link - https://t.co/t20UbyOCSn ^MM","[2605504, 2605503, 2605502, 2605501]"
case_2611724,train_retrieval,8,very_long_9+,week_2017-11-13,17,False,other,False,2017-11-17 11:50:43+00:00,738498,conv_2611724,"Adventures in user experience, or ""why doing one bit of design well doesn't help if your user journey is broken"".

Featuring @VirginTrains. It started so well.","Type: other. Outcome: redirected_to_dm. Brand agent turns: 2. Signals seen: other. Evidence: [tweet 2611712, other] ""No worries Beth""","[CUSTOMER 2611724] Adventures in user experience, or ""why doing one bit of design well doesn't help if your user journey is broken"". Featuring @VirginTrains. It started so well.
[CUSTOMER 2611723] @VirginTrains This morning I got an email. I was actually pretty please with it: it recognised my previous choices, and asked me what I actually wanted. Gave me granular choices about what would be helpful to me specifically. Great. https://t.co/OcXY4aLEY0
[CUSTOMER 2611722] @VirginTrains So sure. I'll tailor my info. https://t.co/h39wkk0HSP
[CUSTOMER 2611721] @VirginTrains I should say, I personally am not a fan of the writing style used here, but that's just my preference. The important part here is the content - being thoughtful about users.
[CUSTOMER 2611720] @VirginTrains So far, so good. I fill in the form. Again, I think the style is overly friendly, but it doesn't get in the way, so whatever. The choices on the form are clear and well-communicated. https://t.co/Ir0PwPPMqR
[AGENT 2611725] @738498 Can @120576 assist at all today? ^MW
[CUSTOMER 2611719] @VirginTrains And here's where it goes wrong. Email? What email? There wasn't an email field in the form, and besides, we _came_ from my email, so surely should know it already. https://t.co/WQ9l5D5yGy
[CUSTOMER 2611718] Chrome dev tools to the rescue. Turns out, there was an input - that for some reason has ""display:none"" - and sure enough, it has no value. https://t.co/KD6cHhjkS5
[CUSTOMER 2611717] Hilariously, I enter my email address as the value, and try to submit again - and it works fine! https://t.co/CSdXiejBG9
[CUSTOMER 2611716] My point here is - it was all going great. I felt listened to as a user, and I had actually chosen to receive some information, because they'd given me a choice that I felt would be useful to me.
[OTHER-AGENT 2611729] @VirginTrains @738498 Is there anything I can help with Beth? ^KM
[CUSTOMER 2611715] But all of that good comms work was undone when the form was broken.
[CUSTOMER 2611714] You can put tons of work into your users comms, and do a great job. But that work gets wasted if you don't sort out the wider user journey too.
[CUSTOMER 2611713] @VirginTrains sorry, I didn't mean to @ you in half of that! The main takeaway for you is just that your form is broken 😂
[CUSTOMER 2611728] @VirginTrains @120576 Sorry, got to it in the end! It's just an illustration of a point I wanted to make: your comms were great, but fell down on a technical hitch.
[AGENT 2611712] @738498 No worries Beth ^MW
[OTHER-AGENT 2611730] @738498 @VirginTrains That's really disappointing! Let us know if you have any feedback in a DM and I can pass this on. ^KM","[2611724, 2611723, 2611722, 2611721, 2611720, 2611725, 2611719, 2611718, 2611717, 2611716, 2611729, 2611715, 2611714, 2611713, 2611728, 2611712, 2611730]"
case_2614741,train_retrieval,1,long_5-8,week_2017-11-13,5,True,self_service,False,2017-11-17 13:31:45+00:00,739138,conv_2614741,"@VirginTrains hi there. If I arrive at the stoke on Trent train station at 5pm tonight, and return at the same time on Sunday, can you let me know what my cost will be? Thanks","Type: self_service. Outcome: customer_confirmed. Brand agent turns: 2. Signals seen: self_service, information_provided. Evidence: [tweet 2614740, self_service] ""Our cheapest fares can be found through our website: https://t.co/b44bKhk2By""","[CUSTOMER 2614741] @VirginTrains hi there. If I arrive at the stoke on Trent train station at 5pm tonight, and return at the same time on Sunday, can you let me know what my cost will be? Thanks
[AGENT 2614740] @739138 That depends on where you are travelling to, John. Our cheapest fares can be found through our website: https://t.co/b44bKhk2By ^CB
[CUSTOMER 2614739] @VirginTrains I might not have been clear sorry. I want to leave my Car at the Stoke Car Park, and need to know what I’ll get charged. Its £6 for Sat &amp; Sunday, but unsure of what I’ll be charged for leaving my car from 5pm tonight (with it being a Friday)
[AGENT 2614737] @739138 It would be £18 to park at Stoke-on-Trent today and return tomorrow ^CB
[CUSTOMER 2614738] @VirginTrains Grrr, thats a pain. Taxi it is then. You should have a 5pm onwards price! Thanks for replying promptly.","[2614741, 2614740, 2614739, 2614737, 2614738]"
case_2614717,train_retrieval,7,medium_3-4,week_2017-11-13,4,False,self_service,True,2017-11-17 13:38:31+00:00,525467,conv_2614717,If you need to complain to @VirginTrains don't waste your time. They lead you on a merry dance and you get nowhere,"Type: self_service. Outcome: agent_answered_unconfirmed. Brand agent turns: 2. Signals seen: redirected_to_dm, self_service, information_provided, clarification_requested. Evidence: [tweet 2614716, redirected_to_dm] ""If you've received a VT reference please send us a DM with this ^CB https://t.co/hhfk9c3ylv""; [tweet 2614716, self_service] ""If you've received a VT reference please send us a DM with this ^CB https://t.co/hhfk9c3ylv""","[CUSTOMER 2614717] If you need to complain to @VirginTrains don't waste your time. They lead you on a merry dance and you get nowhere
[AGENT 2614716] @525467 Who have you contacted regarding this, Jonathan? If you've received a VT reference please send us a DM with this ^CB https://t.co/hhfk9c3ylv
[CUSTOMER 2614715] @VirginTrains I wasted 20 mins then another 30 mins on DM being led up the garden path. Would have preferred a straight 'sorry can't help' rather than having my time wasted
[AGENT 2614714] @525467 I see. Unfortunately we aren't able to reserve any further seats on that journey I'm afraid ^CB","[2614717, 2614716, 2614715, 2614714]"
case_614629,train_retrieval,-1,medium_3-4,week_2017-11-13,3,False,information_provided,False,2017-11-17 14:02:13+00:00,635306,conv_614086,@VirginTrains #FerrellToiletSeat,"Type: information_provided. Outcome: agent_answered_unconfirmed. Brand agent turns: 1. Signals seen: information_provided. Evidence: [tweet 2616294, information_provided] ""Don't act like you don't want to win 😂""","[CUSTOMER 614629] @VirginTrains #FerrellToiletSeat
[CUSTOMER 2616295] @VirginTrains Why did I just do that???
[AGENT 2616294] @635306 Don't act like you don't want to win 😂 ^CB","[614629, 2616295, 2616294]"
case_2616293,train_retrieval,1,short_1-2,week_2017-11-13,2,False,redirected_to_dm,True,2017-11-17 14:06:45+00:00,739506,conv_2616293,@VirginTrains how do I book a seat on your train &amp; what times can I travel off peak .. Euston to Manchester Piccadilly?,"Type: redirected_to_dm. Outcome: redirected_to_dm. Brand agent turns: 1. Signals seen: redirected_to_dm, self_service. Evidence: [tweet 2616292, redirected_to_dm] ""If you have a ticket already you can DM us with your journey details ^CB https://t.co/hhfk9c3ylv""","[CUSTOMER 2616293] @VirginTrains how do I book a seat on your train &amp; what times can I travel off peak .. Euston to Manchester Piccadilly?
[AGENT 2616292] @739506 If you have a ticket already you can DM us with your journey details ^CB https://t.co/hhfk9c3ylv","[2616293, 2616292]"
case_2618639,train_retrieval,-1,medium_3-4,week_2017-11-13,4,False,escalated,False,2017-11-17 14:26:07+00:00,740021,conv_2618639,@VirginTrains https://t.co/0PERSkRdoG,"Type: escalated. Outcome: redirected_to_channel. Brand agent turns: 2. Signals seen: escalated, self_service, clarification_requested. Evidence: [tweet 2618637, escalated] ""Sorry to see that, have you reported it to station staff?""","[CUSTOMER 2618639] @VirginTrains https://t.co/0PERSkRdoG
[AGENT 2618637] @740021 Sorry to see that, have you reported it to station staff? ^PA
[CUSTOMER 2618636] @VirginTrains I’ve spoken to Manager last 18 Oct &amp; customer relations Katie Kavanagh &amp; now staff take the places of only four it’s a joke who else do you want me speak to if your organisation are unable to sort the four Travellers car parking places out yourselves will you pay me I’m expensive
[AGENT 2618635] @740021 I will get this reported again. If you do wish to write in you can do via https://t.co/rxhvswSChc ^PA","[2618639, 2618637, 2618636, 2618635]"
case_2621830,train_retrieval,0,long_5-8,week_2017-11-13,5,True,feedback_acknowledged,False,2017-11-17 16:07:09+00:00,740763,conv_2621830,Dear @virgintrains - your Pale Ale is thin and doesn’t have enough body - and you have no dark ales (not even a Guiness in a can!) - otherwise trip London to Edinburgh has been tolerable! Not enough cows have been seen! Toilet Will Ferral is annoying as f!!,"Type: feedback_acknowledged. Outcome: agent_closed. Brand agent turns: 2. Signals seen: feedback_acknowledged, information_provided. Evidence: [tweet 2621826, feedback_acknowledged] ""I'll pass on your comments, sorry it wasn't all to your taste though.""","[CUSTOMER 2621830] Dear @virgintrains - your Pale Ale is thin and doesn’t have enough body - and you have no dark ales (not even a Guiness in a can!) - otherwise trip London to Edinburgh has been tolerable! Not enough cows have been seen! Toilet Will Ferral is annoying as f!!
[CUSTOMER 2621828] @VirginTrains And a little more leg room for the other 6 footers would be grand!
[AGENT 2621826] @740763 Happy then? I'll pass on your comments, sorry it wasn't all to your taste though. ^PA
[CUSTOMER 2621827] @VirginTrains Mostly happy - thanks - more dark beer, more leg room for giants, and more cows please. Been a good trip! Thanks for coming back so quick
[AGENT 2621829] @740763 No problem, Unfortunately the leg room isn't possible, it would mean a complete refit, I'll feed back about the beer. ^PA","[2621830, 2621828, 2621826, 2621827, 2621829]"
case_2626285,train_retrieval,11,short_1-2,week_2017-11-13,2,False,clarification_requested,False,2017-11-17 16:21:34+00:00,741812,conv_2626285,@VirginTrains I feel conned. I just spent £5 for the WiFi and nothing works except emails. Shocking. Waste of time and money,"Type: clarification_requested. Outcome: agent_awaiting_customer. Brand agent turns: 1. Signals seen: clarification_requested. Evidence: [tweet 2626284, clarification_requested] ""What are you trying to load?""","[CUSTOMER 2626285] @VirginTrains I feel conned. I just spent £5 for the WiFi and nothing works except emails. Shocking. Waste of time and money
[AGENT 2626284] @741812 What are you trying to load? ^PA","[2626285, 2626284]"
case_2630302,train_retrieval,3,medium_3-4,week_2017-11-13,4,False,compensation,True,2017-11-17 18:08:33+00:00,742788,conv_2630302,"@VirginTrains delay response or whatever it’s called is a scam, my train was delayed for nearly 2 hours 2 weeks ago all now where is my refund?","Type: compensation. Outcome: redirected_to_dm. Brand agent turns: 2. Signals seen: compensation, redirected_to_dm, clarification_requested. Evidence: [tweet 2630300, compensation] ""Did you make a claim?""; [tweet 2630303, redirected_to_dm] ""Please DM us with your email and we'll have a look, it can take up to 28 days though.""","[CUSTOMER 2630302] @VirginTrains delay response or whatever it’s called is a scam, my train was delayed for nearly 2 hours 2 weeks ago all now where is my refund?
[AGENT 2630300] @742788 Did you make a claim? ^PA
[CUSTOMER 2630301] @VirginTrains Yes, twice.
[AGENT 2630303] @742788 Please DM us with your email and we'll have a look, it can take up to 28 days though. ^PA","[2630302, 2630300, 2630301, 2630303]"
case_2630352,train_retrieval,5,long_5-8,week_2017-11-13,5,False,information_provided,False,2017-11-17 20:17:05+00:00,494448,conv_2630351,"@213763 @VirginTrains Did you manage to find one?! Me and @19434 had a similar nightmare when we bought a non-screwtop wine the other week and there was not a corkscrew to be found anywhere on the train! 😱🙈 It resulted in a ""use your keys to push the cork into the bottle"" situation!! 😂🙈 https://t.co/gS9r5HdFdv","Type: information_provided. Outcome: customer_followup_unanswered. Brand agent turns: 2. Signals seen: information_provided. Evidence: [tweet 2630353, information_provided] ""Needs must Gemma, nothing should stop you ladies from having your wine 😀 🍷""; [tweet 2630355, information_provided] ""Thank goodness. Have a great evening.""","[CUSTOMER 2630352] @213763 @VirginTrains Did you manage to find one?! Me and @19434 had a similar nightmare when we bought a non-screwtop wine the other week and there was not a corkscrew to be found anywhere on the train! 😱🙈 It resulted in a ""use your keys to push the cork into the bottle"" situation!! 😂🙈 https://t.co/gS9r5HdFdv
[AGENT 2630353] @494448 @213763 @19434 Needs must Gemma, nothing should stop you ladies from having your wine 😀 🍷 ^PA
[CUSTOMER 2630354] @VirginTrains @213763 @19434 We found a way...just! 😂🍾🙌
[AGENT 2630355] @494448 @213763 @19434 Thank goodness. Have a great evening. ^PA
[CUSTOMER 2630356] @VirginTrains @213763 @19434 😉Same to you!","[2630352, 2630353, 2630354, 2630355, 2630356]"
case_2638405,train_retrieval,8,long_5-8,week_2017-11-13,6,True,clarification_requested,False,2017-11-17 20:36:30+00:00,122859,conv_2638405,Off to Liverpool picked up a truly amazing fare in the red hot sale!! @VirginTrains https://t.co/sHFnfj0r5I,"Type: clarification_requested. Outcome: agent_closed. Brand agent turns: 3. Signals seen: clarification_requested, other. Evidence: [tweet 2638406, clarification_requested] ""Oh dear, are you on now?""","[CUSTOMER 2638405] Off to Liverpool picked up a truly amazing fare in the red hot sale!! @VirginTrains https://t.co/sHFnfj0r5I
[AGENT 2638403] @122859 Have a great journey. ^PA
[CUSTOMER 2638404] @VirginTrains Nearly missed it they accidentally removed the train from the boards :-O https://t.co/vJX6yebqvR
[AGENT 2638406] @122859 Oh dear, are you on now? ^PA
[CUSTOMER 2638407] @VirginTrains Yes thank you got a few goodies to enjoy here :-) https://t.co/zapSSIWpxN
[AGENT 2638408] @122859 Awesome, have a great journey. ^PA","[2638405, 2638403, 2638404, 2638406, 2638407, 2638408]"
case_2654770,train_retrieval,-3,long_5-8,week_2017-11-13,8,False,self_service,False,2017-11-19 07:59:08+00:00,194127,conv_2654770,@VirginTrains What about drugs?,"Type: self_service. Outcome: customer_followup_unanswered. Brand agent turns: 4. Signals seen: self_service, information_provided, other. Evidence: [tweet 2654768, self_service] ""^MM https://t.co/bFjdoDiglB""","[AGENT 2654770] It’s the weekend! 🙌 We want you all to have fun and enjoy your journey with us, but please also be respectful of other passengers onboard and drink responsibly 😊
[CUSTOMER 2654765] @VirginTrains What about drugs?
[AGENT 2654763] @194127 These would be illegal, Andrew ^MM
[CUSTOMER 2654764] @VirginTrains Depends which drugs surely?
[AGENT 2654766] @194127 I'm sure the @120893 can help you with any questions you have ^MM
[CUSTOMER 2654767] @VirginTrains @120893 Doubt it. They are underfunded and overworked. Unlike you guys at Virgin Trains who are over paid and lazy.
[AGENT 2654768] @194127 @120893 ^MM https://t.co/bFjdoDiglB
[CUSTOMER 2654769] @VirginTrains @120893 That’s racist. Complaint on its way.","[2654770, 2654765, 2654763, 2654764, 2654766, 2654767, 2654768, 2654769]"
case_2683331,train_retrieval,1,long_5-8,week_2017-11-13,8,False,information_provided,True,2017-11-19 14:06:27+00:00,754758,conv_2683331,"@VirginTrains Ive just booked a train journey 6 days in advance. After i booked and paid for it, it says the train is full already. So instead of making passengers stand the whole way can you stick another carriage on the 9.01am carlisle to edinburgh train 25th Nov. Ta.","Type: information_provided. Outcome: customer_followup_unanswered. Brand agent turns: 3. Signals seen: redirected_to_dm, information_provided, other. Evidence: [tweet 2683329, redirected_to_dm] ""I couldn't work out if it was, care to DM more details, KS?""; [tweet 2683325, information_provided] ""Apologies I think my colleague had just misread your comment, no offence was intended. Unfortunately it's not always possible for extra carriages to be added as these will all be out in service but there will be unreser…""","[CUSTOMER 2683331] @VirginTrains Ive just booked a train journey 6 days in advance. After i booked and paid for it, it says the train is full already. So instead of making passengers stand the whole way can you stick another carriage on the 9.01am carlisle to edinburgh train 25th Nov. Ta.
[AGENT 2683332] @754758 Is this praise, I can't tell? ^MW
[CUSTOMER 2683330] @VirginTrains Absolutely not. Is that reply professionalism? I cant tell? KS
[AGENT 2683329] @754758 I couldn't work out if it was, care to DM more details, KS? ^MW
[CUSTOMER 2683327] @VirginTrains Its clear as day my message wasnt praise your sassy reply was rude. If Id known I was going to be standing the whole way I would have driven to Edinburgh. This is a popular time of year around Christmas think about adding more carriages... and manners.
[CUSTOMER 2688780] @753774 @VirginTrains What a nightmare
[AGENT 2683325] @754758 Apologies I think my colleague had just misread your comment, no offence was intended. Unfortunately it's not always possible for extra carriages to be added as these will all be out in service but there will be unreserved carriages on this service ^HP
[CUSTOMER 2683326] @VirginTrains I wouldnt be so bothered if i was by myself but im travelling with 2 small children and its not made clear until after youve booked it that the trains full. Your colleague needs a day off.","[2683331, 2683332, 2683330, 2683329, 2683327, 2688780, 2683325, 2683326]"
case_2683285,train_retrieval,0,medium_3-4,week_2017-11-13,4,False,redirected_to_other_operator,False,2017-11-19 14:54:31+00:00,754750,conv_2683285,"The spirt of human nature prevails! Just in chatting to people this woman got on a mission &amp; miraculously got me a seat, a nice young man gave one up! My faith in people is well &amp; truly justified! Thank you kind strangers, shame on @VirginTrains","Type: redirected_to_other_operator. Outcome: agent_answered_unconfirmed. Brand agent turns: 2. Signals seen: redirected_to_other_operator, clarification_requested. Evidence: [tweet 2683286, redirected_to_other_operator] ""Thnaks Alison, we'll pass this over to @120576 for you :)""","[CUSTOMER 2683285] The spirt of human nature prevails! Just in chatting to people this woman got on a mission &amp; miraculously got me a seat, a nice young man gave one up! My faith in people is well &amp; truly justified! Thank you kind strangers, shame on @VirginTrains
[AGENT 2683283] @754750 Hi Alison, which service are you travelling on today? ^HP
[CUSTOMER 2683284] @VirginTrains I got on the 13.52 from York I was originally booked onto 12.59 from York but was delayed from Durham.
[AGENT 2683286] @754750 Thnaks Alison, we'll pass this over to @120576 for you :) ^HP","[2683285, 2683283, 2683284, 2683286]"
case_2689104,train_retrieval,1,very_long_9+,week_2017-11-13,13,True,information_provided,False,2017-11-19 15:26:53+00:00,756065,conv_2689104,"@VirginTrains hi. I had to swap trains to Glasgow in Lancaster due to delay. Left my new blue scarf in overhead near luggage coach b. (15:53 Preston train) Heading to Glasgow 5 mins behind, can someone grab it for me please. Was a gift!","Type: information_provided. Outcome: agent_closed. Brand agent turns: 8. Signals seen: information_provided, clarification_requested, other. Evidence: [tweet 2689106, information_provided] ""No problem Niico, can we just double check the time of the service though please as we don't run a 15:53 train from Pre-Glc""; [tweet 2689108, information_provided] ""No worries Niico, we'll get a message our to the Train Manager now and will let you know as soon as we have an update""; [tweet 2689110, information_provided] ""No problem, Niico, we've asked for this to be handed in at Glasgow for you. I'll get back to you once the TM confirms for me :)""; [tweet 2689111, information_provided] ""of the train now by a few mins, but if you wait at Glasgow, he'll be walking down the platform to bring this in for you :)""","[CUSTOMER 2689104] @VirginTrains hi. I had to swap trains to Glasgow in Lancaster due to delay. Left my new blue scarf in overhead near luggage coach b. (15:53 Preston train) Heading to Glasgow 5 mins behind, can someone grab it for me please. Was a gift!
[AGENT 2689102] @756065 Oh no, sorry to hear this :( Can you please give us some more info on the coach/seat you were in and we'll see what we can do?
[CUSTOMER 2689103] @VirginTrains Fab. It’s above the luggage rack at coach b. (Closest to lower numbers) it’s a lighter blue thick wool scarf. The train left Preston at 15:53 heading to Glasgow central. I’m on the one behind (14:41 to GCC) had to swap as my train was slightly delayed.
[AGENT 2689106] @756065 1/2 No problem Niico, can we just double check the time of the service though please as we don't run a 15:53 train from Pre-Glc
[AGENT 2689105] @756065 2/2 but we do run a 14:53, was it this one? ^HP
[CUSTOMER 2689107] @VirginTrains Lol. Yup apologies. :)
[AGENT 2689108] @756065 No worries Niico, we'll get a message our to the Train Manager now and will let you know as soon as we have an update ^HP
[CUSTOMER 2689109] @VirginTrains You’re superstars! Much appreciated
[AGENT 2689110] @756065 No problem, Niico, we've asked for this to be handed in at Glasgow for you. I'll get back to you once the TM confirms for me :)
[AGENT 2689112] @756065 1/2 Hi again, Nico, was this a H&amp;M scarf? If so, the TM has this and will hand it in at Glasgow for you 😊 You're actually ahead
[AGENT 2689111] @756065 2/2 of the train now by a few mins, but if you wait at Glasgow, he'll be walking down the platform to bring this in for you :)
[CUSTOMER 2689113] @VirginTrains Awwww this is fantastic!! Yep it’s an H&amp;M scarf. Thank you so much for all your efforts really appreciated xx
[AGENT 2689114] @756065 No problem at all, Niico, glad we could help 😊 Enjoy the rest of your weekend ^HP","[2689104, 2689102, 2689103, 2689106, 2689105, 2689107, 2689108, 2689109, 2689110, 2689112, 2689111, 2689113, 2689114]"
case_2690505,train_retrieval,6,short_1-2,week_2017-11-13,2,False,compensation,False,2017-11-19 15:47:11+00:00,756383,conv_2690505,@VirginTrains 15.17 from Preston to Crewe massively overbooked with no reservations even though we had booked seats. Not cool - sort it out! https://t.co/ZyXQpGCL9x,"Type: compensation. Outcome: redirected_to_channel. Brand agent turns: 1. Signals seen: compensation, self_service. Evidence: [tweet 2690504, compensation] ""So sorry to hear this, Rachel, you can claim compensation here: https://t.co/w30mezkIWo""","[CUSTOMER 2690505] @VirginTrains 15.17 from Preston to Crewe massively overbooked with no reservations even though we had booked seats. Not cool - sort it out! https://t.co/ZyXQpGCL9x
[AGENT 2690504] @756383 So sorry to hear this, Rachel, you can claim compensation here: https://t.co/w30mezkIWo ^HP","[2690505, 2690504]"
case_2695926,train_retrieval,3,medium_3-4,week_2017-11-13,3,False,redirected_to_other_operator,False,2017-11-19 18:00:32+00:00,757582,conv_2695926,@VirginTrains 1st class has been declassified from York to London today - how can I get a refund on my 1st class ticket?,"Type: redirected_to_other_operator. Outcome: agent_answered_unconfirmed. Brand agent turns: 1. Signals seen: redirected_to_other_operator. Evidence: [tweet 2695924, redirected_to_other_operator] ""Hi Victoria, it sounds like you're travelling on a @120576 service so we'll pass this over for you""","[CUSTOMER 2695926] @VirginTrains 1st class has been declassified from York to London today - how can I get a refund on my 1st class ticket?
[AGENT 2695924] @757582 Hi Victoria, it sounds like you're travelling on a @120576 service so we'll pass this over for you ^HP
[OTHER-AGENT 2695925] @VirginTrains @757582 You would need to speak with our Customer Solutions team on 03457 225 333 or at __email__ ^KM","[2695926, 2695924, 2695925]"
case_2700260,train_retrieval,1,long_5-8,week_2017-11-13,5,False,feedback_acknowledged,False,2017-11-19 20:08:55+00:00,758589,conv_2700260,@VirginTrains hi are you aware of the lack of snack boxes for the London Euston 1928 train to Glasgow?,"Type: feedback_acknowledged. Outcome: customer_followup_unanswered. Brand agent turns: 2. Signals seen: feedback_acknowledged, clarification_requested. Evidence: [tweet 2700256, feedback_acknowledged] ""Apologies Faheem, we'll certainly pass your comments on""","[CUSTOMER 2700260] @VirginTrains hi are you aware of the lack of snack boxes for the London Euston 1928 train to Glasgow?
[AGENT 2700259] @758589 Apologies we're not, no, have you spoken to the team about this? ^HP
[CUSTOMER 2700258] @VirginTrains They say nothing the can do till Preston at which point we will have departed. Perhaps a reduction in upgrade fare could have been offered as staff were aware of shortage beforehand?
[AGENT 2700256] @758589 Apologies Faheem, we'll certainly pass your comments on ^HP
[CUSTOMER 2700257] @VirginTrains It's ok. Just pleasant feedback","[2700260, 2700259, 2700258, 2700256, 2700257]"
case_2700295,train_retrieval,6,medium_3-4,week_2017-11-13,3,False,redirected_to_other_operator,False,2017-11-19 20:22:43+00:00,758594,conv_2700295,"@VirginTrains hi currently on your train from York to London kx, spent over £70 on this ticket even tho I’m a poor student and having to stand up in the carriage as it’s so full I can’t make it to my seat","Type: redirected_to_other_operator. Outcome: agent_answered_unconfirmed. Brand agent turns: 1. Signals seen: redirected_to_other_operator. Evidence: [tweet 2700293, redirected_to_other_operator] ""Hi there, it sounds like you're on a @120576 service so we'll pass this over""","[CUSTOMER 2700295] @VirginTrains hi currently on your train from York to London kx, spent over £70 on this ticket even tho I’m a poor student and having to stand up in the carriage as it’s so full I can’t make it to my seat
[CUSTOMER 2700294] @VirginTrains Really don’t appreciate standing up for 3 hours
[AGENT 2700293] @758594 Hi there, it sounds like you're on a @120576 service so we'll pass this over ^HP","[2700295, 2700294, 2700293]"
case_2720307,train_retrieval,0,short_1-2,week_2017-11-20,2,False,information_provided,False,2017-11-20 09:23:05+00:00,146643,conv_2720307,@VirginTrains Are you going on strike?,"Type: information_provided. Outcome: agent_answered_unconfirmed. Brand agent turns: 1. Signals seen: information_provided. Evidence: [tweet 2720306, information_provided] ""No dates have been confirmed, if industrial action takes place we still aim to run the majority of our services.""","[CUSTOMER 2720307] @VirginTrains Are you going on strike?
[AGENT 2720306] @146643 No dates have been confirmed, if industrial action takes place we still aim to run the majority of our services. ^PA","[2720307, 2720306]"
case_2721268,train_retrieval,6,medium_3-4,week_2017-11-20,4,False,other,False,2017-11-20 09:44:49+00:00,763523,conv_2721268,Love my window seat @VirginTrains https://t.co/qkrvHkU1p6,"Type: other. Outcome: agent_awaiting_customer. Brand agent turns: 2. Signals seen: other. Evidence: [tweet 2721269, other] ""Sorry to hear this! Can I ask why?""","[CUSTOMER 2721268] Love my window seat @VirginTrains https://t.co/qkrvHkU1p6
[AGENT 2721266] @763523 Oh no, sorry! Are there any seats available for you to move to with a window seat? ^BT
[CUSTOMER 2721267] @VirginTrains No, was very unhappy with the service this weekend
[AGENT 2721269] @763523 Sorry to hear this! Can I ask why? ^BT","[2721268, 2721266, 2721267, 2721269]"
case_754948,train_retrieval,-3,medium_3-4,week_2017-11-20,4,False,compensation,False,2017-11-20 11:51:57+00:00,232534,conv_754937,"@VirginTrains Had two late trains in October which should have been refunded direct to my card. Just checking statement, no refund","Type: compensation. Outcome: redirected_to_channel. Brand agent turns: 2. Signals seen: compensation, self_service, clarification_requested. Evidence: [tweet 754949, compensation] ""Did you apply for delay repay?""","[CUSTOMER 754948] @VirginTrains Had two late trains in October which should have been refunded direct to my card. Just checking statement, no refund
[AGENT 754949] @232534 Did you apply for delay repay? ^BT
[CUSTOMER 754950] @VirginTrains No, if you follow thread it says you do it automatically
[AGENT 754951] @232534 If you haven't heard yet, you will need to apply via https://t.co/v2F1XYIfEP ^PA","[754948, 754949, 754950, 754951]"
case_2724906,dev_calibration,6,long_5-8,week_2017-11-20,6,False,redirected_to_dm,True,2017-11-20 12:28:49+00:00,764241,conv_2724906,"@VirginTrains your ""Someone beat you to it, please pick a different seat"" error while booking is annoying cos it's clearly not the reason. Please consider making seat availability more transparent.","Type: redirected_to_dm. Outcome: redirected_to_dm. Brand agent turns: 3. Signals seen: redirected_to_dm, self_service, feedback_acknowledged, clarification_requested, other. Evidence: [tweet 2724909, redirected_to_dm] ""Could you DM the details please?""","[CUSTOMER 2724906] @VirginTrains your ""Someone beat you to it, please pick a different seat"" error while booking is annoying cos it's clearly not the reason. Please consider making seat availability more transparent.
[AGENT 2724904] @764241 Sorry to hear that Dylan, anything we can help with today? ^MW
[CUSTOMER 2724905] @VirginTrains You can show your web team my tweet?
[AGENT 2724907] @764241 We'll be sure to pass on your comments but if you need help with booking seats in the near future, please let us know ^MW
[CUSTOMER 2724908] @VirginTrains If I can't change a seat selection on an advance ticket via the web, I assume it means it's impossible via any channel?
[AGENT 2724909] @764241 We can change your seat reservation, subject to availability. Could you DM the details please? ^KS https://t.co/hhfk9c3ylv","[2724906, 2724904, 2724905, 2724907, 2724908, 2724909]"
case_2755345,train_retrieval,10,short_1-2,week_2017-11-20,2,False,information_provided,False,2017-11-20 21:17:46+00:00,625756,conv_2755345,@VirginTrains Is your seat sale on yet? Keep trying to book but only regular fares appear!,"Type: information_provided. Outcome: agent_answered_unconfirmed. Brand agent turns: 1. Signals seen: information_provided. Evidence: [tweet 2755344, information_provided] ""Not yet, Hilary, but check back with us on Friday :)""","[CUSTOMER 2755345] @VirginTrains Is your seat sale on yet? Keep trying to book but only regular fares appear!
[AGENT 2755344] @625756 Not yet, Hilary, but check back with us on Friday :) ^HP","[2755345, 2755344]"
case_2761918,dev_calibration,6,long_5-8,week_2017-11-20,5,True,information_provided,False,2017-11-21 07:00:02+00:00,772699,conv_2761918,"@VirginTrains  how come 90% of coach F is reserved, on 0630 Glasgow to Euston? Normally this coach is unreserved, when did this change?","Type: information_provided. Outcome: customer_confirmed. Brand agent turns: 2. Signals seen: information_provided. Evidence: [tweet 2761917, information_provided] ""The reserved coaches have been changing over the last few weeks, they will now be Coach C and U on 11 car Pendolinos and coach C on 9 cars.""; [tweet 2761914, information_provided] ""The quick way would be to check for coaches U and G, if they are there it'l be an 11 car, if not then a 9 car.""","[CUSTOMER 2761918] @VirginTrains how come 90% of coach F is reserved, on 0630 Glasgow to Euston? Normally this coach is unreserved, when did this change?
[AGENT 2761917] @772699 The reserved coaches have been changing over the last few weeks, they will now be Coach C and U on 11 car Pendolinos and coach C on 9 cars. ^PA
[CUSTOMER 2761916] @VirginTrains How do you know if it's a 9 or 11 prior to boarding?
[AGENT 2761914] @772699 The quick way would be to check for coaches U and G, if they are there it'l be an 11 car, if not then a 9 car. ^PA
[CUSTOMER 2761915] @VirginTrains Thanks","[2761918, 2761917, 2761916, 2761914, 2761915]"
case_2063606,train_retrieval,10,very_long_9+,week_2017-11-20,15,False,troubleshooting,False,2017-11-21 08:09:19+00:00,610312,conv_2063606,"@VirginTrains hi, i’m trying to book sale tix with priority, but it keeps saying im choosing a time period outside of the promotion. what dates does the promotion apply to? thanks! 👍🏼","Type: troubleshooting. Outcome: agent_answered_unconfirmed. Brand agent turns: 7. Signals seen: troubleshooting, self_service, information_provided, clarification_requested, other. Evidence: [tweet 2063596, troubleshooting] ""Are you able to try another journey for me to see if that will let you through to the next stage of the booking process?""","[CUSTOMER 2063606] @VirginTrains hi, i’m trying to book sale tix with priority, but it keeps saying im choosing a time period outside of the promotion. what dates does the promotion apply to? thanks! 👍🏼
[AGENT 2063605] @610312 It's from 18/12/17-14/01/18 ^PA
[CUSTOMER 2063604] @VirginTrains i’m searching for a journey 18dec-21st dec and getting constant errors 😣
[AGENT 2063603] @610312 What journey are you looking at? ^CB
[CUSTOMER 2063602] @VirginTrains glasgow (any) - london (any)
[AGENT 2063601] @610312 If you search for Glasgow Central to London Euston they should appear. Sometimes the website does need the specific train station ^CB
[CUSTOMER 2063600] @VirginTrains thank you, i’ll give that a try!
[AGENT 2063599] @610312 Let us know if that works or if you still have any problems ^CB
[CUSTOMER 2063597] @VirginTrains still not working 😭 https://t.co/kdHG8W8GD4
[CUSTOMER 2063598] @VirginTrains https://t.co/jkfWv36c9D
[AGENT 2063596] @610312 That's very strange. Apologies Fiona. Are you able to try another journey for me to see if that will let you through to the next stage of the booking process? ^CB
[CUSTOMER 2063594] @VirginTrains i’ve had success testing other dates, in jan for example, but i need these dates ☹️
[AGENT 2063592] @610312 Unfortunately this would suggest that there are no further promotional fares available for that route on those dates ^CB
[CUSTOMER 2063593] @VirginTrains seems like there are tickets, think there might be something wrong with the booking system, wednesday seems to be blocked off https://t.co/0QJT2FmmUF
[AGENT 2063595] @610312 The tickets are on selected services/dates. Unfortunately we don't have a list of which are available ^CB","[2063606, 2063605, 2063604, 2063603, 2063602, 2063601, 2063600, 2063599, 2063597, 2063598, 2063596, 2063594, 2063592, 2063593, 2063595]"
case_2765439,train_retrieval,7,very_long_9+,week_2017-11-20,9,False,information_provided,False,2017-11-21 09:30:54+00:00,231656,conv_2765440,@150815 @VirginTrains It made me want to flush my Virgin Credit Card bill down the toilet. Something that’d never previously occurred to me.,"Type: information_provided. Outcome: customer_followup_unanswered. Brand agent turns: 4. Signals seen: information_provided, clarification_requested, other. Evidence: [tweet 2765431, information_provided] ""Round it up to 20% and we'll accept.""","[CUSTOMER 2765439] @150815 @VirginTrains It made me want to flush my Virgin Credit Card bill down the toilet. Something that’d never previously occurred to me.
[AGENT 2765438] @231656 @150815 But we specifically so not to flush them, Max. Why would you do that?! ^CB
[CUSTOMER 2765437] @VirginTrains @150815 I’m a renegade.
[AGENT 2765436] @231656 @150815 A rebel without a cause. ^PA
[CUSTOMER 2765433] @VirginTrains @150815 I have a cause. 19.9%.
[AGENT 2765431] @231656 @150815 Round it up to 20% and we'll accept. ^PA
[CUSTOMER 2765432] @VirginTrains @150815 I’m so lost. 19.9% is what you charge me. Round it down to 12% and *I’LL* accept.
[AGENT 2765434] @231656 @150815 19.9% for what? We don't charge that. ^PA
[CUSTOMER 2765435] @VirginTrains @150815 No, indeed. Don’t trouble yourself.","[2765439, 2765438, 2765437, 2765436, 2765433, 2765431, 2765432, 2765434, 2765435]"
case_2767375,dev_calibration,7,short_1-2,week_2017-11-20,2,True,information_provided,False,2017-11-21 10:47:22+00:00,773857,conv_2767375,"@VirginTrains outstanding professionalism &amp; customer service from the TM on the 1031 Cov Eus, 5 coaches instead of 10 &amp; yet still she's putting smiles on people's faces 🚄 don't even think you can teach service like that #natural","Type: information_provided. Outcome: agent_closed. Brand agent turns: 1. Signals seen: information_provided. Evidence: [tweet 2767374, information_provided] ""Great to hear that the Train Manager is on fine form this morning. Thank you for sharing with us""","[CUSTOMER 2767375] @VirginTrains outstanding professionalism &amp; customer service from the TM on the 1031 Cov Eus, 5 coaches instead of 10 &amp; yet still she's putting smiles on people's faces 🚄 don't even think you can teach service like that #natural
[AGENT 2767374] @773857 Great to hear that the Train Manager is on fine form this morning. Thank you for sharing with us ^CB","[2767375, 2767374]"
case_2769590,train_retrieval,1,short_1-2,week_2017-11-20,2,False,redirected_to_dm,True,2017-11-21 12:15:25+00:00,774314,conv_2769590,@VirginTrains booked a 21:35 train but got sent an 20:35 ticket...???,"Type: redirected_to_dm. Outcome: redirected_to_dm. Brand agent turns: 1. Signals seen: redirected_to_dm, self_service, clarification_requested. Evidence: [tweet 2769589, redirected_to_dm] ""Could you DM the booking reference please, Alice?""","[CUSTOMER 2769590] @VirginTrains booked a 21:35 train but got sent an 20:35 ticket...???
[AGENT 2769589] @774314 Could you DM the booking reference please, Alice? ^CB https://t.co/hhfk9c3ylv","[2769590, 2769589]"
case_2773975,train_retrieval,11,medium_3-4,week_2017-11-20,4,False,refund,False,2017-11-21 14:17:45+00:00,775274,conv_2773975,£5 for wifi that doesn't even work on a £60 train journey. Bravo @VirginTrains,"Type: refund. Outcome: agent_answered_unconfirmed. Brand agent turns: 2. Signals seen: refund, compensation, troubleshooting, self_service. Evidence: [tweet 2773976, refund] ""You can claim a refund via __email__""","[CUSTOMER 2773975] £5 for wifi that doesn't even work on a £60 train journey. Bravo @VirginTrains
[AGENT 2773973] @775274 Are you connected to virgintrainswifi and have https://t.co/1JEOSVPtGN open in a browser/tab? ^CB
[CUSTOMER 2773974] @VirginTrains Sorry couldn't reply as had no wifi. Currently using free Wi-fi on a £4.60 40 minute journey with a better train company. Cheers for ripping me off 👍🏻
[AGENT 2773976] @775274 You can claim a refund via __email__ ^MM","[2773975, 2773973, 2773974, 2773976]"
case_2782692,train_retrieval,2,very_long_9+,week_2017-11-20,11,True,troubleshooting,False,2017-11-21 17:11:56+00:00,776534,conv_2782692,"So the 1610 @VirginTrains EUS to Bangor wifi saga continues. Also c25 mins late, and the train announcer mic works &lt;1/3rd of the time - comical. This morning we had freezing aircon whilst the adjacent carriage was told to vacate as their heating couldn't be turned off!","Type: troubleshooting. Outcome: agent_closed. Brand agent turns: 5. Signals seen: troubleshooting, feedback_acknowledged, information_provided. Evidence: [tweet 2782693, troubleshooting] ""Sorry to hear you're having issues with the WiFi again, have you tried typing 1.1.1.1, this can help you reconnect.""","[CUSTOMER 2782692] So the 1610 @VirginTrains EUS to Bangor wifi saga continues. Also c25 mins late, and the train announcer mic works &lt;1/3rd of the time - comical. This morning we had freezing aircon whilst the adjacent carriage was told to vacate as their heating couldn't be turned off!
[AGENT 2782693] @776534 Sorry to hear you're having issues with the WiFi again, have you tried typing 1.1.1.1, this can help you reconnect. ^BT
[CUSTOMER 2782690] @VirginTrains Forget the wifi.... the delay is the problem. If you can hold the 1828 Chester to Wrexham connection for a few minutes whilst this service arrives late, it will avoid a further 45 minute delay and I might make some of my son's birthday tea.... pleeeease?
[AGENT 2782691] @776534 We will do what we can but if there is another service after this one then we do struggle to hold services I'm afraid ^MW
[CUSTOMER 2782687] @VirginTrains How about it @VirginTrains. @93319 have already failed to deliver his present... please don't make me miss his birthday tea as well? Or I will send his tears in an envelope to you and DX... ;-)
[AGENT 2782686] @776534 @93319 We'll try our best for you, fingers crossed! ^MW
[CUSTOMER 2782688] @VirginTrains @93319 Thankyou - train now going fast again so fingers crossed!
[CUSTOMER 2785864] @VirginTrains @93319 @VirginTrains You need to fix the announcer mic on this train 1610 EUS to BNG. She is probably announcing important stuff about delays &amp; connections &amp; arrivals... but all Coach C gets is ""Good eve....."" and 1 min later ""....kyou"". I hope the last bit was ""Thankyou"" but wonder...
[AGENT 2785863] @776534 @93319 We will be sure to pass this on to the maintenance team Robin, sorry you didn't manage to hear the whole announcement today! ^BT
[CUSTOMER 2782689] @VirginTrains @93319 Thank you so much @VirginTrains for holding the 1828 CTR to WXM connection for the delayed 1610 from EUS. I will make my son's birthday tea after all. You guys rock. @93319 didn't even bother to reply. #PoorShow. Sending them his tears instead!
[AGENT 2787365] @776534 @93319 Glad to hear you will make your sons birthday tea, thanks to Arriva for holding this service! Hope your son has a great birthday! ^BT","[2782692, 2782693, 2782690, 2782691, 2782687, 2782686, 2782688, 2785864, 2785863, 2782689, 2787365]"
case_2782675,train_retrieval,6,very_long_9+,week_2017-11-20,10,True,redirected_to_other_operator,False,2017-11-21 17:21:48+00:00,777065,conv_2782675,@VirginTrains I have friends travelling to Glasgow right now. They reserved their seats last week but some ignorant couple won’t let them sit there. Great first impression of Virgin travel!,"Type: redirected_to_other_operator. Outcome: customer_confirmed. Brand agent turns: 3. Signals seen: redirected_to_other_operator, escalated, information_provided, clarification_requested. Evidence: [tweet 2782667, redirected_to_other_operator] ""That's a Transpennine Express service so you would need to raise this with them here - @242596""","[CUSTOMER 2782675] @VirginTrains I have friends travelling to Glasgow right now. They reserved their seats last week but some ignorant couple won’t let them sit there. Great first impression of Virgin travel!
[AGENT 2782670] @777065 Sorry to hear that, please mention this to the Train Manager and they can assist further, Fifi ^MW
[CUSTOMER 2782674] @VirginTrains Thanks 👍🏼
[CUSTOMER 2782673] @VirginTrains https://t.co/Z0lKhoTYDT
[AGENT 2782701] @777065 That doesn't look like it's our train, which exact service is this? ^MW
[CUSTOMER 2782669] @VirginTrains https://t.co/vDyjnk1u9r
[CUSTOMER 2782672] @VirginTrains https://t.co/nm9zpgt9br
[AGENT 2782667] @777065 That's a Transpennine Express service so you would need to raise this with them here - @242596 ^MW
[CUSTOMER 2782671] @VirginTrains Feet on the seat and sprawled out. Tut tut!
[CUSTOMER 2782668] @VirginTrains @242596 Ok thanks","[2782675, 2782670, 2782674, 2782673, 2782701, 2782669, 2782672, 2782667, 2782671, 2782668]"
case_2782695,train_retrieval,9,short_1-2,week_2017-11-20,2,True,other,False,2017-11-21 17:26:28+00:00,273456,conv_2782695,#Scotland again @VirginTrains from #preston in half an hour. #hotel #project meeting tomorrow #Edinburgh @777067 https://t.co/AGGwVeG45L,"Type: other. Outcome: agent_closed. Brand agent turns: 1. Signals seen: other. Evidence: [tweet 2782694, other] ""Have a great journey, Stephen!""","[CUSTOMER 2782695] #Scotland again @VirginTrains from #preston in half an hour. #hotel #project meeting tomorrow #Edinburgh @777067 https://t.co/AGGwVeG45L
[AGENT 2782694] @273456 @777067 Have a great journey, Stephen! ^MW","[2782695, 2782694]"
case_2763182,train_retrieval,0,short_1-2,week_2017-11-20,2,False,escalated,False,2017-11-21 17:33:25+00:00,777064,conv_2763181,@266870 @VirginTrains I have listed to bransons book and he would hate to hear this! if it's they way they deal with things!,"Type: escalated. Outcome: agent_awaiting_customer. Brand agent turns: 1. Signals seen: escalated, clarification_requested. Evidence: [tweet 2782664, escalated] ""And we can take a look into this for you.""","[CUSTOMER 2763182] @266870 @VirginTrains I have listed to bransons book and he would hate to hear this! if it's they way they deal with things!
[AGENT 2782664] @777064 @266870 Sorry to hear this! Do you have a VT reference number that my colleague ^PA asked for earlier today? And we can take a look into this for you. ^BT","[2763182, 2782664]"
case_443949,train_retrieval,8,very_long_9+,week_2017-11-20,11,False,unresolved,False,2017-11-21 22:06:00+00:00,122052,conv_443955,"@VirginTrains @220172 @nationalrailenq Preston to Wolverhampton is yours VT, Wolverhampton to Leamington Spa is @121428 and Leamington Spa to High Wycombe is @140497","Brand never replied in the public thread (outcome: agent_closed). Another operator's account replied, but the brand did not.","[CUSTOMER 443949] @VirginTrains @220172 @nationalrailenq Preston to Wolverhampton is yours VT, Wolverhampton to Leamington Spa is @121428 and Leamington Spa to High Wycombe is @140497
[OTHER-AGENT 443948] @122052 Evening Shaun. Did you manage to make your journey tonight?
[CUSTOMER 443947] @nationalrailenq Which part of that tweet ever mentioned i was travelling lol ???
[CUSTOMER 2780130] @490500 @VirginTrains @220172 @nationalrailenq @121428 @140497 Hahaha
[OTHER-AGENT 443946] @122052 Ahh we just assumed... https://t.co/N8gZ2OCDkp
[CUSTOMER 443945] @nationalrailenq hahahaha i will forgive you! only because i loved that GIF hahaha
[OTHER-AGENT 443944] @122052 Wooo! 🙌
[CUSTOMER 443942] @nationalrailenq haha but since you asked I was working til 745 and got a bus home :P so wherever this disruption was i was far away from it :P
[OTHER-AGENT 443940] @122052 That's alright then! :) You know we're here whenever you need us though times of trouble haha!
[CUSTOMER 443941] @nationalrailenq haha!! thanks NRE! :P
[OTHER-AGENT 443943] @122052 You're welcome! :D","[443949, 443948, 443947, 2780130, 443946, 443945, 443944, 443942, 443940, 443941, 443943]"
case_2794962,train_retrieval,8,long_5-8,week_2017-11-20,5,True,clarification_requested,False,2017-11-21 22:07:49+00:00,779946,conv_2794962,I think @VirginTrains and I are going to have to go on a break. #pendolino #travelsickness #itsnotyouitsme,"Type: clarification_requested. Outcome: customer_confirmed. Brand agent turns: 2. Signals seen: clarification_requested, other. Evidence: [tweet 2794960, clarification_requested] ""Oh no, are you okay?""","[CUSTOMER 2794962] I think @VirginTrains and I are going to have to go on a break. #pendolino #travelsickness #itsnotyouitsme
[AGENT 2794960] @779946 Oh no, are you okay? ^JH
[CUSTOMER 2794961] @VirginTrains I'm getting there! Just got home and am sitting very still to stop the queasiness! Thanks for asking 👍
[AGENT 2794963] @779946 Hope you feel better soon ^JH
[CUSTOMER 2794964] @VirginTrains Thank you.","[2794962, 2794960, 2794961, 2794963, 2794964]"
case_5857,train_retrieval,7,medium_3-4,week_2017-11-20,4,False,self_service,True,2017-11-22 10:45:59+00:00,117110,conv_5857,.@VirginTrains I’m trying to get through on the phone to book bicycles onto services. Ive been on hold for ages? Any help available?,"Type: self_service. Outcome: agent_awaiting_customer. Brand agent turns: 2. Signals seen: redirected_to_dm, self_service, clarification_requested. Evidence: [tweet 5856, redirected_to_dm] ""If you could DM your journey details/booking reference we can take a look in to this and reserve the spaces where possible ^CB https://t.co/hhfk9bLWWV""; [tweet 5856, self_service] ""If you could DM your journey details/booking reference we can take a look in to this and reserve the spaces where possible ^CB https://t.co/hhfk9bLWWV""","[CUSTOMER 5857] .@VirginTrains I’m trying to get through on the phone to book bicycles onto services. Ive been on hold for ages? Any help available?
[AGENT 5856] @117110 If you could DM your journey details/booking reference we can take a look in to this and reserve the spaces where possible ^CB https://t.co/hhfk9bLWWV
[CUSTOMER 5855] @VirginTrains I’m phoning to check if there is bicycle space before purchasing my tickets. If u could do this it would be brilliant &amp; i’d be very grateful
[AGENT 5854] @117110 When are you looking to travel? ^LC","[5857, 5856, 5855, 5854]"
case_621635,dev_calibration,0,short_1-2,week_2017-11-20,2,False,escalated,False,2017-11-22 17:26:39+00:00,267528,conv_621637,"@267529 @VirginTrains as it doesn't sound great, are you going to do something about it? Won't look great if you don't.","Type: escalated. Outcome: redirected_to_channel. Brand agent turns: 1. Signals seen: escalated, self_service. Evidence: [tweet 621633, escalated] ""It may be best to contact our Customer Resolutions team in regards to this here: https://t.co/t20UbyOCSn and the team will be able to look into this further for you""","[CUSTOMER 621635] @267529 @VirginTrains as it doesn't sound great, are you going to do something about it? Won't look great if you don't.
[AGENT 621633] @267528 @267529 Sorry again to hear about this, Fran. It may be best to contact our Customer Resolutions team in regards to this here: https://t.co/t20UbyOCSn and the team will be able to look into this further for you ^HP","[621635, 621633]"
case_635191,train_retrieval,9,short_1-2,week_2017-11-20,1,False,unresolved,False,2017-11-22 18:17:46+00:00,270607,conv_635190,@270606 @VirginTrains Hope it’s not the same TM on 1840 from Glasgow central as they ar always v professional,Brand never replied in the public thread (outcome: no_response).,[CUSTOMER 635191] @270606 @VirginTrains Hope it’s not the same TM on 1840 from Glasgow central as they ar always v professional,[635191]
case_646223,dev_calibration,9,medium_3-4,week_2017-11-20,4,True,clarification_requested,False,2017-11-22 18:29:44+00:00,273455,conv_646223,@VirginTrains 1815 to Edinburgh from Birmingham new street why am I standing when I have a reservation,"Type: clarification_requested. Outcome: agent_closed. Brand agent turns: 2. Signals seen: clarification_requested, other. Evidence: [tweet 646222, clarification_requested] ""Oh no, have you spoken to the onboard team about this, Mark?""","[CUSTOMER 646223] @VirginTrains 1815 to Edinburgh from Birmingham new street why am I standing when I have a reservation
[AGENT 646222] @273455 Oh no, have you spoken to the onboard team about this, Mark? ^MW
[CUSTOMER 646221] @VirginTrains Have a seat now reservations were not displayed
[AGENT 646220] @273455 Glad to hear it, Mark ^MW","[646223, 646222, 646221, 646220]"
case_47972,train_retrieval,2,long_5-8,week_2017-11-20,8,False,information_provided,False,2017-11-22 20:43:47+00:00,272609,conv_47959,@VirginTrains I’m currently at Carlisle after the 1852 Edinburgh to Birmingham was cancelled about 20 minutes ago. No communication from any staff. What is happening?,"Type: information_provided. Outcome: agent_answered_unconfirmed. Brand agent turns: 4. Signals seen: information_provided, other. Evidence: [tweet 642864, information_provided] ""The line is blocked so you will need a bus to get to Preston and then a train onwards I'm afraid""; [tweet 642860, information_provided] ""They will leave as soon as they're full""; [tweet 642858, information_provided] ""Please speak with staff who will know how to get you moving""","[CUSTOMER 47972] @VirginTrains I’m currently at Carlisle after the 1852 Edinburgh to Birmingham was cancelled about 20 minutes ago. No communication from any staff. What is happening?
[AGENT 642864] @272609 The line is blocked so you will need a bus to get to Preston and then a train onwards I'm afraid ^MW
[CUSTOMER 642863] @VirginTrains Yes but are you arranging this bus? There are no staff at the station.
[AGENT 642862] @272609 We are yes ^MW
[CUSTOMER 642861] @VirginTrains When is it leaning?
[AGENT 642860] @272609 They will leave as soon as they're full ^MW
[CUSTOMER 642859] @VirginTrains A member of your staff has arrived- he says no buses are running. What do I do?
[AGENT 642858] @272609 Please speak with staff who will know how to get you moving ^MW","[47972, 642864, 642863, 642862, 642861, 642860, 642859, 642858]"
case_650731,train_retrieval,0,long_5-8,week_2017-11-20,6,False,information_provided,False,2017-11-22 21:12:12+00:00,270831,conv_650731,"@VirginTrains finally made it on a train to Scotland, opened beam on my iPad and there are no film or tv options, only reads and games. What’s gone wrong?!","Type: information_provided. Outcome: agent_answered_unconfirmed. Brand agent turns: 3. Signals seen: information_provided. Evidence: [tweet 650730, information_provided] ""Sounds like you are on a voyager service where films and TV options aren't available, sorry!""; [tweet 650728, information_provided] ""If you speak with station staff we will arrange onward transport for you.""; [tweet 650726, information_provided] ""Thanks Laura! And sorry for the delays.""","[CUSTOMER 650731] @VirginTrains finally made it on a train to Scotland, opened beam on my iPad and there are no film or tv options, only reads and games. What’s gone wrong?!
[AGENT 650730] @270831 Sounds like you are on a voyager service where films and TV options aren't available, sorry! ^BT
[CUSTOMER 650729] @VirginTrains Ok, thanks. My ticket takes me to Glasgow. I need to get to Motherwell but it’s now likely that I’ll miss the last train from glasgow to m’well and will have to get a taxi. Can I be reimbursed for this?
[AGENT 650728] @270831 If you speak with station staff we will arrange onward transport for you. ^BT
[CUSTOMER 650727] @VirginTrains Great. Thank you. And thanks for all your help tonight - you must be snowed under with all the tweets!
[AGENT 650726] @270831 Thanks Laura! And sorry for the delays. ^BT","[650731, 650730, 650729, 650728, 650727, 650726]"
case_108504,train_retrieval,10,very_long_9+,week_2017-11-20,33,False,escalated,True,2017-11-22 21:40:42+00:00,140081,conv_108505,@VirginTrains I’ve been on hold tonight for 52 minutes to change a booking. I gave up at this point worried about my phone charges. Dreading starting the whole process with you again tomorrow. All I want to do is change a reservation for Friday.,"Type: escalated. Outcome: agent_answered_unconfirmed. Brand agent turns: 13. Signals seen: redirected_to_dm, escalated, self_service, information_provided, clarification_requested, other. Evidence: [tweet 653700, redirected_to_dm] ""Feel free to send as a DM ^CB https://t.co/hhfk9c3ylv""; [tweet 108495, escalated] ""Sorry Sarah, I'm just looking into this now.""","[CUSTOMER 108504] @VirginTrains I’ve been on hold tonight for 52 minutes to change a booking. I gave up at this point worried about my phone charges. Dreading starting the whole process with you again tomorrow. All I want to do is change a reservation for Friday.
[AGENT 108503] @140081 Hi there, we're sorry to hear this. Our Aftersales line closes at 10pm, but you may just be able to catch the team on Live Chat here: https://t.co/PAMNyrwzCC this evening ^HP
[CUSTOMER 108502] @VirginTrains I was second in the queue at ten two but sadly they disconnected me at 10:03. Hopefully I’ll have more success tomorrow ...
[AGENT 108501] @140081 Really sorry to hear that, Sarah, please try again tomorrow morning from 8am ^HP
[CUSTOMER 108500] @VirginTrains I will do but also have a full time job and not 52 minutes more to spend on hold as I have tonight
[AGENT 108498] @140081 Apologies. Is it a seat reservation you're trying to change, or a ticket? ^KS
[CUSTOMER 108499] @VirginTrains Have flex ticket for Fri&amp;called this am to see if could change time.In 1st call told system showing error&amp;to call a diff number so did. Said could take any off peak train-said I would check times&amp;call back to reserve new seats.was calling back to reserve seats on earlier train.
[AGENT 653697] @140081 We are in major disruption at the moment Sarah. Are you looking to reserve seats with open tickets? If so could you please send through your booking reference or picture of your ticket tomorrow and we can do this for you. ^BT
[CUSTOMER 653698] @VirginTrains Thank you yes I will do in the morning. Appreciate your honesty
[CUSTOMER 653699] @VirginTrains Is there a way of privately sending booking ref? Is this visible?
[AGENT 653700] @140081 Sure thing. Feel free to send as a DM ^CB https://t.co/hhfk9c3ylv
[CUSTOMER 653701] @VirginTrains I tried to use online service n they changed reservation to 2 seats apart from each other n said couldn’t see the screen and I should call back in two hours!! I have taken a screen shot of conversation - this is really poor service
[AGENT 653702] @140081 Sorry to hear that, Sarah, which service are you booked to travel on please? ^HP
[CUSTOMER 653703] @VirginTrains I was on 2:58 to London tomorrow but looks like operator changed to 7:58 train
[AGENT 653704] @140081 Can we take your booking reference number please, Sarah? ^HP
[CUSTOMER 653705] @VirginTrains Will send i mo
[CUSTOMER 653706] @VirginTrains Shall I send private?
[CUSTOMER 653707] @VirginTrains I have sent privately it ends in number 033
[AGENT 653708] @140081 Thanks, we'll take a look at this for you now ^HP
[CUSTOMER 108488] @VirginTrains I sent it you and you didn’t come back - just spent best part of an hour talking to your chat team - poor service - let down n disappointed
[AGENT 108484] @140081 How was this left with the live chat team? ^MW
[CUSTOMER 108486] @VirginTrains They booked me on a train at dinner and reserved seats - then said they weren’t together- I asked to put together they said couldn’t as couldn’t see booking n call back 2 hours I left it 4 - told couldn’t find any seats
[CUSTOMER 108485] @VirginTrains I then realised that they had booked me in longest journey n called back to ask for different train. - no seats anywhere - no initiative ie looking at other trains
[CUSTOMER 108489] @VirginTrains https://t.co/99X7g3zgar
[CUSTOMER 108487] @VirginTrains Did you get my reply?
[AGENT 108490] @140081 Sorry Sarah are you just trying to reserve seats? ^BT
[CUSTOMER 108493] @VirginTrains Yes I am but apparently you don’t have seats to reserve on any Preston to London train from 8am onwards apparently
[AGENT 108496] @140081 When are you looking to travel? ^BT
[CUSTOMER 108492] @VirginTrains I want the fast train in morning round 9am- I have been reserved seats that are not together on slow journey 8.17- ideally I want to sit together on any faster train getting in round 11
[CUSTOMER 108491] @VirginTrains Do you want my ref again?
[CUSTOMER 108497] @VirginTrains Did you get my reply?
[AGENT 108495] @140081 Sorry Sarah, I'm just looking into this now. ^BT
[AGENT 108494] @140081 There are no seats available to reserve on either of these services now, unfortunately Sarah. This means there will be unreserved seat, but all bookable seats have now been booked ^BT","[108504, 108503, 108502, 108501, 108500, 108498, 108499, 653697, 653698, 653699, 653700, 653701, 653702, 653703, 653704, 653705, 653706, 653707, 653708, 108488, 108484, 108486, 108485, 108489, 108487, 108490, 108493, 108496, 108492, 108491, 108497, 108495, 108494]"
case_655419,train_retrieval,10,long_5-8,week_2017-11-20,5,True,feedback_acknowledged,False,2017-11-22 22:07:55+00:00,271490,conv_655419,@VirginTrains - will my ticket be accepted on the 22.19 train from Crewe to Sandwell? I've been travelling from Glasgow and obvs caught in weather issues,"Type: feedback_acknowledged. Outcome: agent_closed. Brand agent turns: 2. Signals seen: feedback_acknowledged, clarification_requested. Evidence: [tweet 655415, feedback_acknowledged] ""Thanks for letting us know.""","[CUSTOMER 655419] @VirginTrains - will my ticket be accepted on the 22.19 train from Crewe to Sandwell? I've been travelling from Glasgow and obvs caught in weather issues
[CUSTOMER 655418] @VirginTrains Sorry, It's a London Midland train....
[AGENT 655417] @271490 Sorry, for the delayed response. Are you still at Crewe? ^KS
[CUSTOMER 655416] @VirginTrains Just leaving! I managed to find someone
[AGENT 655415] @271490 Great to hear. Thanks for letting us know. ^KS","[655419, 655418, 655417, 655416, 655415]"
case_46283,train_retrieval,10,very_long_9+,week_2017-11-20,12,False,compensation,False,2017-11-23 04:32:20+00:00,279510,conv_46268,@VirginTrains Going from GLC to Shipley on 0428 on an advance ticket. Can I go cross country to Leeds?,"Type: compensation. Outcome: redirected_to_channel. Brand agent turns: 6. Signals seen: compensation, self_service, information_provided, clarification_requested. Evidence: [tweet 668907, compensation] ""Unfortunately so, please speak with staff when you get to Carlisle and claim delay repay via this link https://t.co/v2F1XYIfEP""","[CUSTOMER 46283] @VirginTrains Going from GLC to Shipley on 0428 on an advance ticket. Can I go cross country to Leeds?
[AGENT 668897] @279510 We have ticket acceptance with TPE 04:22 between Glasgow to Preston, change at Carlisle ^JH
[CUSTOMER 668898] @VirginTrains I was waiting in the queue to pick up tickets when it left
[AGENT 668899] @279510 Sorry to hear this, our next service is the 05:40 departure ^JH
[CUSTOMER 668900] @VirginTrains Will I be able to use this to Preston connecting with Northern to York? 0422 would have missed connection as its extremely slow to CAR, so I think other than being freezing Im no worse off
[AGENT 668901] @279510 Depends what ticket you have originally booked? can you confirm your original booked journey please? ^JH
[CUSTOMER 668902] @VirginTrains As I said before 0428 GLC to SHY Advance
[AGENT 668903] @279510 Where are you booked to change trains? ^JH
[CUSTOMER 668904] @VirginTrains Carlisle
[AGENT 668905] @279510 Ok, we can only see the 08:53 from Carlisle to Shipley arriving at 11:19 ^JH
[CUSTOMER 668906] @VirginTrains Over two hours waiting at Carlisle then :(
[AGENT 668907] @279510 Unfortunately so, please speak with staff when you get to Carlisle and claim delay repay via this link https://t.co/v2F1XYIfEP ^JH","[46283, 668897, 668898, 668899, 668900, 668901, 668902, 668903, 668904, 668905, 668906, 668907]"
case_678753,train_retrieval,10,short_1-2,week_2017-11-20,2,False,troubleshooting,False,2017-11-23 07:13:38+00:00,281949,conv_678753,How comes your Sunday tickets in Jan have not gone done to £17.80 (with a railcard) yet? Have the advance tickets not been released yet? @VirginTrains https://t.co/bAqtPHOlla,"Type: troubleshooting. Outcome: agent_awaiting_customer. Brand agent turns: 1. Signals seen: troubleshooting, clarification_requested. Evidence: [tweet 678752, troubleshooting] ""Have you tried the search without the railcard to see what the original price is at all?""","[CUSTOMER 678753] How comes your Sunday tickets in Jan have not gone done to £17.80 (with a railcard) yet? Have the advance tickets not been released yet? @VirginTrains https://t.co/bAqtPHOlla
[AGENT 678752] @281949 Hi there, our Advance fares have been released for this date. Have you tried the search without the railcard to see what the original price is at all? These may be our next tier of Advance fares we have left for this route ^HP","[678753, 678752]"
case_680248,train_retrieval,2,short_1-2,week_2017-11-20,1,False,unresolved,False,2017-11-23 08:45:04+00:00,282311,conv_680249,"@VirginTrains @282310 doesn't really matter ,they're all late anyway.",Brand never replied in the public thread (outcome: no_response).,"[CUSTOMER 680248] @VirginTrains @282310 doesn't really matter ,they're all late anyway.",[680248]
case_681161,train_retrieval,2,long_5-8,week_2017-11-20,5,True,troubleshooting,False,2017-11-23 09:00:18+00:00,282556,conv_681161,"@VirginTrains Hey, anyone else on the 8.35 from Manchester to Euston struggling to watch anything on Beam? I REALLY want to watch Polar Express but keep getting a white screen. Thanks","Type: troubleshooting. Outcome: customer_confirmed. Brand agent turns: 2. Signals seen: troubleshooting, self_service, information_provided. Evidence: [tweet 681160, troubleshooting] ""Then reconnect to virgintrainswifi and load the app again""","[CUSTOMER 681161] @VirginTrains Hey, anyone else on the 8.35 from Manchester to Euston struggling to watch anything on Beam? I REALLY want to watch Polar Express but keep getting a white screen. Thanks
[AGENT 681160] @282556 We haven't had any reported issues with the app this morning, Lauren. Please close the app, disconnect from WiFi and remove the network. Then reconnect to virgintrainswifi and load the app again ^CB
[CUSTOMER 681159] @VirginTrains Hi, tried that a few times. Just coolant to the train manager and she asked me to go to https://t.co/NBZboo5aNj. Started to connect and then said server isn’t responding. Think it’s your WiFi that isn’t strong enough?
[AGENT 681157] @282556 Apologies Lauren. If you're still having issues I'd advise emailing __email__ who manage our onboard WiFi ^CB
[CUSTOMER 681158] @VirginTrains Thanks, will do","[681161, 681160, 681159, 681157, 681158]"
case_672840,train_retrieval,5,medium_3-4,week_2017-11-20,4,False,escalated,True,2017-11-23 09:17:53+00:00,280511,conv_672840,@VirginTrains I’m on a 1st class train to London and I must say the train manager called Martin is very rude and abrupt. Please follow back so can I can DM mess you with more details. This is not to level-of service I’m used to with virgin.,"Type: escalated. Outcome: agent_answered_unconfirmed. Brand agent turns: 2. Signals seen: redirected_to_dm, escalated. Evidence: [tweet 672839, redirected_to_dm] ""Please drop us a DM with more info.""; [tweet 672838, escalated] ""I'm afraid we wouldn't be able to disclose details of procedures taken with staff, however, you would need to log this with our Customer Resolutions team if you wish to escalate this further""","[CUSTOMER 672840] @VirginTrains I’m on a 1st class train to London and I must say the train manager called Martin is very rude and abrupt. Please follow back so can I can DM mess you with more details. This is not to level-of service I’m used to with virgin.
[AGENT 672839] @280511 Not great to hear. Please drop us a DM with more info. Thanks ^HP
[CUSTOMER 672836] @VirginTrains @280510 I want this to be looked into not just my comments to be pass on, I will not allow Martin the train manager who should lead by example to conduct him self in this unprofessional manner and to treat customers in a rude and aggressive way.
[AGENT 672838] @280511 @280510 I'm afraid we wouldn't be able to disclose details of procedures taken with staff, however, you would need to log this with our Customer Resolutions team if you wish to escalate this further ^HP","[672840, 672839, 672836, 672838]"
case_673874,train_retrieval,5,long_5-8,week_2017-11-20,6,False,other,False,2017-11-23 09:44:18+00:00,280722,conv_673874,@VirginTrains shout out to your train guard on the 0907 Peterborough to kings X extremely accommodating and top customer service!,"Type: other. Outcome: agent_answered_unconfirmed. Brand agent turns: 1. Signals seen: other. Evidence: [tweet 673872, other] ""Great work, @120576!""","[CUSTOMER 673874] @VirginTrains shout out to your train guard on the 0907 Peterborough to kings X extremely accommodating and top customer service!
[AGENT 673872] @280722 Great work, @120576! ^CB
[CUSTOMER 673873] @VirginTrains @120576 Wish I could say the same for my @GWRHelp connection, made me late for an appointment
[OTHER-AGENT 673875] @280722 @VirginTrains @120576 Hi Rob. Really sorry for this. Which train was this please? - Josh
[CUSTOMER 673876] @GWRHelp @VirginTrains @120576 1050 Paddington to Slough, left 3 mins late and had risen to 4 mins late missing my connection by mere seconds, I saw it pull away
[OTHER-AGENT 673877] @280722 @VirginTrains @120576 Apologies for the inconvenience caused. This was due to the train being late from it's previous journey - Josh","[673874, 673872, 673873, 673875, 673876, 673877]"
case_676697,train_retrieval,8,medium_3-4,week_2017-11-20,4,True,clarification_requested,False,2017-11-23 11:15:38+00:00,281419,conv_676697,"@VirginTrains desperately trying to find my bridesmaid dresses, they were accidentally left on the 8.08pm from Leeds to Edinburgh last night, please help us to find them! Thank you!","Type: clarification_requested. Outcome: customer_confirmed. Brand agent turns: 1. Signals seen: clarification_requested. Evidence: [tweet 676695, clarification_requested] ""Are you able to help?""","[CUSTOMER 676697] @VirginTrains desperately trying to find my bridesmaid dresses, they were accidentally left on the 8.08pm from Leeds to Edinburgh last night, please help us to find them! Thank you!
[AGENT 676695] @281419 @120576 Are you able to help? ^LC
[OTHER-AGENT 676696] @VirginTrains @281419 Hi, you'll need to report the Lost property here: https://t.co/ztDQ7iPa8A ^MS
[CUSTOMER 676700] @233062 @120576 @VirginTrains @121428 Thank you for your help, will log the property lost on that page, only problem we have is if someone took it off and handed it in to other stations on the route - i will try and contact each station","[676697, 676695, 676696, 676700]"
case_688627,train_retrieval,9,very_long_9+,week_2017-11-20,12,False,self_service,False,2017-11-23 14:24:32+00:00,230216,conv_688627,@VirginTrains @120244 so how is one supposed to get from Wolverhampton to Birmingham international tonight??,"Type: self_service. Outcome: customer_followup_unanswered. Brand agent turns: 5. Signals seen: self_service, information_provided, clarification_requested, other. Evidence: [tweet 688619, self_service] ""You can keep up to date with these services here https://t.co/xXa8t1y4qJ""","[CUSTOMER 688627] @VirginTrains @120244 so how is one supposed to get from Wolverhampton to Birmingham international tonight??
[AGENT 688628] @230216 @120244 Which service are you booked to travel on? ^MM
[CUSTOMER 688640] @VirginTrains @120244 not booked onto a service but my mum needs to make a flight at 6:50 or miss my graduation
[AGENT 688639] @230216 @120244 Some services are running ^MM
[CUSTOMER 688618] @120244 @VirginTrains can you advise which services are running as passenger at work till 3/3:30 &amp; is under impression services cancled.
[AGENT 688616] @230216 @120244 Which time are you looking to travel? ^MM
[CUSTOMER 688617] @VirginTrains @120244 any service after 4pm
[AGENT 688619] @230216 @120244 Services at the moment are still running on time but meeting with delay between New Street and International. You can keep up to date with these services here https://t.co/xXa8t1y4qJ ^BT
[CUSTOMER 688621] @VirginTrains @120244 well the 4:10 which was the ideal train is showing as cancelled. And what's the average length of delay? (1/2)
[CUSTOMER 688620] @VirginTrains @120244 I need solid information otherwise my mum will miss her @127675 flight and my graduation tomorrow
[AGENT 688622] @230216 @120244 @127675 As this is with Arriva, you would need to check with them. I can advise our service are running but meeting with delay due to a point failure. ^BT
[CUSTOMER 688624] @120244 @VirginTrains well she has a job and can't make it to the station before then unless you want to cover loss in salary","[688627, 688628, 688640, 688639, 688618, 688616, 688617, 688619, 688621, 688620, 688622, 688624]"
case_693315,train_retrieval,8,medium_3-4,week_2017-11-20,3,False,feedback_acknowledged,False,2017-11-23 14:46:15+00:00,285286,conv_693315,@VirginTrains thanks to staff at Glasgow Central for letting me hobble ahead of crowds to get on London train. Made life so much easier and less panicked. Wish staff at Euston showed same kindness and commonsense.,"Type: feedback_acknowledged. Outcome: customer_followup_unanswered. Brand agent turns: 1. Signals seen: feedback_acknowledged. Evidence: [tweet 693313, feedback_acknowledged] ""Sorry for your experience, we'll pass your comments on regarding this situation""","[CUSTOMER 693315] @VirginTrains thanks to staff at Glasgow Central for letting me hobble ahead of crowds to get on London train. Made life so much easier and less panicked. Wish staff at Euston showed same kindness and commonsense.
[AGENT 693313] @285286 Sorry for your experience, we'll pass your comments on regarding this situation ^MM
[CUSTOMER 693314] @VirginTrains Wasn't a particular complaint was trying to be nice about Glasgow staff! BUT Euston is horrible if you have mobility issues. I now travel further to avoid it if I can.","[693315, 693313, 693314]"
case_701224,train_retrieval,8,medium_3-4,week_2017-11-20,3,False,unresolved,False,2017-11-23 17:06:37+00:00,287393,conv_701224,"""First time I've been on a Virgin in a while!"" @virgintrains on board heading to London for a relaxed evening listening to @31663 at the @287394","Type: unresolved. Outcome: customer_followup_unanswered. Brand agent turns: 1. Signals seen: other. Evidence: [tweet 701222, other] ""Sounds like a great plan!""","[CUSTOMER 701224] ""First time I've been on a Virgin in a while!"" @virgintrains on board heading to London for a relaxed evening listening to @31663 at the @287394
[AGENT 701222] @287393 @31663 @287394 Sounds like a great plan! ^MW
[CUSTOMER 701223] @VirginTrains @31663 @287394 I have many a great plan!","[701224, 701222, 701223]"
case_701201,train_retrieval,1,short_1-2,week_2017-11-20,2,False,self_service,False,2017-11-23 17:16:49+00:00,281755,conv_701201,@VirginTrains Will virgin trains be running tomorrow at 7:22 from bangor to chester?,"Type: self_service. Outcome: redirected_to_channel. Brand agent turns: 1. Signals seen: self_service. Evidence: [tweet 701200, self_service] ""We hope so, but please continue to check here - https://t.co/D5qYT1yTG9""","[CUSTOMER 701201] @VirginTrains Will virgin trains be running tomorrow at 7:22 from bangor to chester?
[AGENT 701200] @281755 We hope so, but please continue to check here - https://t.co/D5qYT1yTG9 ^MW","[701201, 701200]"
case_703493,train_retrieval,4,short_1-2,week_2017-11-20,2,False,escalated,False,2017-11-23 17:52:19+00:00,288063,conv_703493,Paid extra for first class and no food. Haven't eaten since breakfast. Would have bought something at station if you'd announced it @VirginTrains I suppose I should be grateful for a seat.,"Type: escalated. Outcome: redirected_to_channel. Brand agent turns: 1. Signals seen: escalated, self_service. Evidence: [tweet 703492, escalated] ""This can be escalated further with Customer Relations via the online complaints link - https://t.co/t20UbyOCSn""","[CUSTOMER 703493] Paid extra for first class and no food. Haven't eaten since breakfast. Would have bought something at station if you'd announced it @VirginTrains I suppose I should be grateful for a seat.
[AGENT 703492] @288063 Sorry for your expereince, Sheila. This can be escalated further with Customer Relations via the online complaints link - https://t.co/t20UbyOCSn ^MM","[703493, 703492]"
case_705098,train_retrieval,4,long_5-8,week_2017-11-20,7,True,troubleshooting,False,2017-11-23 18:04:44+00:00,288531,conv_705098,"Had a bit of time to kill on arrival at Euston on Monday so ventured into @VirginTrains 1st class lounge! Oh my! Heaven! Would be great if guests could join you, even if a small fee paid! I tried @288532 So Prêt it was today!!!","Type: troubleshooting. Outcome: customer_confirmed. Brand agent turns: 3. Signals seen: troubleshooting, self_service, feedback_acknowledged, information_provided. Evidence: [tweet 705092, troubleshooting] ""If this happens in future you can try disconnecting from the WiFi, reconnecting and typing https://t.co/1JEOSVPtGN into your browser's URL bar, which normally helps reconnect.""","[CUSTOMER 705098] Had a bit of time to kill on arrival at Euston on Monday so ventured into @VirginTrains 1st class lounge! Oh my! Heaven! Would be great if guests could join you, even if a small fee paid! I tried @288532 So Prêt it was today!!!
[AGENT 705097] @288531 @288532 Thanks for the feedback, sounds like you've had a great day. Sorry the WiFi didn't seem to work for you. ^BT
[CUSTOMER 705096] @VirginTrains @288532 Really good journeys to and from London/Glasgow guys. Don't know what WiFi issue was today. Seemed to be only me who had an issue. Worked on Monday but was intermittent!
[AGENT 705095] @288531 @288532 If you have any issues in the future, please feel free to contact us and we will do our best to resolve the issue. ^BT
[CUSTOMER 705094] @VirginTrains @288532 Will do. Spoke with 1 member of staff who checked his phone &amp; reported no issues. The log in screen didn't appear on either my phone or iPad. Even tried the switch on/off trick! Tricky to tweet you guys if issues with WiFi though!
[AGENT 705092] @288531 @288532 If this happens in future you can try disconnecting from the WiFi, reconnecting and typing https://t.co/1JEOSVPtGN into your browser's URL bar, which normally helps reconnect. ^BT
[CUSTOMER 705093] @VirginTrains @288532 Thanks. I tried switching WiFi off, forgetting network, on &amp; off with device. Will remember that for future reference! x","[705098, 705097, 705096, 705095, 705094, 705092, 705093]"
case_705100,train_retrieval,6,short_1-2,week_2017-11-20,2,False,clarification_requested,False,2017-11-23 18:22:53+00:00,288533,conv_705100,@VirginTrains so I book a seat but you don’t put coach G on the train #clever #nottelling #customerservice #rubbish https://t.co/9ruUDgdoXT,"Type: clarification_requested. Outcome: agent_awaiting_customer. Brand agent turns: 1. Signals seen: clarification_requested. Evidence: [tweet 705099, clarification_requested] ""I see, did you get a seat elsewhere?""","[CUSTOMER 705100] @VirginTrains so I book a seat but you don’t put coach G on the train #clever #nottelling #customerservice #rubbish https://t.co/9ruUDgdoXT
[AGENT 705099] @288533 I see, did you get a seat elsewhere? ^MW","[705100, 705099]"
case_705028,train_retrieval,8,short_1-2,week_2017-11-20,2,True,other,False,2017-11-23 18:56:55+00:00,288520,conv_705028,Thanks to @VirginTrains for looking after me after I overcarried from Warrington next stop Euston....ahhhh,"Type: other. Outcome: agent_closed. Brand agent turns: 1. Signals seen: other. Evidence: [tweet 705027, other] ""Glad to hear it, Julie""","[CUSTOMER 705028] Thanks to @VirginTrains for looking after me after I overcarried from Warrington next stop Euston....ahhhh
[AGENT 705027] @288520 Glad to hear it, Julie ^MM","[705028, 705027]"
case_113998,train_retrieval,3,medium_3-4,week_2017-11-20,3,True,escalated,False,2017-11-23 21:03:55+00:00,141322,conv_113998,"@VirginTrains hi, I put in a delay repay claim on 6 Nov, had an email saying it had been received but not received any further communication (still not had a ref no.) Do I need to resubmit?","Type: escalated. Outcome: customer_confirmed. Brand agent turns: 1. Signals seen: escalated. Evidence: [tweet 113996, escalated] ""I can see your case is with Customer Relations.""","[CUSTOMER 113998] @VirginTrains hi, I put in a delay repay claim on 6 Nov, had an email saying it had been received but not received any further communication (still not had a ref no.) Do I need to resubmit?
[AGENT 113996] @141322 I can see your case is with Customer Relations. It can take the team up to 28 days to issue a full response although they do aim to respond with 14 days were possible ^MM
[CUSTOMER 113997] @VirginTrains Great thanks, just wanted to check it hadn't slipped through the net somewhere :)","[113998, 113996, 113997]"
case_130935,dev_calibration,2,short_1-2,week_2017-11-20,2,False,redirected_to_other_operator,False,2017-11-24 07:11:19+00:00,145559,conv_130935,"@VirginTrains is this cancelled or not? Announcements just say ""delayed"" https://t.co/rihjmAY4qv","Type: redirected_to_other_operator. Outcome: agent_answered_unconfirmed. Brand agent turns: 1. Signals seen: redirected_to_other_operator. Evidence: [tweet 130934, redirected_to_other_operator] ""The @120576 team may be able to advise on this service""","[CUSTOMER 130935] @VirginTrains is this cancelled or not? Announcements just say ""delayed"" https://t.co/rihjmAY4qv
[AGENT 130934] @145559 The @120576 team may be able to advise on this service ^CB","[130935, 130934]"
case_131865,train_retrieval,-1,medium_3-4,week_2017-11-20,3,True,other,False,2017-11-24 07:59:06+00:00,145927,conv_131863,@VirginTrains Morning,"Type: other. Outcome: customer_confirmed. Brand agent turns: 1. Signals seen: other. Evidence: [tweet 132665, other] ""Morning.""","[CUSTOMER 131865] @VirginTrains Morning
[AGENT 132665] @145927 Morning. ^PA
[CUSTOMER 132666] @VirginTrains Thanks","[131865, 132665, 132666]"
case_134018,train_retrieval,1,very_long_9+,week_2017-11-20,12,False,redirected_to_other_operator,False,2017-11-24 08:12:55+00:00,146191,conv_134018,"@VirginTrains shambolic lack of information. Trying to get to Newcastle from Glasgow this morning - 6.50 from central cancelled, now Edinburgh trains delayed...","Type: redirected_to_other_operator. Outcome: customer_followup_unanswered. Brand agent turns: 2. Signals seen: redirected_to_other_operator, clarification_requested. Evidence: [tweet 134017, redirected_to_other_operator] ""The @120576 team may be able to advise on those services this morning""","[CUSTOMER 134018] @VirginTrains shambolic lack of information. Trying to get to Newcastle from Glasgow this morning - 6.50 from central cancelled, now Edinburgh trains delayed...
[AGENT 134017] @146191 The @120576 team may be able to advise on those services this morning ^CB
[CUSTOMER 134016] @VirginTrains @120576 What time is the delayed 8.00 from Edinburgh leaving or should I get on 8.30 ?
[CUSTOMER 134010] @VirginTrains @120576 Looks like they weren't able to advise!?
[OTHER-AGENT 134015] @146191 @VirginTrains Sorry, your ticket will be valid on the 8.30 service. ^PA
[AGENT 134008] @146191 @120576 Apologies David, did you make it onboard your service? ^HP
[CUSTOMER 134023] @120576 @VirginTrains Too late!
[CUSTOMER 134009] @VirginTrains @120576 Nope - was advised to go to platform 2 8.30. Now delayed further ! On train , now waiting crew. And by the way toilets filthy.
[CUSTOMER 134011] @VirginTrains @120576 This is a complete joke. Wifi code not working. Called help line - wrong number for east coast service ...
[CUSTOMER 134012] @VirginTrains @120576 On hold for ages to get wifi support , then get through and lost line. ""Awesome Wi-Fi""
[CUSTOMER 134013] @VirginTrains @120576 Catering services now suspended.
[CUSTOMER 134014] @VirginTrains @120576 And a nice little electric shock as I unplug my computer as I leave the train!","[134018, 134017, 134016, 134010, 134015, 134008, 134023, 134009, 134011, 134012, 134013, 134014]"
case_140208,train_retrieval,11,short_1-2,week_2017-11-20,2,False,clarification_requested,False,2017-11-24 09:04:45+00:00,147639,conv_140208,WiFi on @116961 train is terrible @127472 having to use my 3G !,"Type: clarification_requested. Outcome: agent_awaiting_customer. Brand agent turns: 1. Signals seen: clarification_requested. Evidence: [tweet 140207, clarification_requested] ""Have you been able to connect at all during your journey?""","[CUSTOMER 140208] WiFi on @116961 train is terrible @127472 having to use my 3G !
[AGENT 140207] @147639 @116961 @127472 Hi Alexandra, sorry to hear this. Have you been able to connect at all during your journey? ^HP","[140208, 140207]"
case_138348,train_retrieval,5,long_5-8,week_2017-11-20,6,True,information_provided,True,2017-11-24 10:22:12+00:00,147170,conv_138348,"But no thank you to very rude, aggressive @VirginTrains staff member on platform3 at Milton Keynes who thinks doing her job involves excessive shouting and using swear word over important announcements about platform changes following train cancellations &amp; delays. @LondonMidland","Type: information_provided. Outcome: customer_confirmed. Brand agent turns: 2. Signals seen: redirected_to_dm, information_provided, clarification_requested. Evidence: [tweet 138346, redirected_to_dm] ""Feel free to DM us with more information.""; [tweet 138343, information_provided] ""Hi, sorry to learn of your experience today, I will make sure this is fed back to the management there.""","[CUSTOMER 138348] But no thank you to very rude, aggressive @VirginTrains staff member on platform3 at Milton Keynes who thinks doing her job involves excessive shouting and using swear word over important announcements about platform changes following train cancellations &amp; delays. @LondonMidland
[AGENT 138346] @147170 @LondonMidland Hi there, we're sorry to hear about your experience.Did you manage to catch their name at all? Feel free to DM us with more information. Thanks ^HP
[CUSTOMER 138347] @VirginTrains @LondonMidland Sorry no, realise your staff are trying to protect passengers making them stand behind yellow line but only this female @VirginTrains staff at Milton Keynes plartform3 around 9.54am felt it appropriate to be exceptionally rude to everyone and swear (not at anyone though).
[CUSTOMER 138345] @VirginTrains @LondonMidland Inappropriate aggression to passengers when trains are cancelled or delayed, we rely on them to get to work. Anyway, happy Friday 😊
[AGENT 138343] @147170 @LondonMidland Hi, sorry to learn of your experience today, I will make sure this is fed back to the management there. ^PA
[CUSTOMER 138344] @VirginTrains @LondonMidland Okay thank you.","[138348, 138346, 138347, 138345, 138343, 138344]"
case_165079,train_retrieval,2,medium_3-4,week_2017-11-20,4,False,compensation,False,2017-11-24 20:05:39+00:00,147620,conv_165079,161 minute delay thanks to the combined effort of @VirginTrains and @120870.,"Type: compensation. Outcome: agent_answered_unconfirmed. Brand agent turns: 2. Signals seen: compensation, information_provided. Evidence: [tweet 165077, compensation] ""You can claim for delay repay here.""","[CUSTOMER 165079] 161 minute delay thanks to the combined effort of @VirginTrains and @120870.
[AGENT 165077] @147620 @120870 Sorry for the delay today Wayne, please accept our apologies for this. You can claim for delay repay here. ^BT
[CUSTOMER 165078] @VirginTrains @120870 I have done - not sure how it will work for digital tickets though. Can't see how you'd be able to tell I was forced to take a transpennine express train as we were delayed and missed the Virgin one
[AGENT 165080] @147620 @120870 Our team aim to respond within 28 days. ^BT","[165079, 165077, 165078, 165080]"
case_168170,train_retrieval,11,medium_3-4,week_2017-11-20,3,False,refund,False,2017-11-24 20:55:07+00:00,155125,conv_168170,More money wasted on @VirginTrains WiFi. I never learn.,"Type: refund. Outcome: customer_followup_unanswered. Brand agent turns: 1. Signals seen: refund, compensation. Evidence: [tweet 168168, refund] ""A refund can be claimed via __email__""","[CUSTOMER 168170] More money wasted on @VirginTrains WiFi. I never learn.
[AGENT 168168] @155125 A refund can be claimed via __email__ ^MM
[CUSTOMER 168169] @VirginTrains Thanks. I do enjoy that you’re so aware of how bad it is you don’t even question it. Yet you still charge.","[168170, 168168, 168169]"
case_165130,train_retrieval,0,short_1-2,week_2017-11-20,2,False,clarification_requested,False,2017-11-24 21:51:38+00:00,155934,conv_165129,@154277 @VirginTrains Such an sincere apology,"Type: clarification_requested. Outcome: agent_awaiting_customer. Brand agent turns: 1. Signals seen: clarification_requested. Evidence: [tweet 171165, clarification_requested] ""Did you have a seat reserved?""","[CUSTOMER 165130] @154277 @VirginTrains Such an sincere apology
[AGENT 171165] @155934 @154277 Did you have a seat reserved? ^MM","[165130, 171165]"
case_688707,train_retrieval,0,short_1-2,week_2017-11-20,2,True,other,False,2017-11-25 07:31:44+00:00,219177,conv_688709,@VirginTrains @284535 Thankyou very much. Lots of happy people :-),"Type: other. Outcome: agent_closed. Brand agent turns: 1. Signals seen: other. Evidence: [tweet 688706, other] ""You're welcome.""","[CUSTOMER 688707] @VirginTrains @284535 Thankyou very much. Lots of happy people :-)
[AGENT 688706] @219177 @284535 You're welcome. ^PA","[688707, 688706]"
case_688586,train_retrieval,-1,long_5-8,week_2017-11-20,5,False,unresolved,False,2017-11-25 07:37:52+00:00,136974,conv_688585,@VirginTrains Morning PA,"Type: unresolved. Outcome: customer_followup_unanswered. Brand agent turns: 2. Signals seen: other. Evidence: [tweet 688695, other] ""All good thank you.""","[CUSTOMER 688586] @VirginTrains Morning PA
[AGENT 688698] @136974 Morning. ^PA
[CUSTOMER 688697] @VirginTrains Hows u today
[AGENT 688695] @136974 All good thank you. ^PA
[CUSTOMER 688696] @VirginTrains That's good PA","[688586, 688698, 688697, 688695, 688696]"
case_1461975,train_retrieval,4,long_5-8,week_2017-11-20,5,True,redirected_to_other_operator,False,2017-11-25 12:55:05+00:00,459306,conv_1461975,"Terrible experience @VirginTrains, Leamington to BHM Int 1st class,,stood all the way, no train manager anywhere to remove non 1st passengers, returning now, not allowed to use 1st class lounge. I look forward to your reply","Type: redirected_to_other_operator. Outcome: customer_confirmed. Brand agent turns: 1. Signals seen: redirected_to_other_operator. Evidence: [tweet 1461972, redirected_to_other_operator] ""Hi Nick, you'll need to let @121428 know about this as t's their service not ours.""","[CUSTOMER 1461975] Terrible experience @VirginTrains, Leamington to BHM Int 1st class,,stood all the way, no train manager anywhere to remove non 1st passengers, returning now, not allowed to use 1st class lounge. I look forward to your reply
[AGENT 1461972] @459306 Hi Nick, you'll need to let @121428 know about this as t's their service not ours. ^PA
[OTHER-AGENT 1461974] @VirginTrains @459306 Sorry to hear Nick. Your ticket is not permitted into First Class lounges at stations. We'd recommend contacting Customer Relations in regards to your experience on board:- https://t.co/3yFbHerqso. ^PF
[CUSTOMER 1461976] @121428 @VirginTrains Thanks for your reply. I shall.
[CUSTOMER 1461973] @VirginTrains @121428 Thank you","[1461975, 1461972, 1461974, 1461976, 1461973]"
case_1771302,train_retrieval,5,short_1-2,week_2017-11-20,2,True,self_service,False,2017-11-25 13:39:40+00:00,532439,conv_1771302,@VirginTrains the train manager of the 13.23 to B’ham today is excellent #senseofhumour #smileonSaturday,"Type: self_service. Outcome: agent_closed. Brand agent turns: 1. Signals seen: self_service. Evidence: [tweet 1771301, self_service] ""Great to hear, you can log this via https://t.co/YWKM1ZQRwd""","[CUSTOMER 1771302] @VirginTrains the train manager of the 13.23 to B’ham today is excellent #senseofhumour #smileonSaturday
[AGENT 1771301] @532439 Great to hear, you can log this via https://t.co/YWKM1ZQRwd ^PA","[1771302, 1771301]"
case_1049697,train_retrieval,5,long_5-8,week_2017-11-20,5,False,clarification_requested,False,2017-11-25 17:29:15+00:00,368089,conv_1049697,"""Attention train crew: disable passenger alarm operators"" count: 5.5. I don't think I've seen it this low before.
@VirginTrains","Type: clarification_requested. Outcome: agent_awaiting_customer. Brand agent turns: 2. Signals seen: clarification_requested, other. Evidence: [tweet 1049693, clarification_requested] ""Could you explain a little further please, Tim?""","[CUSTOMER 1049697] ""Attention train crew: disable passenger alarm operators"" count: 5.5. I don't think I've seen it this low before. @VirginTrains
[CUSTOMER 1049695] @VirginTrains Spoke too soon. Just had another 15 #attentiontraincrewdisablepassengeralarmoperators.
[AGENT 1049693] @368089 Could you explain a little further please, Tim? ^LC
[CUSTOMER 1049694] @VirginTrains There is a little notice to train crew sometimes that says ""Attention train crew: disable passenger alarm operators"".
[AGENT 1049696] @368089 Is there anything we are able to assist with? ^LC","[1049697, 1049695, 1049693, 1049694, 1049696]"
case_1272309,train_retrieval,10,long_5-8,week_2017-11-20,5,False,troubleshooting,False,2017-11-25 20:11:53+00:00,417826,conv_1272309,2nd year running that I can't book tickets on @VirginTrains sale because of card issues. Escalated on Thursday afternoon and still not heard anything. You might think they don't want you to buy sale price tickets #justsaying,"Type: troubleshooting. Outcome: customer_followup_unanswered. Brand agent turns: 2. Signals seen: troubleshooting, clarification_requested. Evidence: [tweet 1272305, troubleshooting] ""Have you tried to contact them on 03445565650?""","[CUSTOMER 1272309] 2nd year running that I can't book tickets on @VirginTrains sale because of card issues. Escalated on Thursday afternoon and still not heard anything. You might think they don't want you to buy sale price tickets #justsaying
[AGENT 1272308] @417826 What issue are you having, Matt? ^LC
[CUSTOMER 1272307] @VirginTrains Have attempted to book tickets to travel 5 times failed every time with the error code DM3, spoke to customer services on Thursday who didn't help but stated that my case would be escalated, no response since. Have just tried to book again with the same problem
[AGENT 1272305] @417826 Have you tried to contact them on 03445565650? ^LC
[CUSTOMER 1272306] @VirginTrains Did so on Thursday not helpful at all I'm afraid, poor response and disinclined to travel with yourselves again in the future","[1272309, 1272308, 1272307, 1272305, 1272306]"
case_1868613,train_retrieval,-1,long_5-8,week_2017-11-20,7,False,information_provided,False,2017-11-26 08:29:03+00:00,136974,conv_1868608,@VirginTrains Morning PA,"Type: information_provided. Outcome: customer_followup_unanswered. Brand agent turns: 3. Signals seen: information_provided, other. Evidence: [tweet 1902152, information_provided] ""I'm good just very cold haha.""; [tweet 1902149, information_provided] ""It's that time of year now though. It's only going to get colder.""","[CUSTOMER 1868613] @VirginTrains Morning PA
[AGENT 1902154] @136974 Morning Rachel :). ^PA
[CUSTOMER 1902153] @VirginTrains Hows u today it is pretty chilly here
[AGENT 1902152] @136974 I'm good just very cold haha. ^PA
[CUSTOMER 1902151] @VirginTrains Yeah I'm pretty cold too
[AGENT 1902149] @136974 It's that time of year now though. It's only going to get colder. ^PA
[CUSTOMER 1902150] @VirginTrains Yeah I know","[1868613, 1902154, 1902153, 1902152, 1902151, 1902149, 1902150]"
case_1996818,train_retrieval,10,short_1-2,week_2017-11-20,2,False,feedback_acknowledged,False,2017-11-26 10:27:12+00:00,527331,conv_1996818,"Oh @VirginTrains very bad customer service again... On the 9:13 Crewe-London Euston, just witnessed your guard checking tickets, doesn’t read a customers ticket properly, mis-stamps it &amp; then has a go at the customer for it.","Type: feedback_acknowledged. Outcome: agent_answered_unconfirmed. Brand agent turns: 1. Signals seen: feedback_acknowledged. Evidence: [tweet 1996817, feedback_acknowledged] ""We'll pass on your comments regarding this, Alex.""","[CUSTOMER 1996818] Oh @VirginTrains very bad customer service again... On the 9:13 Crewe-London Euston, just witnessed your guard checking tickets, doesn’t read a customers ticket properly, mis-stamps it &amp; then has a go at the customer for it.
[AGENT 1996817] @527331 We'll pass on your comments regarding this, Alex. It's disappointing to hear of this issue ^CB","[1996818, 1996817]"
case_2344521,train_retrieval,4,medium_3-4,week_2017-11-20,3,False,unresolved,False,2017-11-26 16:45:14+00:00,148659,conv_2344521,Reduced #firstclass service on @VirginTrains means I’m not allowed a new biscuit at tea if I’ve still got 1 from lunch! #wheresmypretzels,"Type: unresolved. Outcome: customer_followup_unanswered. Brand agent turns: 1. Signals seen: clarification_requested. Evidence: [tweet 2344519, clarification_requested] ""Have you spoken to the onboard team about the service this evening?""","[CUSTOMER 2344521] Reduced #firstclass service on @VirginTrains means I’m not allowed a new biscuit at tea if I’ve still got 1 from lunch! #wheresmypretzels
[AGENT 2344519] @148659 Have you spoken to the onboard team about the service this evening? ^CB
[CUSTOMER 2344520] @VirginTrains Tbh not getting a chance cos they’re moving on so quickly!Staff were def friendlier on Friday. #BringBackJason","[2344521, 2344519, 2344520]"
case_2368134,train_retrieval,9,long_5-8,week_2017-11-20,5,False,feedback_acknowledged,False,2017-11-26 17:00:51+00:00,150818,conv_2368134,@VirginTrains Why does the automated announcement pause before it says “Sandwell and Dudley” and then say it in a weird way?,"Type: feedback_acknowledged. Outcome: customer_followup_unanswered. Brand agent turns: 2. Signals seen: feedback_acknowledged, other. Evidence: [tweet 2368130, feedback_acknowledged] ""We'll certainly pass this on""","[CUSTOMER 2368134] @VirginTrains Why does the automated announcement pause before it says “Sandwell and Dudley” and then say it in a weird way?
[AGENT 2368133] @150818 We have no idea? ^MM
[CUSTOMER 2368132] @VirginTrains Just wondered. It sounds like the audio version of a bad photoshop 😂
[AGENT 2368130] @150818 We'll certainly pass this on ^MM
[CUSTOMER 2368131] @VirginTrains I don’t mind it, it’s quite funny, just wondered if there was a reason and had some time on my hands","[2368134, 2368133, 2368132, 2368130, 2368131]"
case_2603425,train_retrieval,2,long_5-8,week_2017-11-20,5,False,unresolved,False,2017-11-26 21:11:07+00:00,736725,conv_2603425,@VirginTrains trying to Use BEAM for a 5 hour journey and spent the last 2 hours trying to get it to work 🙈. Error message for every programme and film.,"Type: unresolved. Outcome: customer_followup_unanswered. Brand agent turns: 2. Signals seen: clarification_requested, other. Evidence: [tweet 2603426, other] ""Oh right, can @120576 assist please?""","[CUSTOMER 2603425] @VirginTrains trying to Use BEAM for a 5 hour journey and spent the last 2 hours trying to get it to work 🙈. Error message for every programme and film.
[AGENT 2603423] @736725 Which service are you on today? ^MW
[CUSTOMER 2603424] @VirginTrains Edinburgh to kings cross
[AGENT 2603426] @736725 Oh right, can @120576 assist please? ^MW
[CUSTOMER 2603427] @VirginTrains @120576 Sorry tagged the wrong department 🙈","[2603425, 2603423, 2603424, 2603426, 2603427]"
case_2823603,train_retrieval,0,very_long_9+,week_2017-11-27,17,True,information_provided,True,2017-11-27 08:35:55+00:00,786755,conv_2823603,Is it just me or did she not even read my email ? 😂 #copyandpaste #TLDR @VirginTrains @108272 https://t.co/0e7aeJDE7D,"Type: information_provided. Outcome: agent_closed. Brand agent turns: 8. Signals seen: redirected_to_dm, information_provided, clarification_requested, other. Evidence: [tweet 2823600, information_provided] ""Sorry your question wasn't addressed. I'm not sure where you were advised that spaces for crates could be booked however this isn't something we can offer I'm afraid. The door near the end of the train is only to be use…""; [tweet 2823605, information_provided] ""Ah ok, I'm afraid we wouldn't be able to book a space specifically for the crate unfortunately as we don't have spaces for these onboard, however, if the agent you spoke to last time sorted something out for you, it may…""; [tweet 2823613, redirected_to_dm] ""We can book a seat on the 12:52 Holyhead to Euston service for you, could you please drop us a DM with your surname so we can add this to the reservation?""","[CUSTOMER 2823603] Is it just me or did she not even read my email ? 😂 #copyandpaste #TLDR @VirginTrains @108272 https://t.co/0e7aeJDE7D
[AGENT 2823600] @786755 @108272 Sorry your question wasn't addressed. I'm not sure where you were advised that spaces for crates could be booked however this isn't something we can offer I'm afraid. The door near the end of the train is only to be used to bike also ^LC
[CUSTOMER 2823602] @VirginTrains @108272 The ticket agent told me this last time I did the sail &amp; rail.
[AGENT 2823616] @786755 That you could book a space for the crate and use the bike exit? ^LC
[CUSTOMER 2823601] @VirginTrains @108272 Yes and I used it last time but they said I should book it ahead next time. Also how do I choose a seat since it’s rail &amp; sail with Stenaline and I need to get a seat near the door to make it easy to get in and out with my dog?
[AGENT 2823605] @786755 @108272 Ah ok, I'm afraid we wouldn't be able to book a space specifically for the crate unfortunately as we don't have spaces for these onboard, however, if the agent you spoke to last time sorted something out for you, it may be best to contact
[AGENT 2823604] @786755 @108272 2/2 them again about this ^HP
[CUSTOMER 2823607] @VirginTrains @108272 Ok and how do I reserve my seat?
[AGENT 2823609] @786755 @108272 We can reserve a seat if you're travelling on one of our services. Which service are you booked on to? ^HP
[CUSTOMER 2823606] @VirginTrains @108272 This one on Thursday https://t.co/nyJy3I5pdd
[AGENT 2823608] @786755 @108272 Apologies, we can't see which train service you're booked to travel on from this, do you know what time you're due to board the train in Holyhead? ^HP
[CUSTOMER 2823610] @VirginTrains @108272 Booking reference: 77398137
[CUSTOMER 2823612] @VirginTrains @108272 Sorry I thought I had attached this https://t.co/VHSiAQ3NQq
[CUSTOMER 2823611] @VirginTrains @108272 It’s the direct one from Holyhead to London that departs at 12:50 I believe
[AGENT 2823613] @786755 @108272 Thanks for this. We can book a seat on the 12:52 Holyhead to Euston service for you, could you please drop us a DM with your surname so we can add this to the reservation? Thank you ^HP
[CUSTOMER 2823614] @VirginTrains @108272 Thank you, will do!
[AGENT 2823615] @786755 @108272 No problem :) ^HP","[2823603, 2823600, 2823602, 2823616, 2823601, 2823605, 2823604, 2823607, 2823609, 2823606, 2823608, 2823610, 2823612, 2823611, 2823613, 2823614, 2823615]"
case_2823585,train_retrieval,4,very_long_9+,week_2017-11-27,10,True,self_service,False,2017-11-27 08:43:55+00:00,635963,conv_2823585,It's the morning and it's teaching time. But if any of the students are as peppy as @VirginTrains Wi-Fi log in button I might jump off the Arts building. (I am on the third floor after all) https://t.co/kbFvFWJ7Ss,"Type: self_service. Outcome: agent_closed. Brand agent turns: 5. Signals seen: self_service, information_provided, clarification_requested. Evidence: [tweet 2823586, self_service] ""^PA https://t.co/p4Lng1jk6R""","[CUSTOMER 2823585] It's the morning and it's teaching time. But if any of the students are as peppy as @VirginTrains Wi-Fi log in button I might jump off the Arts building. (I am on the third floor after all) https://t.co/kbFvFWJ7Ss
[AGENT 2823583] @635963 Please don't do that, what issues are you having with the Wifi? ^PA
[CUSTOMER 2823584] @VirginTrains I'm not, PA, but thanks. Only issue is the overly peppy 'let's do this!' which I'm feeling far too subdued for. And you're fun to tweet to. Could you send me another gif? The last one was hilarious.
[AGENT 2823586] @635963 You got it. ^PA https://t.co/p4Lng1jk6R
[CUSTOMER 2823587] @VirginTrains What are you taking and where can I get some?
[AGENT 2823588] @635963 It's just a zest for life. ^PA
[CUSTOMER 2823589] @VirginTrains Where would I find that in Boots?
[AGENT 2823590] @635963 It can't be purchased, it comes from the soul. ^PA
[CUSTOMER 2823591] @VirginTrains Fair play. And I'm nearly at my stop. Thanks for making me laugh - happy customer servicing(!)
[AGENT 2823592] @635963 No problemo, have a great day Tom. ^PA","[2823585, 2823583, 2823584, 2823586, 2823587, 2823588, 2823589, 2823590, 2823591, 2823592]"
case_2825225,train_retrieval,10,short_1-2,week_2017-11-27,2,True,feedback_acknowledged,False,2017-11-27 09:52:12+00:00,787073,conv_2825225,@VirginTrains top marks this morning to angelika at #Euston for fixing my ticket# when my connection was missed,"Type: feedback_acknowledged. Outcome: agent_closed. Brand agent turns: 1. Signals seen: feedback_acknowledged. Evidence: [tweet 2825224, feedback_acknowledged] ""Great to hear Chris, I'll get this passed on for you.""","[CUSTOMER 2825225] @VirginTrains top marks this morning to angelika at #Euston for fixing my ticket# when my connection was missed
[AGENT 2825224] @787073 Great to hear Chris, I'll get this passed on for you. ^PA","[2825225, 2825224]"
case_2828493,dev_calibration,-1,long_5-8,week_2017-11-27,6,False,information_provided,False,2017-11-27 11:31:05+00:00,255476,conv_2828493,@VirginTrains for 15 mins!,"Type: information_provided. Outcome: agent_answered_unconfirmed. Brand agent turns: 3. Signals seen: information_provided, other. Evidence: [tweet 2828490, information_provided] ""Sorry for that Stanley. If you ask staff, they may have other options.""; [tweet 2828488, information_provided] ""It is subject to availability Stanley.""","[CUSTOMER 2828493] @VirginTrains for 15 mins!
[AGENT 2828492] @255476 Sorry for that, were you offered anything else? ^PA
[CUSTOMER 2828491] @VirginTrains No.
[AGENT 2828490] @255476 Sorry for that Stanley. If you ask staff, they may have other options. ^PA
[CUSTOMER 2828489] @VirginTrains That's not the point. It's advertised in the menu. No other hot option apart from soup. I just don't think he could be bothered.
[AGENT 2828488] @255476 It is subject to availability Stanley. ^PA","[2828493, 2828492, 2828491, 2828490, 2828489, 2828488]"
case_2835049,train_retrieval,0,short_1-2,week_2017-11-27,2,True,information_provided,False,2017-11-27 14:54:50+00:00,283088,conv_2835049,"Won First class @VirginTrains tickets on instagram.

Brb, going to cry happy skint tears! 😭","Type: information_provided. Outcome: agent_closed. Brand agent turns: 1. Signals seen: information_provided. Evidence: [tweet 2835047, information_provided] ""What a legend you are, enjoy!""","[CUSTOMER 2835049] Won First class @VirginTrains tickets on instagram. Brb, going to cry happy skint tears! 😭
[AGENT 2835047] @283088 What a legend you are, enjoy! ^MW","[2835049, 2835047]"
case_1640392,train_retrieval,-3,long_5-8,week_2017-11-27,5,True,escalated,False,2017-11-27 15:09:29+00:00,185215,conv_1640399,@VirginTrains any chance of you guys sorting out a refund? Can send you my case reference if you need it. Thanks in advance. Been waiting since Nov 6 and all I've got back since is an Angry Birds gif...,"Type: escalated. Outcome: customer_confirmed. Brand agent turns: 2. Signals seen: escalated, other. Evidence: [tweet 1640396, escalated] ""Thanks, we can see that the case is with Customer Resolutions and we have asked that they escalate this for you""","[CUSTOMER 1640392] @VirginTrains any chance of you guys sorting out a refund? Can send you my case reference if you need it. Thanks in advance. Been waiting since Nov 6 and all I've got back since is an Angry Birds gif...
[AGENT 1640394] @185215 Please supply us with your reference number? ^MW
[CUSTOMER 1640395] @VirginTrains Sent via DM
[AGENT 1640396] @185215 Thanks, we can see that the case is with Customer Resolutions and we have asked that they escalate this for you ^MW
[CUSTOMER 1640397] @VirginTrains thanks! I look forward to their reply","[1640392, 1640394, 1640395, 1640396, 1640397]"
case_2837858,train_retrieval,7,short_1-2,week_2017-11-27,2,False,troubleshooting,False,2017-11-27 15:47:34+00:00,789827,conv_2837858,@VirginTrains I've been trying to reach your lost property office a Liverpool Lime Street since Saturday. Nothing. No one on your lost property line can give answers. It's a shambles. Please advise,"Type: troubleshooting. Outcome: agent_awaiting_customer. Brand agent turns: 1. Signals seen: troubleshooting, clarification_requested. Evidence: [tweet 2837857, troubleshooting] ""Sorry to hear this, Tom, have you tried calling 03331 031 031 option 1, 3 ?""","[CUSTOMER 2837858] @VirginTrains I've been trying to reach your lost property office a Liverpool Lime Street since Saturday. Nothing. No one on your lost property line can give answers. It's a shambles. Please advise
[AGENT 2837857] @789827 Sorry to hear this, Tom, have you tried calling 03331 031 031 option 1, 3 ? ^HP","[2837858, 2837857]"
case_2833010,train_retrieval,10,medium_3-4,week_2017-11-27,4,False,compensation,False,2017-11-27 16:00:18+00:00,265170,conv_2833010,@VirginTrains if I booked first class tickets and then there was no first class carriage due to a shortage of trains can I get compensation?,"Type: compensation. Outcome: redirected_to_channel. Brand agent turns: 2. Signals seen: compensation, self_service, clarification_requested. Evidence: [tweet 2833007, compensation] ""You can claim compensation for this by contacting our Customer Resolutions team here: https://t.co/t20UbyOCSn""","[CUSTOMER 2833010] @VirginTrains if I booked first class tickets and then there was no first class carriage due to a shortage of trains can I get compensation?
[AGENT 2833009] @265170 Hi Emma, you can yes as you've not received service. Sorry to hear about this too, which service were you booked to travel on? ^HP
[CUSTOMER 2833008] @VirginTrains The 14.22 from Stockport to Euston yesterday - two adult tickets first class x
[AGENT 2833007] @265170 Really sorry about your experience. You can claim compensation for this by contacting our Customer Resolutions team here: https://t.co/t20UbyOCSn ^HP","[2833010, 2833009, 2833008, 2833007]"
case_2835307,train_retrieval,8,medium_3-4,week_2017-11-27,3,False,unresolved,False,2017-11-27 17:23:57+00:00,132563,conv_2835304,@VirginTrains Hi how r u? I wish it was Friday,"Type: unresolved. Outcome: customer_followup_unanswered. Brand agent turns: 1. Signals seen: other. Evidence: [tweet 2843088, other] ""So do I :-) and not bad, you?""","[CUSTOMER 2835307] @VirginTrains Hi how r u? I wish it was Friday
[AGENT 2843088] @132563 So do I :-) and not bad, you? ^MW
[CUSTOMER 2843089] @VirginTrains Not good MW","[2835307, 2843088, 2843089]"
case_2846634,train_retrieval,6,medium_3-4,week_2017-11-27,4,False,information_provided,False,2017-11-27 17:59:12+00:00,791729,conv_2846634,@VirginTrains 17:43 Stockport to Euston. Standing room only (and even that's cramped) #nationalise,"Type: information_provided. Outcome: agent_answered_unconfirmed. Brand agent turns: 2. Signals seen: information_provided, clarification_requested. Evidence: [tweet 2846631, information_provided] ""Apologies, I'm afraid we can't always guarantee a seat without a reservation and as passengers with open tickets can travel on numerous services, it can mean that some are busier than expected unfortunately""","[CUSTOMER 2846634] @VirginTrains 17:43 Stockport to Euston. Standing room only (and even that's cramped) #nationalise
[AGENT 2846633] @791729 Sorry to hear this, did you originally have a seat reservation for this service? ^HP
[CUSTOMER 2846632] @VirginTrains Nope - open ticket and I didn't know what time I'd finish work.
[AGENT 2846631] @791729 Apologies, I'm afraid we can't always guarantee a seat without a reservation and as passengers with open tickets can travel on numerous services, it can mean that some are busier than expected unfortunately ^HP","[2846634, 2846633, 2846632, 2846631]"
case_2846628,train_retrieval,3,medium_3-4,week_2017-11-27,3,True,redirected_to_other_operator,False,2017-11-27 18:16:33+00:00,117415,conv_2846628,@VirginTrains bought an annual ticket from you at king’s cross. got it transferred onto a @131618 smart card. GA can’t refund me. can you? going round the houses here,"Type: redirected_to_other_operator. Outcome: customer_confirmed. Brand agent turns: 1. Signals seen: redirected_to_other_operator. Evidence: [tweet 2846626, redirected_to_other_operator] ""Hi Stephanie, our friends at @120576 operate this station so we'll pass this over for you""","[CUSTOMER 2846628] @VirginTrains bought an annual ticket from you at king’s cross. got it transferred onto a @131618 smart card. GA can’t refund me. can you? going round the houses here
[AGENT 2846626] @117415 @131618 Hi Stephanie, our friends at @120576 operate this station so we'll pass this over for you ^HP
[CUSTOMER 2846627] @VirginTrains @131618 @120576 thanks. apparently it shouldn’t have been possible to transfer it, but cambridge were able to. to make matters more complicated they transferred a replacement (due to faulty ticket) onto the GA smart card (paper ticket replaced at cambridge!)","[2846628, 2846626, 2846627]"
case_147546,train_retrieval,10,medium_3-4,week_2017-11-27,4,False,feedback_acknowledged,True,2017-11-27 21:02:21+00:00,793832,conv_147540,"@VirginTrains well wanted to book 6 tickets for this weekend and site unstable, online lost his marbles and as for phone pfffft thats where you make your money eh","Type: feedback_acknowledged. Outcome: agent_answered_unconfirmed. Brand agent turns: 2. Signals seen: redirected_to_dm, feedback_acknowledged, clarification_requested. Evidence: [tweet 2855997, redirected_to_dm] ""Did you try our telesales number given via DM?""; [tweet 2855995, feedback_acknowledged] ""Apologies for the inconvenience caused, Karen, we'll be sure to pass your comments on in regards to this""","[CUSTOMER 147546] @VirginTrains well wanted to book 6 tickets for this weekend and site unstable, online lost his marbles and as for phone pfffft thats where you make your money eh
[AGENT 2855997] @793832 Hi Karen, sorry to hear this. Did you try our telesales number given via DM? ^HP
[CUSTOMER 2855996] @VirginTrains yes at 13p a minute..... told to call back tons of calls, great service.. as for on line chat didnt stay up long enough to see what button he pressed..
[AGENT 2855995] @793832 Apologies for the inconvenience caused, Karen, we'll be sure to pass your comments on in regards to this ^HP","[147546, 2855997, 2855996, 2855995]"
case_2859234,train_retrieval,-1,medium_3-4,week_2017-11-27,4,False,other,False,2017-11-27 22:16:27+00:00,116421,conv_2859234,@VirginTrains Joel’s back,"Type: other. Outcome: agent_answered_unconfirmed. Brand agent turns: 2. Signals seen: other. Evidence: [tweet 2859230, other] ""Nice one Becky""","[CUSTOMER 2859234] @VirginTrains Joel’s back
[AGENT 2859232] @116421 Most def ^JH
[CUSTOMER 2859231] @VirginTrains I didn’t go and see my Personal Tutor. I did the Head of the School though!
[AGENT 2859230] @116421 Nice one Becky ^JH","[2859234, 2859232, 2859231, 2859230]"
case_2872094,train_retrieval,3,medium_3-4,week_2017-11-27,4,False,self_service,True,2017-11-28 03:05:43+00:00,797452,conv_2872094,@VirginTrains hi there I applied for a refund for a cancelled London-Edinburgh service and got this on 10/11...nothing else yet received!? https://t.co/Bqkuh2PkAi,"Type: self_service. Outcome: agent_answered_unconfirmed. Brand agent turns: 2. Signals seen: redirected_to_dm, self_service, other. Evidence: [tweet 2872093, redirected_to_dm] ""We're sorry to hear this, if you would like to DM your email address we can supply your reference number or alternatively you can live chat with our customer resolution centre via https://t.co/YB2X8iaeb7 available from …""; [tweet 2872093, self_service] ""We're sorry to hear this, if you would like to DM your email address we can supply your reference number or alternatively you can live chat with our customer resolution centre via https://t.co/YB2X8iaeb7 available from …""","[CUSTOMER 2872094] @VirginTrains hi there I applied for a refund for a cancelled London-Edinburgh service and got this on 10/11...nothing else yet received!? https://t.co/Bqkuh2PkAi
[AGENT 2872093] @797452 We're sorry to hear this, if you would like to DM your email address we can supply your reference number or alternatively you can live chat with our customer resolution centre via https://t.co/YB2X8iaeb7 available from 08:00 to 22:00 ^JH
[CUSTOMER 2872092] @VirginTrains Thanks! Will DM
[AGENT 2872091] @797452 Ok ^JH","[2872094, 2872093, 2872092, 2872091]"
case_2881027,dev_calibration,1,short_1-2,week_2017-11-27,2,True,information_provided,False,2017-11-28 08:39:39+00:00,579351,conv_2881027,On 8 30 to Glasgow in 1st courtesy of @VirginTrains. Return via @120576 ....so which will offer better service? See next Rail mag,"Type: information_provided. Outcome: agent_closed. Brand agent turns: 1. Signals seen: information_provided. Evidence: [tweet 2881026, information_provided] ""We hope you have a great journey this morning.""","[CUSTOMER 2881027] On 8 30 to Glasgow in 1st courtesy of @VirginTrains. Return via @120576 ....so which will offer better service? See next Rail mag
[AGENT 2881026] @579351 @120576 We hope you have a great journey this morning. ^BT","[2881027, 2881026]"
case_2904545,train_retrieval,6,short_1-2,week_2017-11-27,2,False,redirected_to_other_operator,False,2017-11-28 19:14:57+00:00,804377,conv_2904545,"@VirginTrains Appalling service from Manchester to Bournemouth this afternoon, with triple booked reservations in some cases and causing much angst and anger. All aisles chockablock with standing passengers, who tell me this is regular occurrence #shamefulservice","Type: redirected_to_other_operator. Outcome: agent_answered_unconfirmed. Brand agent turns: 1. Signals seen: redirected_to_other_operator. Evidence: [tweet 2904544, redirected_to_other_operator] ""That will be one for @121428, can you guys look at this as it's your service.""","[CUSTOMER 2904545] @VirginTrains Appalling service from Manchester to Bournemouth this afternoon, with triple booked reservations in some cases and causing much angst and anger. All aisles chockablock with standing passengers, who tell me this is regular occurrence #shamefulservice
[AGENT 2904544] @804377 That will be one for @121428, can you guys look at this as it's your service. ^PA","[2904545, 2904544]"
case_2931163,train_retrieval,11,short_1-2,week_2017-11-27,2,False,redirected_to_other_operator,False,2017-11-29 07:36:59+00:00,810780,conv_2931163,@VirginTrains your Wi-fi robot validation is not loading and you can’t progress to payment without it so I can’t purchase your Wi-fi!!! Leeds train from KX 7.35am,"Type: redirected_to_other_operator. Outcome: agent_answered_unconfirmed. Brand agent turns: 1. Signals seen: redirected_to_other_operator. Evidence: [tweet 2931162, redirected_to_other_operator] ""Sorry to hear this, but looks as though you are travelling with @120576 this morning and therefore will need to speak with our friends there.""","[CUSTOMER 2931163] @VirginTrains your Wi-fi robot validation is not loading and you can’t progress to payment without it so I can’t purchase your Wi-fi!!! Leeds train from KX 7.35am
[AGENT 2931162] @810780 Sorry to hear this, but looks as though you are travelling with @120576 this morning and therefore will need to speak with our friends there. ^BT","[2931163, 2931162]"
case_2931166,train_retrieval,8,short_1-2,week_2017-11-27,2,True,information_provided,False,2017-11-29 07:39:04+00:00,282125,conv_2931166,This @VirginTrains 05:33 to London is a killer - thank god for breakfast and caffeine! 😴 Excited for a busy couple of days at @112398! #marketing #london #travel #DigitalMarketing #AdTechLDN https://t.co/zgGlfKB2Lx,"Type: information_provided. Outcome: agent_closed. Brand agent turns: 1. Signals seen: information_provided. Evidence: [tweet 2931165, information_provided] ""Have a great journey! Enjoy breakfast!""","[CUSTOMER 2931166] This @VirginTrains 05:33 to London is a killer - thank god for breakfast and caffeine! 😴 Excited for a busy couple of days at @112398! #marketing #london #travel #DigitalMarketing #AdTechLDN https://t.co/zgGlfKB2Lx
[AGENT 2931165] @282125 Have a great journey! Enjoy breakfast! ^LC","[2931166, 2931165]"
case_2932490,train_retrieval,5,short_1-2,week_2017-11-27,2,False,clarification_requested,False,2017-11-29 08:32:23+00:00,811012,conv_2932490,7th train in 24 hours and every single one has been delayed what is going on! @232537 @VirginTrains @120870 😫😤,"Type: clarification_requested. Outcome: agent_awaiting_customer. Brand agent turns: 1. Signals seen: clarification_requested. Evidence: [tweet 2932489, clarification_requested] ""Which service are you on, Livia?""","[CUSTOMER 2932490] 7th train in 24 hours and every single one has been delayed what is going on! @232537 @VirginTrains @120870 😫😤
[AGENT 2932489] @811012 @232537 @120870 Which service are you on, Livia? ^LC","[2932490, 2932489]"
case_2938871,train_retrieval,11,short_1-2,week_2017-11-27,2,False,clarification_requested,False,2017-11-29 12:27:16+00:00,812299,conv_2938871,hey @VirginTrains love your service - just by comparison the wifi on @812300 is free and fast - really easy to work flat out - why not offer the same? #productivity,"Type: clarification_requested. Outcome: agent_awaiting_customer. Brand agent turns: 1. Signals seen: clarification_requested. Evidence: [tweet 2938870, clarification_requested] ""Hi Nick, which service were you on today?""","[CUSTOMER 2938871] hey @VirginTrains love your service - just by comparison the wifi on @812300 is free and fast - really easy to work flat out - why not offer the same? #productivity
[AGENT 2938870] @812299 @812300 Hi Nick, which service were you on today? ^LC","[2938871, 2938870]"
case_2951788,train_retrieval,5,short_1-2,week_2017-11-27,1,False,unresolved,False,2017-11-29 14:30:31+00:00,127472,conv_2951788,Listened with interest to Transport Secretary Chris Grayling’s new vision for railways – here’s my response https://t.co/8rbcQ0WzcW @virgintrains https://t.co/8fowNcgMnh,Brand never replied in the public thread (outcome: no_response).,[CUSTOMER 2951788] Listened with interest to Transport Secretary Chris Grayling’s new vision for railways – here’s my response https://t.co/8rbcQ0WzcW @virgintrains https://t.co/8fowNcgMnh,[2951788]
case_2943916,dev_calibration,1,short_1-2,week_2017-11-27,2,False,information_provided,False,2017-11-29 14:32:02+00:00,813262,conv_2943916,When @VirginTrains announces the Glasgow train platform 3 minutes before the train is due to leave #WhyTho https://t.co/7wTOAZwrvE,"Type: information_provided. Outcome: agent_answered_unconfirmed. Brand agent turns: 1. Signals seen: information_provided. Evidence: [tweet 2943915, information_provided] ""We aim to have the platform confirmed and on the departure board as early as possible""","[CUSTOMER 2943916] When @VirginTrains announces the Glasgow train platform 3 minutes before the train is due to leave #WhyTho https://t.co/7wTOAZwrvE
[AGENT 2943915] @813262 We aim to have the platform confirmed and on the departure board as early as possible ^CB","[2943916, 2943915]"
case_2951787,train_retrieval,0,short_1-2,week_2017-11-27,2,False,self_service,False,2017-11-29 17:29:21+00:00,815075,conv_2951788,@127472 @VirginTrains Any truth is this? https://t.co/nqahwtu1oj,"Type: self_service. Outcome: redirected_to_channel. Brand agent turns: 1. Signals seen: self_service. Evidence: [tweet 2951786, self_service] ""More information is available on our website: https://t.co/FdIeOO9P0q""","[CUSTOMER 2951787] @127472 @VirginTrains Any truth is this? https://t.co/nqahwtu1oj
[AGENT 2951786] @815075 More information is available on our website: https://t.co/FdIeOO9P0q ^CB","[2951787, 2951786]"
case_2956433,dev_calibration,10,very_long_9+,week_2017-11-27,9,False,feedback_acknowledged,False,2017-11-29 19:19:12+00:00,136417,conv_2956433,@VirginTrains can’t buy a weekly season ticket in advance - crazy - another time the commuter is being penalised.,"Type: feedback_acknowledged. Outcome: agent_answered_unconfirmed. Brand agent turns: 4. Signals seen: feedback_acknowledged, information_provided. Evidence: [tweet 2956439, feedback_acknowledged] ""We'll pass on your comments regarding this""","[CUSTOMER 2956433] @VirginTrains can’t buy a weekly season ticket in advance - crazy - another time the commuter is being penalised.
[AGENT 2956431] @136417 You can purchase it at the weekend before or on the Monday you start it. ^PA
[CUSTOMER 2956432] @VirginTrains I am in America next week so wanted to buy it today to be prepared for when I return - the reasons I was given at the ticket office just show how ineffective train managers / ticket checks are.
[AGENT 2956434] @136417 Unfortunately this is the rules for weekly season tickets. ^PA
[CUSTOMER 2956435] @VirginTrains Rules because the start date isn’t checked so people can fraud the system. Of my last 21 journeys between Rugby &amp; Euston my ticket has been checked just 6 times - 4 of which was the ticket barrier at Rugby!
[CUSTOMER 2956436] @VirginTrains Maybe if ticket barriers were on every platform at Euston or if the barriers were closed at Rugby so you had to present your ticket to enter/exit the station or if more train managers actually checked tickets.
[AGENT 2956437] @136417 We've increased the number of inspections onboard and introduced more barriers at our stations. We'll certainly feed back your comments ^CB
[CUSTOMER 2956438] @VirginTrains I have been commuting for 5years 1month now - I believe my ticket has never been checked less - so much so I started to count how many times a month it is checked. It used to be checked daily - now I can go a whole week without it being looked at once.
[AGENT 2956439] @136417 We'll pass on your comments regarding this ^CB","[2956433, 2956431, 2956432, 2956434, 2956435, 2956436, 2956437, 2956438, 2956439]"
case_2986675,train_retrieval,3,medium_3-4,week_2017-11-27,3,False,redirected_to_dm,True,2017-11-30 07:07:53+00:00,468645,conv_2986675,Still waiting to hear about my ticket refund. Please advise @VirginTrains,"Type: redirected_to_dm. Outcome: customer_followup_unanswered. Brand agent turns: 1. Signals seen: redirected_to_dm, clarification_requested. Evidence: [tweet 2986673, redirected_to_dm] ""Do you have a VT reference number that you can DM us please?""","[CUSTOMER 2986675] Still waiting to hear about my ticket refund. Please advise @VirginTrains
[AGENT 2986673] @468645 Do you have a VT reference number that you can DM us please? ^BT
[CUSTOMER 2986674] @VirginTrains No priblem","[2986675, 2986673, 2986674]"
case_64663,dev_calibration,6,long_5-8,week_2017-11-27,5,False,compensation,True,2017-11-30 07:54:01+00:00,130833,conv_64663,@VirginTrains Yet again train delays and people sitting in reserved seats. Scrap the reservation system it's a disappointment and a waste of time.,"Type: compensation. Outcome: redirected_to_dm. Brand agent turns: 2. Signals seen: compensation, redirected_to_dm, clarification_requested. Evidence: [tweet 64659, compensation] ""Do you have the VT reference number for the delay repay that you can DM us please?""; [tweet 64659, redirected_to_dm] ""Do you have the VT reference number for the delay repay that you can DM us please?""","[CUSTOMER 64663] @VirginTrains Yet again train delays and people sitting in reserved seats. Scrap the reservation system it's a disappointment and a waste of time.
[AGENT 64661] @130833 Sorry to hear Kevin, which service are you travelling on today? ^BT
[CUSTOMER 64662] @VirginTrains 07:30 (I should say the 07:52) from Rugby to Euston.
[CUSTOMER 64660] @VirginTrains I've also got a delay repay case that's now over 30 days old too....
[AGENT 64659] @130833 Sorry for the delay Kevin, this was due to a fault with the signalling system. Do you have the VT reference number for the delay repay that you can DM us please? ^BT","[64663, 64661, 64662, 64660, 64659]"
case_68177,train_retrieval,9,short_1-2,week_2017-11-27,1,False,unresolved,False,2017-11-30 09:56:38+00:00,131569,conv_68155,@131555 @VirginTrains Who wants to go to Preston anyway?!,Brand never replied in the public thread (outcome: no_response).,[CUSTOMER 68177] @131555 @VirginTrains Who wants to go to Preston anyway?!,[68177]
case_72447,train_retrieval,9,medium_3-4,week_2017-11-27,3,False,redirected_to_other_operator,False,2017-11-30 10:06:29+00:00,132272,conv_72447,@123241 @VirginTrains got on 8:15 from wolves to get to Stoke at 8:53. Told whilst onboard that can't stop at Stoke so having to go to STOCKPORT and travel back on myself. Won't get back to Stoke until 10:08 - what a joke 😭,"Type: redirected_to_other_operator. Outcome: customer_followup_unanswered. Brand agent turns: 1. Signals seen: redirected_to_other_operator. Evidence: [tweet 72445, redirected_to_other_operator] ""This would be a @121428 service today Chez, they can advise why this service will today not stop at Stoke.""","[CUSTOMER 72447] @123241 @VirginTrains got on 8:15 from wolves to get to Stoke at 8:53. Told whilst onboard that can't stop at Stoke so having to go to STOCKPORT and travel back on myself. Won't get back to Stoke until 10:08 - what a joke 😭
[AGENT 72445] @132272 @123241 This would be a @121428 service today Chez, they can advise why this service will today not stop at Stoke. ^BT
[CUSTOMER 72446] @VirginTrains @123241 @121428 Sorry @VirginTrains 😘","[72447, 72445, 72446]"
case_74008,dev_calibration,6,very_long_9+,week_2017-11-27,12,False,self_service,False,2017-11-30 10:32:36+00:00,132562,conv_74008,.@VirginTrains I have travel booked on the 8th and 29th January. What do I do to change days? And can j reserve a seat again? This is ridiculous.,"Type: self_service. Outcome: customer_followup_unanswered. Brand agent turns: 4. Signals seen: self_service, information_provided, clarification_requested. Evidence: [tweet 74013, self_service] ""When we have more information it will be put on our website but at the moment don't have any timetables.""","[CUSTOMER 74008] .@VirginTrains I have travel booked on the 8th and 29th January. What do I do to change days? And can j reserve a seat again? This is ridiculous.
[AGENT 74006] @132562 We are still hoping to run a majority of services on the affected days. If you wish to discuss changing the dates of your tickets, you would need to speak with our Aftersales team here 0344 556 5650. ^BT
[CUSTOMER 74007] @VirginTrains I can't get to the office on ""hope"". I'm gonna call up my boss and say I might be there, might not. Depends on whether the ""hope"" to run services comes through. What about reserved seats? When will we know exactly what trains are cancelled? People need to plan around it.
[CUSTOMER 74009] @VirginTrains I need an answer those questions. I need to make arrangements either way. The only people losing out here are us, the already overpaying customers. I'm literally in shock that you've even got the audacity to strike over pay.
[CUSTOMER 74010] @VirginTrains Still waiting @virgintrains. When are we going to find out what trains are running? And what happens to reserved seats? You're advising to reserve a seat but haven't told anybody on which trains!
[AGENT 74011] @132562 Which service are you on or waiting for? ^PA
[CUSTOMER 74012] @VirginTrains On the strike days!
[AGENT 74013] @132562 When we have more information it will be put on our website but at the moment don't have any timetables. ^PA
[CUSTOMER 74014] @VirginTrains That's what I'm asking, when can we expect more information? It's two weeks away, people need to be able to plan around the inconvenience.
[CUSTOMER 74016] @VirginTrains And will seat reservations still be valid?
[AGENT 74015] @132562 We don't know at the moment sorry. ^PA
[CUSTOMER 74017] @VirginTrains Which is of no use to anybody. Remember, it's only the customers suffering at the hands of Virgin staff, you could make it a whole lot easier.","[74008, 74006, 74007, 74009, 74010, 74011, 74012, 74013, 74014, 74016, 74015, 74017]"
case_84009,train_retrieval,-3,medium_3-4,week_2017-11-27,3,False,redirected_to_dm,True,2017-11-30 11:24:06+00:00,134461,conv_84009,@VirginTrains Hi @VirginTrains I am travelling from London Euston to Man Picc but yet to have seat reservations for my group. Can you confirm if they are being released soon. Travel is this Sunday. Thanks,"Type: redirected_to_dm. Outcome: redirected_to_dm. Brand agent turns: 2. Signals seen: redirected_to_dm, clarification_requested. Evidence: [tweet 84009, redirected_to_dm] ""#VTINFO Due to the high number of messages we are receiving, we may have missed your Tweet/DM.""; [tweet 84007, redirected_to_dm] ""Do you have a booking reference you can DM us please?""","[AGENT 84009] #VTINFO Due to the high number of messages we are receiving, we may have missed your Tweet/DM. Please resend if you think we may have missed your message.
[CUSTOMER 84008] @VirginTrains Hi @VirginTrains I am travelling from London Euston to Man Picc but yet to have seat reservations for my group. Can you confirm if they are being released soon. Travel is this Sunday. Thanks
[AGENT 84007] @134461 Do you have a booking reference you can DM us please? ^BT","[84009, 84008, 84007]"
case_450277,train_retrieval,4,very_long_9+,week_2017-11-27,9,False,information_provided,False,2017-11-30 20:00:05+00:00,149950,conv_450277,@VirginTrains what’s the deal on a 1st class upgrade for 7pm train on a friday?,"Type: information_provided. Outcome: customer_followup_unanswered. Brand agent turns: 4. Signals seen: information_provided, other. Evidence: [tweet 450276, information_provided] ""It's the difference between your ticket and the first class ticket for today, staff onboard can advise prices.""; [tweet 450269, information_provided] ""If that is the what the Train Manager has quoted then yes.""; [tweet 450272, information_provided] ""I see, it wouldn't be the Advance First ticket it's the Anytime First Ticket.""","[CUSTOMER 450277] @VirginTrains what’s the deal on a 1st class upgrade for 7pm train on a friday?
[AGENT 450276] @149950 It's the difference between your ticket and the first class ticket for today, staff onboard can advise prices. ^PA
[CUSTOMER 450275] @VirginTrains Any offers or feeebies going?? #dontaskdontget
[AGENT 450274] @149950 I'm afraid not sorry. ^PA
[CUSTOMER 450271] @VirginTrains wow so I paid £17 for the ticket, then 1st class is £75 so the upgrade will be £58 ?
[AGENT 450269] @149950 If that is the what the Train Manager has quoted then yes. ^PA
[CUSTOMER 450270] @VirginTrains thats me working it out coz im travelling tomorrow night is there anywhere in Euston i can find out?
[AGENT 450272] @149950 I see, it wouldn't be the Advance First ticket it's the Anytime First Ticket. ^PA
[CUSTOMER 450273] @VirginTrains That’s what I thought.","[450277, 450276, 450275, 450274, 450271, 450269, 450270, 450272, 450273]"
case_1418027,train_retrieval,0,long_5-8,week_2017-11-27,5,True,clarification_requested,False,2017-11-30 22:39:53+00:00,130560,conv_1418027,@VirginTrains good evening ol sorry I didn't reply last night https://t.co/eYaVgjA1mO,"Type: clarification_requested. Outcome: customer_confirmed. Brand agent turns: 2. Signals seen: clarification_requested, other. Evidence: [tweet 1418028, clarification_requested] ""Very busy, Alex, how are you ?""","[CUSTOMER 1418027] @VirginTrains good evening ol sorry I didn't reply last night https://t.co/eYaVgjA1mO
[AGENT 1418025] @130560 No worries, Alex! ^OL
[CUSTOMER 1418026] @VirginTrains How are you all at vt and the pendilonos
[AGENT 1418028] @130560 Very busy, Alex, how are you ? ^OL
[CUSTOMER 1418029] @VirginTrains Good thanks","[1418027, 1418025, 1418026, 1418028, 1418029]"
case_471868,train_retrieval,9,long_5-8,week_2017-11-27,8,False,redirected_to_other_operator,False,2017-12-01 08:30:16+00:00,227381,conv_471868,@VirginTrains your 8.11 service from Doncaster to Edinburgh now showing as not due till 8.50 and getting later by the minute! I rarely tweet but very unhappy traveller!,"Type: redirected_to_other_operator. Outcome: agent_answered_unconfirmed. Brand agent turns: 4. Signals seen: redirected_to_other_operator, information_provided, clarification_requested, other. Evidence: [tweet 471867, redirected_to_other_operator] ""This would be a @120576 service, therefore they would be best to speak with regarding this.""","[CUSTOMER 471868] @VirginTrains your 8.11 service from Doncaster to Edinburgh now showing as not due till 8.50 and getting later by the minute! I rarely tweet but very unhappy traveller!
[AGENT 471867] @227381 This would be a @120576 service, therefore they would be best to speak with regarding this. ^BT
[CUSTOMER 471870] @VirginTrains Being late one thing, poor customer service is another! Interesting marketing tho! https://t.co/La4UMY0v06
[AGENT 472714] @227381 Sorry Sandra, can you explain further please? ^BT
[CUSTOMER 472712] @VirginTrains The staff were not informed about changes, the tannoy was too low to hear and no update was provided, I asked a question about times and seating arrangements, reply’ we don’t know, just get on the train when it gets there’!
[AGENT 472710] @227381 Is this at Doncaster station? ^BT
[CUSTOMER 472711] @VirginTrains Yes
[AGENT 472713] @227381 As advised you would need to speak with our friends over at @120576 regarding this. ^BT","[471868, 471867, 471870, 472714, 472712, 472710, 472711, 472713]"
case_471860,train_retrieval,4,very_long_9+,week_2017-11-27,9,False,information_provided,False,2017-12-01 08:31:00+00:00,227380,conv_471860,@VirginTrains I’m not impressed. We’ve paid first class tickets only to be told breakfast is not available beforE Milton Keynes. We’re getting if at.... Milton Keynes! Where’s the value? Not even to take away. Unimpressed. Is this the same on return?,"Type: information_provided. Outcome: customer_followup_unanswered. Brand agent turns: 4. Signals seen: information_provided, clarification_requested. Evidence: [tweet 471861, information_provided] ""Unfortunately between Euston and Milton Keynes, breakfast wouldn't be offered until Rugby and onwards.""; [tweet 471863, information_provided] ""No, only drink would be offered on this journey.""; [tweet 471865, information_provided] ""Sorry to hear you think this Kemi. We can always advise on first class services here before purchasing tickets.""","[CUSTOMER 471860] @VirginTrains I’m not impressed. We’ve paid first class tickets only to be told breakfast is not available beforE Milton Keynes. We’re getting if at.... Milton Keynes! Where’s the value? Not even to take away. Unimpressed. Is this the same on return?
[AGENT 471858] @227380 Which service are you travelling on Kemi? ^BT
[CUSTOMER 471859] @VirginTrains Virgin trains west trains. We took the 8.10 from Euston arrived 8.42 Milton Keynes
[AGENT 471861] @227380 Unfortunately between Euston and Milton Keynes, breakfast wouldn't be offered until Rugby and onwards. ^BT
[CUSTOMER 471862] @VirginTrains What about dinner or snacks in the evening?
[AGENT 471863] @227380 No, only drink would be offered on this journey. ^BT
[CUSTOMER 471864] @VirginTrains I’m not impressed you know, not at all. You’ve disappointed me virgintrains, really gone down on the list for me I’m afraid. That too much to pay for a drink.
[AGENT 471865] @227380 Sorry to hear you think this Kemi. We can always advise on first class services here before purchasing tickets. ^BT
[CUSTOMER 471866] @VirginTrains You should do that when booking tickets online, manage your customers expectations. Smh","[471860, 471858, 471859, 471861, 471862, 471863, 471864, 471865, 471866]"
case_484251,train_retrieval,11,medium_3-4,week_2017-11-27,4,False,information_provided,False,2017-12-01 14:43:47+00:00,230217,conv_484251,"@VirginTrains please sort your WiFi in first class, it’s giving me a rash it’s so bad","Type: information_provided. Outcome: agent_answered_unconfirmed. Brand agent turns: 2. Signals seen: information_provided. Evidence: [tweet 484250, information_provided] ""Is it speed or connecting that's the issue""; [tweet 484248, information_provided] ""I see, please speak to the team about this on 0330 088 1271""","[CUSTOMER 484251] @VirginTrains please sort your WiFi in first class, it’s giving me a rash it’s so bad
[AGENT 484250] @230217 Is it speed or connecting that's the issue ^MW
[CUSTOMER 484249] @VirginTrains Speed, nothing is loading at all
[AGENT 484248] @230217 I see, please speak to the team about this on 0330 088 1271 ^MW","[484251, 484250, 484249, 484248]"
case_487235,dev_calibration,8,short_1-2,week_2017-11-27,2,True,other,False,2017-12-01 15:41:09+00:00,230944,conv_487235,We like to keep our MD busy so we’ve packed him off to #London for his next event of the day with the wonderful team at Phoenix ME. Thanks @VirginTrains,"Type: other. Outcome: agent_closed. Brand agent turns: 1. Signals seen: other. Evidence: [tweet 487234, other] ""Have a great time!""","[CUSTOMER 487235] We like to keep our MD busy so we’ve packed him off to #London for his next event of the day with the wonderful team at Phoenix ME. Thanks @VirginTrains
[AGENT 487234] @230944 Have a great time! ^MW","[487235, 487234]"
case_487223,dev_calibration,2,medium_3-4,week_2017-11-27,4,False,other,False,2017-12-01 15:41:30+00:00,230943,conv_487223,@120576 over head line gone down just before getting into Euston. Anyone know when we will be moving again?,"Type: other. Outcome: agent_awaiting_customer. Brand agent turns: 1. Signals seen: other. Evidence: [tweet 487220, other] ""Can we help at all?""","[CUSTOMER 487223] @120576 over head line gone down just before getting into Euston. Anyone know when we will be moving again?
[OTHER-AGENT 487222] @230943 Hi Prina, are you travelling with @VirginTrains today? ^JC
[CUSTOMER 487221] @120576 @VirginTrains Yes sitting on the train right now.
[AGENT 487220] @230943 @120576 Can we help at all? ^MW","[487223, 487222, 487221, 487220]"
case_491210,train_retrieval,7,medium_3-4,week_2017-11-27,4,False,escalated,False,2017-12-01 16:46:06+00:00,232023,conv_491210,". @VirginTrains  on my way to Manchester picadilly earlier i dropped my phone and the touch screen became unresponsive and i couldnt access my mobile ticket. a woman at the help desk was horrible and unhelpful, she told me it wasnt her problem and she had the rudest tone","Type: escalated. Outcome: redirected_to_channel. Brand agent turns: 2. Signals seen: escalated, self_service, other. Evidence: [tweet 491211, escalated] ""This can be escalated on https://t.co/ngtEc2ozOD""","[CUSTOMER 491210] . @VirginTrains on my way to Manchester picadilly earlier i dropped my phone and the touch screen became unresponsive and i couldnt access my mobile ticket. a woman at the help desk was horrible and unhelpful, she told me it wasnt her problem and she had the rudest tone
[AGENT 491208] @232023 Were you looking to make a complaint in regards to how this was handled? ^MW
[CUSTOMER 491209] @VirginTrains yes.
[AGENT 491211] @232023 This can be escalated on https://t.co/ngtEc2ozOD ^MM","[491210, 491208, 491209, 491211]"
case_498193,train_retrieval,3,short_1-2,week_2017-11-27,2,False,escalated,False,2017-12-01 18:20:45+00:00,233919,conv_498193,@VirginTrains if I’m in first and you declassified the train (so no at seat service) what refund am I entitled to please?,"Type: escalated. Outcome: redirected_to_channel. Brand agent turns: 1. Signals seen: escalated, self_service. Evidence: [tweet 498192, escalated] ""Sorry to hear about your experience while travelling with us, this can be escalated further with Customer Relations via the online complaints link - https://t.co/PZgxbBM86W""","[CUSTOMER 498193] @VirginTrains if I’m in first and you declassified the train (so no at seat service) what refund am I entitled to please?
[AGENT 498192] @233919 Sorry to hear about your experience while travelling with us, this can be escalated further with Customer Relations via the online complaints link - https://t.co/PZgxbBM86W ^MM","[498193, 498192]"
case_498211,dev_calibration,11,short_1-2,week_2017-11-27,2,False,self_service,False,2017-12-01 18:29:40+00:00,233924,conv_498211,@VirginTrains on the 19.40 LDN-MCR in first class with my brother as a birthday present. Wi-fi not working and there’s no food or drink 👎🏾 is there a way to claim back my missed dinner? 🙁 #Disappointed #Starving #NotAMerryChristmas,"Type: self_service. Outcome: redirected_to_channel. Brand agent turns: 1. Signals seen: self_service. Evidence: [tweet 498210, self_service] ""Please submit your comments and tickets here, Felipe - https://t.co/FhMeMu4IvG and this will be looked into""","[CUSTOMER 498211] @VirginTrains on the 19.40 LDN-MCR in first class with my brother as a birthday present. Wi-fi not working and there’s no food or drink 👎🏾 is there a way to claim back my missed dinner? 🙁 #Disappointed #Starving #NotAMerryChristmas
[AGENT 498210] @233924 Please submit your comments and tickets here, Felipe - https://t.co/FhMeMu4IvG and this will be looked into ^MW","[498211, 498210]"
case_501278,train_retrieval,0,short_1-2,week_2017-11-27,2,False,compensation,False,2017-12-01 19:23:11+00:00,234762,conv_501278,Why am I surprised that @VirginTrains has yet again ruined my Friday evening. I was meant to be in WFJ an hour ago,"Type: compensation. Outcome: redirected_to_channel. Brand agent turns: 1. Signals seen: compensation, self_service. Evidence: [tweet 501277, compensation] ""Sorry to hear that, please be sure to claim for the delay here - https://t.co/ydSzPO98Ue""","[CUSTOMER 501278] Why am I surprised that @VirginTrains has yet again ruined my Friday evening. I was meant to be in WFJ an hour ago
[AGENT 501277] @234762 Sorry to hear that, please be sure to claim for the delay here - https://t.co/ydSzPO98Ue ^MW","[501278, 501277]"
case_2508741,train_retrieval,9,medium_3-4,week_2017-11-27,3,False,information_provided,False,2017-12-01 20:53:39+00:00,715216,conv_2508741,@VirginTrains any idea when the London euston 8:07 to Liverpool lime street gets in to Nuneaton?,"Type: information_provided. Outcome: customer_followup_unanswered. Brand agent turns: 1. Signals seen: information_provided. Evidence: [tweet 2508738, information_provided] ""21:02 but will be late, maybe around 20 mins or so, Lee""","[CUSTOMER 2508741] @VirginTrains any idea when the London euston 8:07 to Liverpool lime street gets in to Nuneaton?
[AGENT 2508738] @715216 21:02 but will be late, maybe around 20 mins or so, Lee ^MW
[CUSTOMER 2508740] @VirginTrains Staff at the station saying its not left euston and are recommending other routes, advice?","[2508741, 2508738, 2508740]"
case_2622216,train_retrieval,2,medium_3-4,week_2017-11-27,3,False,information_provided,False,2017-12-01 21:26:59+00:00,740841,conv_2622216,@VirginTrains dying of heat exhaustion on the delayed 19:55 from Manchester to Euston... asked for the heating to be turned down and it's getting hotter!!,"Type: information_provided. Outcome: customer_followup_unanswered. Brand agent turns: 1. Signals seen: information_provided. Evidence: [tweet 2622214, information_provided] ""The Train Manager can adjust this if you make them aware""","[CUSTOMER 2622216] @VirginTrains dying of heat exhaustion on the delayed 19:55 from Manchester to Euston... asked for the heating to be turned down and it's getting hotter!!
[AGENT 2622214] @740841 The Train Manager can adjust this if you make them aware ^MW
[CUSTOMER 2622215] @VirginTrains I tried!","[2622216, 2622214, 2622215]"
case_527357,train_retrieval,10,medium_3-4,week_2017-11-27,3,True,refund,False,2017-12-02 07:28:03+00:00,144302,conv_527357,@VirginTrains hi there. I bought tickets for travel from Piccadilly to Euston on 15/12/17. Advance singles. Online from the Trainline. What happens if strike goes ahead. Do I get a refund?,"Type: refund. Outcome: customer_confirmed. Brand agent turns: 1. Signals seen: refund. Evidence: [tweet 527355, refund] ""However if you do not travel you can receive a full refund from point of purchase.""","[CUSTOMER 527357] @VirginTrains hi there. I bought tickets for travel from Piccadilly to Euston on 15/12/17. Advance singles. Online from the Trainline. What happens if strike goes ahead. Do I get a refund?
[AGENT 527355] @144302 Hi Reddy. We will run a majority of services on the affected dates. However if you do not travel you can receive a full refund from point of purchase. In this case on the Trainline. ^BT
[CUSTOMER 527356] @VirginTrains Many thanks for your prompt reply. I have a time critical meeting so if it is a reduced service this is good to know xx","[527357, 527355, 527356]"
case_529460,train_retrieval,1,medium_3-4,week_2017-11-27,3,True,compensation,False,2017-12-02 09:01:27+00:00,230219,conv_529460,Not happy at my train cancellation.  The 9.15 to Glasgow Central. NOW have to go a later time and via Carlisle @VirginTrains,"Type: compensation. Outcome: customer_confirmed. Brand agent turns: 1. Signals seen: compensation, self_service. Evidence: [tweet 529458, compensation] ""You can claim delay repay for journeys delayed over 30 minutes here https://t.co/Dp2xUATNdG""","[CUSTOMER 529460] Not happy at my train cancellation. The 9.15 to Glasgow Central. NOW have to go a later time and via Carlisle @VirginTrains
[AGENT 529458] @230219 Sorry for the cancellation Helen, this was due to damage to the overhead wires between Euston and Watford. You can claim delay repay for journeys delayed over 30 minutes here https://t.co/Dp2xUATNdG ^BT
[CUSTOMER 529459] @VirginTrains Thank you","[529460, 529458, 529459]"
case_535602,train_retrieval,8,medium_3-4,week_2017-11-27,3,True,other,False,2017-12-02 12:31:00+00:00,244088,conv_535602,@VirginTrains no lunch box available on Glasgow to Euston route 😔 hungry  &amp; still 90mins till London 😢 just as well I like you guys &amp; there's plenty tea to keep me going 😃,"Type: other. Outcome: customer_confirmed. Brand agent turns: 1. Signals seen: other. Evidence: [tweet 535600, other] ""Really sorry to hear this, Jo :( Were the team able to offer you anything else at all?""","[CUSTOMER 535602] @VirginTrains no lunch box available on Glasgow to Euston route 😔 hungry &amp; still 90mins till London 😢 just as well I like you guys &amp; there's plenty tea to keep me going 😃
[AGENT 535600] @244088 Really sorry to hear this, Jo :( Were the team able to offer you anything else at all? ^HP
[CUSTOMER 535601] @VirginTrains Only so many panettone you can eat Lol, all the staff are great, it wasn't their fault the food wasn't put on the train, thanks ☺","[535602, 535600, 535601]"
case_539546,dev_calibration,3,long_5-8,week_2017-11-27,5,False,unresolved,False,2017-12-02 14:49:48+00:00,242883,conv_539546,@VirginTrains I did not pick up my tickets or travel today (chose to drive) can i get refund please #Euston,"Type: unresolved. Outcome: customer_followup_unanswered. Brand agent turns: 2. Signals seen: clarification_requested, other. Evidence: [tweet 539542, other] ""Ok Kev, was the service you were booked to travel on cancelled?""","[CUSTOMER 539546] @VirginTrains I did not pick up my tickets or travel today (chose to drive) can i get refund please #Euston
[AGENT 539545] @242883 Where did you purchase your tickets? ^MM
[CUSTOMER 539544] @VirginTrains Your website as always.
[AGENT 539542] @242883 Ok Kev, was the service you were booked to travel on cancelled? ^HP
[CUSTOMER 539543] @VirginTrains Yeah one was cancelled and one was 40 mins delayed","[539546, 539545, 539544, 539542, 539543]"
case_541930,dev_calibration,6,medium_3-4,week_2017-11-27,4,True,account_action,True,2017-12-02 15:34:01+00:00,245768,conv_541930,"@VirginTrains Hi, me and my girlfriend have booked tickets separately and want to sit together. Is it possible for you to change our seats? She can't do it through the website as booked with trainline. I booked direct.","Type: account_action. Outcome: agent_closed. Brand agent turns: 2. Signals seen: account_action, redirected_to_dm, clarification_requested. Evidence: [tweet 541927, account_action] ""No problem at all, we have reserved two seats together on this service for you.""; [tweet 541927, redirected_to_dm] ""I'll send your confirmation via DM for you now""","[CUSTOMER 541930] @VirginTrains Hi, me and my girlfriend have booked tickets separately and want to sit together. Is it possible for you to change our seats? She can't do it through the website as booked with trainline. I booked direct.
[AGENT 541929] @245768 Which service are you travelling on? ^MM
[CUSTOMER 541928] @VirginTrains It's Manchester Piccadilly to London Euston return. 18th December outbound @24690 returning 20th December @104512.
[AGENT 541927] @245768 @24690 No problem at all, we have reserved two seats together on this service for you. I'll send your confirmation via DM for you now ^HP","[541930, 541929, 541928, 541927]"
case_546168,train_retrieval,11,short_1-2,week_2017-11-27,1,False,unresolved,False,2017-12-02 17:30:26+00:00,246988,conv_546169,"@VirginTrains @246987 If the login page doesn't come up open a browser session and put the IP address of the router, which is usually http:/
192.168.8.1",Brand never replied in the public thread (outcome: no_response).,"[CUSTOMER 546168] @VirginTrains @246987 If the login page doesn't come up open a browser session and put the IP address of the router, which is usually http:/ 192.168.8.1",[546168]
case_553009,train_retrieval,8,long_5-8,week_2017-11-27,5,False,self_service,False,2017-12-02 19:47:43+00:00,248971,conv_553009,@VirginTrains could u please pass on my thanks 2 shop staff on the 2303 from COV to WVH on 25/11/17 ? I was distraught &amp; they were awesome,"Type: self_service. Outcome: customer_followup_unanswered. Brand agent turns: 1. Signals seen: self_service. Evidence: [tweet 553005, self_service] ""They sound great, please feel free to praise them here - https://t.co/JBSnIlTv4Y""","[CUSTOMER 553009] @VirginTrains could u please pass on my thanks 2 shop staff on the 2303 from COV to WVH on 25/11/17 ? I was distraught &amp; they were awesome
[AGENT 553005] @248971 They sound great, please feel free to praise them here - https://t.co/JBSnIlTv4Y ^MW
[CUSTOMER 553007] @VirginTrains I'd lost my wallet with everything in, including £100 worth of train tickets &amp; I tried 2 buy some water, realised I had no way
[CUSTOMER 553006] @VirginTrains 2/2 of paying for it &amp; the lady gave me a small bottle free of charge
[CUSTOMER 553008] @VirginTrains Praise submitted","[553009, 553005, 553007, 553006, 553008]"
case_553025,train_retrieval,10,short_1-2,week_2017-11-27,2,False,other,False,2017-12-02 20:48:59+00:00,249771,conv_553021,@VirginTrains Can I use my ticket to Manchester to travel via Sheffield tomorrow morning? It would seem to be a reasonbale route.,"Type: other. Outcome: agent_answered_unconfirmed. Brand agent turns: 1. Signals seen: other. Evidence: [tweet 555733, other] ""You can yes Peter""","[CUSTOMER 553025] @VirginTrains Can I use my ticket to Manchester to travel via Sheffield tomorrow morning? It would seem to be a reasonbale route.
[AGENT 555733] @249771 You can yes Peter ^MW","[553025, 555733]"
case_563746,train_retrieval,1,medium_3-4,week_2017-11-27,3,False,refund,False,2017-12-02 22:51:18+00:00,252008,conv_563746,@VirginTrains I've reserved a seat on the train from Edinburgh to Preston on 22nd December. How will the strike affect me?,"Type: refund. Outcome: agent_answered_unconfirmed. Brand agent turns: 2. Signals seen: refund, self_service. Evidence: [tweet 563745, refund] ""If you wish to not travel due to strike action, you can receive a full refund from point of purchase.""","[CUSTOMER 563746] @VirginTrains I've reserved a seat on the train from Edinburgh to Preston on 22nd December. How will the strike affect me?
[AGENT 563747] @252008 We don't have a timetable in place for these dates yet. Once we do we will post it for our customers to see. All up to date information can be found here https://t.co/zjfzOVqxrc. 1/2 https://t.co/hhfk9c3ylv
[AGENT 563745] @252008 We are making every effort to run a majority of services. If you wish to not travel due to strike action, you can receive a full refund from point of purchase. ^OL","[563746, 563747, 563745]"
case_565650,train_retrieval,8,short_1-2,week_2017-11-27,1,False,unresolved,False,2017-12-03 01:03:55+00:00,151523,conv_565660,"@VirginTrains @252575 Chiltern to Moor st, LM to Crewe then across from there.",Brand never replied in the public thread (outcome: no_response).,"[CUSTOMER 565650] @VirginTrains @252575 Chiltern to Moor st, LM to Crewe then across from there.",[565650]
case_577558,dev_calibration,9,medium_3-4,week_2017-11-27,3,True,information_provided,False,2017-12-03 09:45:27+00:00,255953,conv_577558,@VirginTrains hi we are booked on the 11:15 from manc to eust.  Can we go from man &gt; Leeds and then Leeds &gt; Stevenage,"Type: information_provided. Outcome: customer_confirmed. Brand agent turns: 1. Signals seen: information_provided. Evidence: [tweet 577556, information_provided] ""HI Vix, this will be valid with your ticket as we have ticket acceptance in place with TPE and Virgin Trains East Coast.""","[CUSTOMER 577558] @VirginTrains hi we are booked on the 11:15 from manc to eust. Can we go from man &gt; Leeds and then Leeds &gt; Stevenage
[AGENT 577556] @255953 HI Vix, this will be valid with your ticket as we have ticket acceptance in place with TPE and Virgin Trains East Coast. ^BT
[CUSTOMER 577557] @VirginTrains Thanks. I think they might do that then.","[577558, 577556, 577557]"
case_583239,train_retrieval,3,short_1-2,week_2017-11-27,2,False,refund,False,2017-12-03 13:21:34+00:00,257544,conv_583239,@VirginTrains my train has been cancelled and I have had to make alternative arragements to collect my 5 year old son off a flight into Liverpool can i claim compensation London Houston - Liverpool Lime Street 11.15 today,"Type: refund. Outcome: agent_awaiting_customer. Brand agent turns: 1. Signals seen: refund, clarification_requested. Evidence: [tweet 583238, refund] ""If so, you can get a refund from point of purchase.""","[CUSTOMER 583239] @VirginTrains my train has been cancelled and I have had to make alternative arragements to collect my 5 year old son off a flight into Liverpool can i claim compensation London Houston - Liverpool Lime Street 11.15 today
[AGENT 583238] @257544 Sorry to hear your train was cancelled today. Did you abandon travel altogether? If so, you can get a refund from point of purchase. ^BT","[583239, 583238]"
case_585446,train_retrieval,1,medium_3-4,week_2017-11-27,3,False,unresolved,False,2017-12-03 14:17:20+00:00,235239,conv_585446,@VirginTrains are trains running to Stockport from Euston ok now? We are booked on and need to know thanks,"Type: unresolved. Outcome: customer_followup_unanswered. Brand agent turns: 1. Signals seen: clarification_requested. Evidence: [tweet 585444, clarification_requested] ""Which service are you booked on?""","[CUSTOMER 585446] @VirginTrains are trains running to Stockport from Euston ok now? We are booked on and need to know thanks
[AGENT 585444] @235239 Services are now running through to Euston. Which service are you booked on? ^BT
[CUSTOMER 585445] @VirginTrains We aren’t booked but planning to get train 3.30 ish will we be ok u think?","[585446, 585444, 585445]"
case_585357,dev_calibration,1,medium_3-4,week_2017-11-27,4,True,compensation,False,2017-12-03 14:50:42+00:00,258187,conv_585357,"@VirginTrains Waiting at Preston for my delayed train back to Glasgow. Am going to miss my connection in Glasgow now, facing a long wait for my next train. Not impressed at all","Type: compensation. Outcome: agent_closed. Brand agent turns: 2. Signals seen: compensation, self_service, information_provided. Evidence: [tweet 585355, compensation] ""You can claim Delay Repay compensation here: https://t.co/70zRXy5kSz""","[CUSTOMER 585357] @VirginTrains Waiting at Preston for my delayed train back to Glasgow. Am going to miss my connection in Glasgow now, facing a long wait for my next train. Not impressed at all
[AGENT 585355] @258187 So sorry for your experience, Barb. Unfortunately we've experienced major disruption across our network due to emergency overhead line repairs. You can claim Delay Repay compensation here: https://t.co/70zRXy5kSz ^HP
[CUSTOMER 585356] @VirginTrains Thank you, hopefully won’t have too much longer to wait
[AGENT 585358] @258187 No problem, Barb, hope you're on the move again quickly ^HP","[585357, 585355, 585356, 585358]"
case_586656,train_retrieval,5,short_1-2,week_2017-11-27,2,False,refund,False,2017-12-03 14:54:32+00:00,258540,conv_586656,"@VirginTrains All Euston-Manc trains canc this morn.Went to kingX to get2leeds, also canc! Now goin York.I will be expecting a full refund!","Type: refund. Outcome: redirected_to_channel. Brand agent turns: 1. Signals seen: refund, compensation, self_service. Evidence: [tweet 586655, refund] ""You can make a claim for a refund by contacting our Customer Resolutions team here: https://t.co/es074aPikG""","[CUSTOMER 586656] @VirginTrains All Euston-Manc trains canc this morn.Went to kingX to get2leeds, also canc! Now goin York.I will be expecting a full refund!
[AGENT 586655] @258540 So sorry for your experience, Richard. You can make a claim for a refund by contacting our Customer Resolutions team here: https://t.co/es074aPikG ^HP","[586656, 586655]"
case_586637,dev_calibration,8,short_1-2,week_2017-11-27,2,True,compensation,False,2017-12-03 14:59:42+00:00,258533,conv_586637,Big thanks to @VirginTrains staff on delayed 12:20 from london euston to Wolverhampton They helped people find seats on a packed train gave regular updates of arrival times and even made us laugh by ending one announcement with remember you are unique it made stress into laughter,"Type: compensation. Outcome: agent_closed. Brand agent turns: 1. Signals seen: compensation, self_service. Evidence: [tweet 586636, compensation] ""You can claim Delay Repay online here: https://t.co/Ba3T0Ep1WI.""","[CUSTOMER 586637] Big thanks to @VirginTrains staff on delayed 12:20 from london euston to Wolverhampton They helped people find seats on a packed train gave regular updates of arrival times and even made us laugh by ending one announcement with remember you are unique it made stress into laughter
[AGENT 586636] @258533 Ahh love this, Leanne! So glad to hear the team were able to help make the situation more bearable. We're so sorry for any inconvenience caused to you today. You can claim Delay Repay online here: https://t.co/Ba3T0Ep1WI. Thanks for getting in touch ^HP","[586637, 586636]"
case_591821,train_retrieval,3,medium_3-4,week_2017-11-27,3,True,self_service,False,2017-12-03 17:06:09+00:00,260042,conv_591821,"@VirginTrains the conductor has told us there is compensation as there are no 1st class services, pls advise how to claim, 16 37 from Euston to Manchester, TY","Type: self_service. Outcome: customer_confirmed. Brand agent turns: 1. Signals seen: self_service. Evidence: [tweet 591819, self_service] ""To apply for this please follow the link here https://t.co/5ymgVzWGgr""","[CUSTOMER 591821] @VirginTrains the conductor has told us there is compensation as there are no 1st class services, pls advise how to claim, 16 37 from Euston to Manchester, TY
[AGENT 591819] @260042 Sorry for this David. To apply for this please follow the link here https://t.co/5ymgVzWGgr ^BT
[CUSTOMER 591820] @VirginTrains Many thanks, bad day on the trains!","[591821, 591819, 591820]"
case_599642,train_retrieval,8,short_1-2,week_2017-11-27,2,False,redirected_to_other_operator,False,2017-12-03 20:01:16+00:00,262259,conv_599643,@258521 @VirginTrains Thank you for making our hour delay a little more interesting on the 15.03 Kings x to Leeds -listening  to the cheerful banter between the Hull ladies and yourself. #WASPI woman.,"Type: redirected_to_other_operator. Outcome: agent_answered_unconfirmed. Brand agent turns: 1. Signals seen: redirected_to_other_operator. Evidence: [tweet 599641, redirected_to_other_operator] ""Actually looks like a @120576 you're travelling on today, Heather""","[CUSTOMER 599642] @258521 @VirginTrains Thank you for making our hour delay a little more interesting on the 15.03 Kings x to Leeds -listening to the cheerful banter between the Hull ladies and yourself. #WASPI woman.
[AGENT 599641] @262259 @258521 Actually looks like a @120576 you're travelling on today, Heather ^MW","[599642, 599641]"
case_602045,train_retrieval,1,short_1-2,week_2017-11-27,2,True,self_service,False,2017-12-03 20:37:32+00:00,262894,conv_602045,Train Manager on the 17:05 from Euston to Lime Street @VirginTrains was pretty spectactual given huge pressures!,"Type: self_service. Outcome: agent_closed. Brand agent turns: 1. Signals seen: self_service. Evidence: [tweet 602044, self_service] ""Glad to hear it, please feel free to praise them here - https://t.co/hjR7v4NiSL""","[CUSTOMER 602045] Train Manager on the 17:05 from Euston to Lime Street @VirginTrains was pretty spectactual given huge pressures!
[AGENT 602044] @262894 Glad to hear it, please feel free to praise them here - https://t.co/hjR7v4NiSL ^MW","[602045, 602044]"
